#
# There is insufficient memory for the Java Runtime Environment to continue.
# Native memory allocation (mmap) failed to map 65536 bytes. Error detail: Failed to commit metaspace.
# Possible reasons:
#   The system is out of physical RAM or swap space
#   This process is running with CompressedOops enabled, and the Java Heap may be blocking the growth of the native heap
# Possible solutions:
#   Reduce memory load on the system
#   Increase physical memory or swap space
#   Check if swap backing store is full
#   Decrease Java heap size (-Xmx/-Xms)
#   Decrease number of Java threads
#   Decrease Java thread stack sizes (-Xss)
#   Set larger code cache with -XX:ReservedCodeCacheSize=
#   JVM is running with Unscaled Compressed Oops mode in which the Java heap is
#     placed in the first 4GB address space. The Java Heap base address is the
#     maximum limit for the native heap growth. Please use -XX:HeapBaseMinAddress
#     to set the Java Heap base and to place the Java Heap above 4GB virtual address.
# This output file may be truncated or incomplete.
#
#  Out of Memory Error (virtualSpaceNode.cpp:110), pid=7312, tid=10684
#
# JRE version: OpenJDK Runtime Environment Temurin-17.0.11+9 (17.0.11+9) (build 17.0.11+9)
# Java VM: OpenJDK 64-Bit Server VM Temurin-17.0.11+9 (17.0.11+9, mixed mode, tiered, compressed oops, compressed class ptrs, g1 gc, windows-amd64)
# No core dump will be written. Minidumps are not enabled by default on client versions of Windows
#

---------------  S U M M A R Y ------------

Command Line: -Dosgi.requiredJavaVersion=1.8 -Dosgi.instance.area.default=@user.home/STM32CubeIDE/workspace_1.16.0 -Declipse.buildId=Version 1.16.0 -DproductMaturityGrade=mm -Djdk.http.auth.tunneling.disabledSchemes= -XX:+UseG1GC -XX:+UseStringDeduplication -Xms256m -Xmx1024m -Djavax.net.ssl.trustStoreType=WINDOWS-ROOT 

Host: 11th Gen Intel(R) Core(TM) i7-1165G7 @ 2.80GHz, 8 cores, 15G,  Windows 10 , 64 bit Build 19041 (10.0.19041.4717)
Time: Tue Aug 20 00:54:09 2024 Pacific Daylight Time elapsed time: 15979.593531 seconds (0d 4h 26m 19s)

---------------  T H R E A D  ---------------

Current thread (0x000001a043293c80):  JavaThread "main" [_thread_in_vm, id=10684, stack(0x0000001333600000,0x0000001333700000)]

Stack: [0x0000001333600000,0x0000001333700000]
Native frames: (J=compiled Java code, j=interpreted, Vv=VM code, C=native code)
V  [jvm.dll+0x67d429]
V  [jvm.dll+0x834b7a]
V  [jvm.dll+0x83663e]
V  [jvm.dll+0x836ca3]
V  [jvm.dll+0x247dbf]
V  [jvm.dll+0x83083b]
V  [jvm.dll+0x621d56]
V  [jvm.dll+0x1c1b3e]
V  [jvm.dll+0x6246b1]
V  [jvm.dll+0x6226f6]
V  [jvm.dll+0x2456cc]
V  [jvm.dll+0x6d424d]
V  [jvm.dll+0x6d4c8f]
V  [jvm.dll+0x3734b4]
V  [jvm.dll+0x372534]
V  [jvm.dll+0x3724d8]
V  [jvm.dll+0x562b4f]
V  [jvm.dll+0x562bf8]
V  [jvm.dll+0x38612b]
V  [jvm.dll+0x385be2]
C  0x000001a052e089ff

The last pc belongs to getstatic (printed below).
Java frames: (J=compiled Java code, j=interpreted, Vv=VM code)
j  org.eclipse.ui.statushandlers.WorkbenchErrorHandler.handle(Lorg/eclipse/ui/statushandlers/StatusAdapter;I)V+1
j  org.eclipse.ui.internal.ide.IDEWorkbenchErrorHandler.handle(Lorg/eclipse/ui/statushandlers/StatusAdapter;I)V+71
j  org.eclipse.ui.internal.WorkbenchErrorHandlerProxy.handle(Lorg/eclipse/ui/statushandlers/StatusAdapter;I)V+11
j  org.eclipse.ui.statushandlers.StatusManager.handle(Lorg/eclipse/ui/statushandlers/StatusAdapter;I)V+74
j  org.eclipse.ui.statushandlers.StatusManager.handle(Lorg/eclipse/core/runtime/IStatus;I)V+12
j  org.eclipse.ui.statushandlers.StatusManager.handle(Lorg/eclipse/core/runtime/IStatus;)V+3
j  org.eclipse.ui.application.WorkbenchAdvisor.eventLoopException(Ljava/lang/Throwable;)V+22
j  org.eclipse.ui.internal.Workbench$1.eventLoopException(Ljava/lang/Throwable;)V+5
j  org.eclipse.e4.ui.internal.workbench.swt.PartRenderingEngine$5.handle(Ljava/lang/Throwable;Lorg/eclipse/e4/ui/internal/workbench/swt/IEventLoopAdvisor;)V+2
J 34943% c2 org.eclipse.e4.ui.internal.workbench.swt.PartRenderingEngine$5.run()V (690 bytes) @ 0x000001a0551476f4 [0x000001a0551468e0+0x0000000000000e14]
j  org.eclipse.core.databinding.observable.Realm.runWithDefault(Lorg/eclipse/core/databinding/observable/Realm;Ljava/lang/Runnable;)V+12
j  org.eclipse.e4.ui.internal.workbench.swt.PartRenderingEngine.run(Lorg/eclipse/e4/ui/model/application/MApplicationElement;Lorg/eclipse/e4/core/contexts/IEclipseContext;)Ljava/lang/Object;+57
j  org.eclipse.e4.ui.internal.workbench.E4Workbench.createAndRunUI(Lorg/eclipse/e4/ui/model/application/MApplicationElement;)V+20
j  org.eclipse.ui.internal.Workbench.lambda$3(Lorg/eclipse/swt/widgets/Display;Lorg/eclipse/ui/application/WorkbenchAdvisor;[I)V+382
j  org.eclipse.ui.internal.Workbench$$Lambda$243+0x0000000100289dc8.run()V+12
j  org.eclipse.core.databinding.observable.Realm.runWithDefault(Lorg/eclipse/core/databinding/observable/Realm;Ljava/lang/Runnable;)V+12
j  org.eclipse.ui.internal.Workbench.createAndRunWorkbench(Lorg/eclipse/swt/widgets/Display;Lorg/eclipse/ui/application/WorkbenchAdvisor;)I+16
j  org.eclipse.ui.PlatformUI.createAndRunWorkbench(Lorg/eclipse/swt/widgets/Display;Lorg/eclipse/ui/application/WorkbenchAdvisor;)I+2
j  org.eclipse.ui.internal.ide.application.IDEApplication.start(Lorg/eclipse/equinox/app/IApplicationContext;)Ljava/lang/Object;+113
j  org.eclipse.equinox.internal.app.EclipseAppHandle.run(Ljava/lang/Object;)Ljava/lang/Object;+138
j  org.eclipse.core.runtime.internal.adaptor.EclipseAppLauncher.runApplication(Ljava/lang/Object;)Ljava/lang/Object;+85
j  org.eclipse.core.runtime.internal.adaptor.EclipseAppLauncher.start(Ljava/lang/Object;)Ljava/lang/Object;+79
j  org.eclipse.core.runtime.adaptor.EclipseStarter.run(Ljava/lang/Object;)Ljava/lang/Object;+99
j  org.eclipse.core.runtime.adaptor.EclipseStarter.run([Ljava/lang/String;Ljava/lang/Runnable;)Ljava/lang/Object;+132
v  ~StubRoutines::call_stub
j  jdk.internal.reflect.NativeMethodAccessorImpl.invoke0(Ljava/lang/reflect/Method;Ljava/lang/Object;[Ljava/lang/Object;)Ljava/lang/Object;+0 java.base@17.0.11
j  jdk.internal.reflect.NativeMethodAccessorImpl.invoke(Ljava/lang/Object;[Ljava/lang/Object;)Ljava/lang/Object;+133 java.base@17.0.11
j  jdk.internal.reflect.DelegatingMethodAccessorImpl.invoke(Ljava/lang/Object;[Ljava/lang/Object;)Ljava/lang/Object;+6 java.base@17.0.11
j  java.lang.reflect.Method.invoke(Ljava/lang/Object;[Ljava/lang/Object;)Ljava/lang/Object;+59 java.base@17.0.11
j  org.eclipse.equinox.launcher.Main.invokeFramework([Ljava/lang/String;[Ljava/net/URL;)V+201
j  org.eclipse.equinox.launcher.Main.basicRun([Ljava/lang/String;)V+159
j  org.eclipse.equinox.launcher.Main.run([Ljava/lang/String;)I+4
v  ~StubRoutines::call_stub
getstatic  178 getstatic  [0x000001a052e08960, 0x000001a052e08b60]  512 bytes
[MachCode]
  0x000001a052e08960: 4883 ec08 | c5fa 1104 | 24eb 1f48 | 83ec 10c5 | fb11 0424 | eb14 4883 | ec10 4889 | 0424 48c7 
  0x000001a052e08980: 4424 0800 | 0000 00eb | 0150 410f | b755 0148 | 8b4d d0c1 | e202 8b5c | d120 c1eb | 1081 e3ff 
  0x000001a052e089a0: 0000 0081 | fbb2 0000 | 000f 84b6 | 0000 00bb | b200 0000 | e805 0000 | 00e9 9b00 | 0000 488b 
  0x000001a052e089c0: d348 8d44 | 2408 4c89 | 6dc0 498b | cfc5 f877 | 4989 afa8 | 0200 0049 | 8987 9802 | 0000 4883 
  0x000001a052e089e0: ec20 f7c4 | 0f00 0000 | 0f84 1a00 | 0000 4883 | ec08 49ba | 805b e54d | fe7f 0000 | 41ff d248 
  0x000001a052e08a00: 83c4 08e9 | 0d00 0000 | 49ba 805b | e54d fe7f | 0000 41ff | d248 83c4 | 2049 c787 | 9802 0000 
  0x000001a052e08a20: 0000 0000 | 49c7 87a8 | 0200 0000 | 0000 0049 | c787 a002 | 0000 0000 | 0000 c5f8 | 7749 817f 
  0x000001a052e08a40: 0800 0000 | 000f 8405 | 0000 00e9 | b084 feff | 4c8b 6dc0 | 4c8b 75c8 | c341 0fb7 | 5501 488b 
  0x000001a052e08a60: 4dd0 c1e2 | 0248 8b5c | d130 8b44 | d138 4c8b | 4cd1 284d | 8b49 704d | 8b09 c1e8 | 1c83 e00f 
  0x000001a052e08a80: 0f85 0b00 | 0000 410f | be04 1950 | e9b1 0000 | 0083 f801 | 0f85 0b00 | 0000 410f | b604 1950 
  0x000001a052e08aa0: e99d 0000 | 0083 f808 | 0f85 0a00 | 0000 418b | 0419 50e9 | 8a00 0000 | 83f8 040f | 850a 0000 
  0x000001a052e08ac0: 0041 8b04 | 1950 e977 | 0000 0083 | f802 0f85 | 0b00 0000 | 410f b704 | 1950 e963 | 0000 0083 
  0x000001a052e08ae0: f803 0f85 | 0b00 0000 | 410f bf04 | 1950 e94f | 0000 0083 | f805 0f85 | 1a00 0000 | 498b 0419 
  0x000001a052e08b00: 4883 ec10 | 4889 0424 | 48c7 4424 | 0800 0000 | 00e9 2c00 | 0000 83f8 | 060f 8514 | 0000 00c4 
  0x000001a052e08b20: c17a 1004 | 1948 83ec | 08c5 fa11 | 0424 e90f | 0000 00c4 | c17b 1004 | 1948 83ec | 10c5 fb11 
  0x000001a052e08b40: 0424 410f | b65d 0349 | 83c5 0349 | bad0 a967 | 4efe 7f00 | 0041 ff24 | da0f 1f80 | 0000 0000 
[/MachCode]

Compiled method (c2) 15979739 34943 % !   4       org.eclipse.e4.ui.internal.workbench.swt.PartRenderingEngine$5::run @ 560 (690 bytes)
 total in heap  [0x000001a055146690,0x000001a0551485c8] = 7992
 relocation     [0x000001a0551467e8,0x000001a0551468c8] = 224
 main code      [0x000001a0551468e0,0x000001a0551477c0] = 3808
 stub code      [0x000001a0551477c0,0x000001a055147810] = 80
 oops           [0x000001a055147810,0x000001a055147868] = 88
 metadata       [0x000001a055147868,0x000001a055147a18] = 432
 scopes data    [0x000001a055147a18,0x000001a0551480b8] = 1696
 scopes pcs     [0x000001a0551480b8,0x000001a055148448] = 912
 dependencies   [0x000001a055148448,0x000001a0551484b8] = 112
 handler table  [0x000001a0551484b8,0x000001a055148530] = 120
 nul chk table  [0x000001a055148530,0x000001a0551485c8] = 152

[Constant Pool (empty)]

[MachCode]
[Verified Entry Point]
  # {method} {0x000001a063f52c10} 'run' '()V' in 'org/eclipse/e4/ui/internal/workbench/swt/PartRenderingEngine$5'
  0x000001a0551468e0: cc66 6666 | 0f1f 8400 | 0000 0000 | 6666 6690 | 8984 2400 | 90ff ff55 | 4883 ec60 | 488b 6a40 
  0x000001a055146900: 4c8b 6a10 | 8b5a 284d | 8b97 9002 | 0000 4d8b | 3248 8bca | 49ba 90c5 | b74d fe7f | 0000 41ff 
  0x000001a055146920: d248 85ed | 0f84 f609 | 0000 448b 

  0x000001a05514692c: ;   {metadata('org/eclipse/e4/ui/internal/workbench/swt/PartRenderingEngine$5')}
  0x000001a05514692c: 5d08 4181 | fb77 e70c | 200f 85f4 | 0600 004c | 8bd5 4d85 | ed0f 84e1 | 0900 0045 

  0x000001a055146948: ;   {metadata('org/eclipse/e4/ui/internal/workbench/swt/IEventLoopAdvisor')}
  0x000001a055146948: 8b45 0848 | b8f0 3c3e | 0001 0000 | 0048 33f6 | 4a8d 34c6 | 4c8b 5e20 | 4c3b d80f | 85a6 0600 
  0x000001a055146968: 004d 85d2 | 0f85 e701 | 0000 ba76 | ffff ff49 | 8bea 895c | 2420 4c89 

  0x000001a055146980: ;   {runtime_call UncommonTrapBlob}
  0x000001a055146980: 6c24 28e8 

  0x000001a055146984: ; ImmutableOopMap {rbp=Oop [40]=Oop }
                      ;*aload_0 {reexecute=0 rethrow=0 return_oop=0}
                      ; - org.eclipse.e4.ui.internal.workbench.swt.PartRenderingEngine$5::run@560 (line 1155)
  0x000001a055146984: 7837 d0fd | 448b 5c24 | 20e9 0701 | 0000 895c 

  0x000001a055146994: ;   {static_call}
  0x000001a055146994: 2424 90e8 

  0x000001a055146998: ; ImmutableOopMap {rbp=Oop [36]=NarrowOop [40]=Oop [48]=Oop [56]=Oop [64]=Oop }
                      ;*invokestatic WaitMessage {reexecute=0 rethrow=0 return_oop=0}
                      ; - org.eclipse.swt.widgets.Display::sleep@20 (line 4769)
                      ; - org.eclipse.ui.application.WorkbenchAdvisor::eventLoopIdle@1 (line 339)
                      ; - org.eclipse.ui.internal.ide.application.IDEWorkbenchAdvisor::eventLoopIdle@17 (line 993)
                      ; - org.eclipse.ui.internal.Workbench$1::eventLoopIdle@5 (line 483)
                      ; - org.eclipse.e4.ui.internal.workbench.swt.PartRenderingEngine$5::run@590 (line 1160)
  0x000001a055146998: 1c38 9afe | 448b 5c24 | 2445 8b93 | a801 0000 

  0x000001a0551469a8: ; implicit exception: dispatches to 0x000001a055147638
  0x000001a0551469a8: 418b 4a10 

  0x000001a0551469ac: ; implicit exception: dispatches to 0x000001a055147658
  0x000001a0551469ac: 448b 490c | 4585 c90f | 86dd 0000 | 0045 8bc1 | 41ff c845 | 3bc1 0f83 | 6208 0000 | 448b 5110 
  0x000001a0551469cc: 4183 fa35 | 0f84 a406 | 0000 458b | c141 83c0 | fd41 83f8 | 010f 8e65 | 0800 008b | 7424 2448 
  0x000001a0551469ec: 8bf9 bb01 | 0000 0041 | 8bd1 2bd3 | 83c2 fd45 | 33d2 443b | c341 0f4c | d281 faa0 | 0f00 0041 
  0x000001a055146a0c: baa0 0f00 | 0041 0f47 | d203 d366 | 0f1f 8400 | 0000 0000 | 448b 5499 | 1041 83fa | 350f 8439 
  0x000001a055146a2c: 0600 0044 | 8b5c 9914 | 4183 fb35 | 0f84 2f06 | 0000 448b | 5499 1841 | 83fa 350f | 8425 0600 
  0x000001a055146a4c: 0044 8b5c | 991c 4183 | fb35 0f84 | 1b06 0000 | 83c3 043b | da7c bd4d | 8b97 5803 

  0x000001a055146a68: ; ImmutableOopMap {rcx=NarrowOop rdi=Oop rsi=NarrowOop rbp=Oop [40]=Oop [48]=Oop [56]=Oop [64]=Oop }
                      ;*if_icmplt {reexecute=1 rethrow=0 return_oop=0}
                      ; - (reexecute) org.eclipse.swt.widgets.EventTable::hooks@42 (line 73)
                      ; - org.eclipse.swt.widgets.Display::sendJDKInternalEvent@12 (line 4242)
                      ; - org.eclipse.swt.widgets.Display::sendJDKInternalEvent@3 (line 4238)
                      ; - org.eclipse.swt.widgets.Display::sendPostExternalEventDispatchEvent@3 (line 4310)
                      ; - org.eclipse.swt.widgets.Display::sleep@25 (line 4770)
                      ; - org.eclipse.ui.application.WorkbenchAdvisor::eventLoopIdle@1 (line 339)
                      ; - org.eclipse.ui.internal.ide.application.IDEWorkbenchAdvisor::eventLoopIdle@17 (line 993)
                      ; - org.eclipse.ui.internal.Workbench$1::eventLoopIdle@5 (line 483)
                      ; - org.eclipse.e4.ui.internal.workbench.swt.PartRenderingEngine$5::run@590 (line 1160)
                      ;   {poll}
  0x000001a055146a68: 0000 4185 | 0241 3bd8 | 0f8c 7dff | ffff 448b | de41 3bd9 | 7d18 6690 | 448b 5499 | 1041 83fa 
  0x000001a055146a88: 350f 84eb | 0500 00ff | c341 3bd9 | 7cea 4533 | db4c 8b54 | 2430 418b | 4a0c 448b | 4120 4585 
  0x000001a055146aa8: c00f 855d | 0600 0044 | 8b49 2445 

  0x000001a055146ab4: ;   {metadata('org/eclipse/e4/ui/model/application/impl/ApplicationImpl')}
  0x000001a055146ab4: 8b41 0841 | 81f8 0cbe | 0720 0f85 | e805 0000 | 498b d944 | 8b43 4845 | 85c0 0f84 | ae03 0000 
  0x000001a055146ad4: 418b 4808 

  0x000001a055146ad8: ;   {metadata('org/eclipse/e4/ui/model/application/impl/ApplicationImpl$1')}
  0x000001a055146ad8: 81f9 7cf4 | 0720 0f85 | e405 0000 | 4d8b c845 | 8b41 1045 | 85c0 0f8e | 3006 0000 | 418b 4914 
  0x000001a055146af8: ; implicit exception: dispatches to 0x000001a055147518
  0x000001a055146af8: 8b79 0c85 | ff0f 86dd | 0500 008b | 5910 8b7b 

  0x000001a055146b08: ;   {metadata('org/eclipse/e4/ui/model/application/ui/basic/impl/TrimmedWindowImpl')}
  0x000001a055146b08: 0881 ffa4 | f207 200f | 857b 0900 | 0048 8bcb | 0fb6 592c | 85db 0f84 | 2806 0000 | 8b59 3085 
  0x000001a055146b28: db0f 844d | 0600 0045 | 8b42 1045 | 0fb6 481a | 4d8b 8758 

  0x000001a055146b3c: ; ImmutableOopMap {r10=Oop [40]=Oop [56]=Oop }
                      ;*ifeq {reexecute=1 rethrow=0 return_oop=0}
                      ; - (reexecute) org.eclipse.e4.ui.internal.workbench.swt.PartRenderingEngine$5::run@675 (line 1153)
                      ;   {poll}
  0x000001a055146b3c: 0300 0041 | 8500 4585 | c90f 855d | 0600 008b | 5c24 204c | 8b74 2428 | 4c8b 6c24 | 3845 8b5a 
  0x000001a055146b5c: 1045 85db | 0f84 2e05 | 0000 4c89 | 6c24 384c | 8954 2430 | 4c89 7424 | 2889 5c24 | 2049 8bd3 
  0x000001a055146b7c: ;   {optimized virtual_call}
  0x000001a055146b7c: 6666 90e8 

  0x000001a055146b80: ; ImmutableOopMap {[40]=Oop [48]=Oop [56]=Oop }
                      ;*invokevirtual readAndDispatch {reexecute=0 rethrow=0 return_oop=0}
                      ; - org.eclipse.e4.ui.internal.workbench.swt.PartRenderingEngine$5::run@564 (line 1155)
  0x000001a055146b80: bc6b 5700 | 85c0 0f85 | fcfd ffff | 4c8b 4424 | 3045 8b58 | 1445 8b53 

  0x000001a055146b98: ;   {metadata('org/eclipse/e4/core/internal/contexts/EclipseContext')}
  0x000001a055146b98: 0841 81fa | 0093 0620 | 0f85 2e06 | 0000 498b 

  0x000001a055146ba8: ;   {optimized virtual_call}
  0x000001a055146ba8: d366 90e8 

  0x000001a055146bac: ; ImmutableOopMap {[40]=Oop [48]=Oop [56]=Oop }
                      ;*invokeinterface processWaiting {reexecute=0 rethrow=0 return_oop=0}
                      ; - org.eclipse.e4.ui.internal.workbench.swt.PartRenderingEngine$5::run@574 (line 1156)
  0x000001a055146bac: 1006 8dff | 8b7c 2420 | 85ff 0f85 | fc06 0000 | 4c8b 5c24 | 3041 8b5b | 1048 8b74 | 2438 448b 
  0x000001a055146bcc: ;   {metadata('org/eclipse/ui/internal/Workbench$1')}
  0x000001a055146bcc: 5608 4181 | fa83 6b08 | 200f 850d | 0600 004c | 8bd6 458b | 4210 458b | 4834 418b | 490c 8b51 
  0x000001a055146bec: 1085 d20f | 8561 0600 | 0041 8b51 | 108b 4a10 | 85c9 0f85 | 8406 0000 

  0x000001a055146c04: ; implicit exception: dispatches to 0x000001a0551475b8
  0x000001a055146c04: 448b 83e4 | 0100 0045 | 85c0 0f84 | b406 0000 | 4d8b c848 | 8b4c 2428 | 4c3b c90f | 85bf 0600 
  0x000001a055146c24: 0044 0fb6 | 4b1a 4585 | c90f 85d1 | 0600 0044 | 8b83 d801 | 0000 458b | 4810 4585 | c90f 8479 
  0x000001a055146c44: 0500 004c | 8954 2440 | 4d8b d149 | 8d71 0c8b | 3e89 7c24 | 4848 8beb | 448b f348 | 8bcf 488b 
  0x000001a055146c64: d98b 7b0c | 85ff 750d | 448b 5b10 | 4585 db0f | 85eb 0100 | 0048 3bcb | 0f84 dd00 | 0000 4180 
  0x000001a055146c84: 7f38 000f | 85d8 0200 | 004c 8bd3 | 8b44 2448 | f044 0fb1 | 1641 0f94 | c545 0fb6 | ed45 85ed 
  0x000001a055146ca4: 742c 4c8b | d34c 8bde | 4d33 d349 | c1ea 144d | 85d2 741a | 49c1 eb09 | 48b9 0000 | f35a a001 
  0x000001a055146cc4: 0000 4903 | cb80 3904 | 0f85 f702 | 0000 4585 | ed0f 8484 | 0000 008b | 7424 4885 | f60f 84ce 
  0x000001a055146ce4: 0600 0048 | 8bde 4c8d | 6e10 4180 | 7f38 000f | 859d 0200 | 0041 8975 | 004c 8bd3 | 4d8b dd4d 
  0x000001a055146d04: 33d3 49c1 | ea14 4d85 | d274 5049 | c1eb 0948 | b900 00f3 | 5aa0 0100 | 0049 03cb | 8039 0474 
  0x000001a055146d24: 3a4d 8b57 | 404d 8b5f | 50f0 8344 | 24c0 0080 | 3900 7427 | 4488 214d | 85d2 7512 | 498b d749 
  0x000001a055146d44: ba40 4dda | 4dfe 7f00 | 0041 ffd2 | eb0d 4b89 | 4c13 f849 | 83c2 f84d | 8957 4085 | ff0f 852f 
  0x000001a055146d64: fdff ff41 | 8bde 448b | 8ba8 0100 | 0045 8b51 | 1045 8b5a | 0c45 85db | 0f86 d900 | 0000 458b 
  0x000001a055146d84: cb41 ffc9 | 453b cb0f | 836f 0400 | 0045 8b42 | 1041 83f8 | 340f 84b3 | 0200 0041 | 8bcb 83c1 
  0x000001a055146da4: fd83 f901 | 0f8e 7204 | 0000 8bc3 | 498b dabf | 0100 0000 | 418b d32b | d783 c2fd | 4533 c03b 
  0x000001a055146dc4: cf41 0f4c | d081 faa0 | 0f00 0041 | b9a0 0f00 | 0041 0f47 | d103 d70f | 1f44 0000 | 458b 44ba 
  0x000001a055146de4: 1041 83f8 | 340f 8455 | 0200 0045 | 8b4c ba14 | 4183 f934 | 0f84 4a02 | 0000 458b | 44ba 1841 
  0x000001a055146e04: 83f8 340f | 843f 0200 | 0045 8b44 | ba1c 4183 | f834 0f84 | 3402 0000 | 83c7 043b | fa7c bd4d 
  0x000001a055146e24: 8b87 5803 

  0x000001a055146e28: ; ImmutableOopMap {r10=NarrowOop rbx=Oop rax=NarrowOop rbp=Oop [40]=Oop [48]=Oop [56]=Oop [64]=Oop }
                      ;*if_icmplt {reexecute=1 rethrow=0 return_oop=0}
                      ; - (reexecute) org.eclipse.swt.widgets.EventTable::hooks@42 (line 73)
                      ; - org.eclipse.swt.widgets.Display::sendJDKInternalEvent@12 (line 4242)
                      ; - org.eclipse.swt.widgets.Display::sendJDKInternalEvent@3 (line 4238)
                      ; - org.eclipse.swt.widgets.Display::sendPreExternalEventDispatchEvent@3 (line 4301)
                      ; - org.eclipse.swt.widgets.Display::sleep@17 (line 4768)
                      ; - org.eclipse.ui.application.WorkbenchAdvisor::eventLoopIdle@1 (line 339)
                      ; - org.eclipse.ui.internal.ide.application.IDEWorkbenchAdvisor::eventLoopIdle@17 (line 993)
                      ; - org.eclipse.ui.internal.Workbench$1::eventLoopIdle@5 (line 483)
                      ; - org.eclipse.e4.ui.internal.workbench.swt.PartRenderingEngine$5::run@590 (line 1160)
                      ;   {poll}
  0x000001a055146e28: 0000 4185 | 003b f97c | 878b d841 | 3bfb 0f8d | 56fb ffff | 458b 44ba | 1041 83f8 | 340f 8407 
  0x000001a055146e48: 0200 00ff | c741 3bfb | 7cea 895c | 2424 e93b | fbff ff89 | 5c24 24e9 | 32fb ffff | 4d8b c349 
  0x000001a055146e68: 3bd8 0f84 | c405 0000 | 4d8b 9f58 

  0x000001a055146e74: ; ImmutableOopMap {r10=Oop r8=Oop r9=NarrowOop rcx=Oop rsi=Derived_oop_r10 rbp=Oop r14=NarrowOop [40]=Oop [48]=Oop [56]=Oop [64]=Oop [72]=NarrowOop }
                      ;*goto {reexecute=1 rethrow=0 return_oop=0}
                      ; - (reexecute) java.util.concurrent.ConcurrentLinkedQueue::first@62 (line 429)
                      ; - java.util.concurrent.ConcurrentLinkedQueue::isEmpty@1 (line 447)
                      ; - org.eclipse.swt.widgets.Synchronizer::isMessagesEmpty@4 (line 105)
                      ; - org.eclipse.swt.widgets.Display::sleep@8 (line 4767)
                      ; - org.eclipse.ui.application.WorkbenchAdvisor::eventLoopIdle@1 (line 339)
                      ; - org.eclipse.ui.internal.ide.application.IDEWorkbenchAdvisor::eventLoopIdle@17 (line 993)
                      ; - org.eclipse.ui.internal.Workbench$1::eventLoopIdle@5 (line 483)
                      ; - org.eclipse.e4.ui.internal.workbench.swt.PartRenderingEngine$5::run@590 (line 1160)
                      ;   {poll}
  0x000001a055146e74: 0300 0041 | 8503 498b | d8e9 e3fd | ffff 4d8b | 8f08 0100 | 004d 8bc1 | 4983 c030 | 4d3b 8718 
  0x000001a055146e94: 0100 000f | 8371 0500 | 0048 895c | 2440 4489 | 5c24 244d | 8987 0801 | 0000 410f | 0d88 c000 
  0x000001a055146eb4: 0000 49c7 | 0101 0000 | 004d 8bd9 | 4983 c320 

  0x000001a055146ec4: ;   {metadata('org/eclipse/e4/ui/model/application/impl/ApplicationImpl$1')}
  0x000001a055146ec4: 41c7 4108 | 7cf4 0720 | 498b c948 | 83c1 1045 | 8961 0cc5 | f5ef c9c5 | f9d6 0945 | 8961 1cc5 
  0x000001a055146ee4: fdef c062 | d1fe 087f 

  0x000001a055146eec: ;   {oop(a 'java/lang/Class'{0x00000000c09b7da0} = 'org/eclipse/e4/ui/model/application/ui/basic/MWindow')}
  0x000001a055146eec: 0341 c741 | 18a0 7d9b | c048 8b5c | 2440 4c8b | db45 8959 | 2845 8959 | 1c41 c741 | 2010 0000 
  0x000001a055146f0c: 0041 c741 | 240a 0000 | 0041 807f | 3800 0f85 | 1004 0000 | 4d8b d14d | 8bc1 4489 | 4348 4c8b 
  0x000001a055146f2c: db4d 33d3 | 49c1 ea14 | 4d85 d274 | 1a49 c1eb | 0948 b900 | 00f3 5aa0 | 0100 0049 | 03cb 8039 
  0x000001a055146f4c: 040f 8510 | 0400 004d | 8bc1 4c8b | 5424 3044 | 8b5c 2424 | e96f fbff | ff44 8b6c | 2448 4585 
  0x000001a055146f6c: ed0f 841a | fdff ff4d | 8b57 204d | 85d2 0f84 | 6404 0000 | 4d8b 5f30 | 4b89 4c13 | f849 83c2 
  0x000001a055146f8c: f84d 8957 | 20e9 f7fc | ffff 458b | 5d00 4585 | db0f 8456 | fdff ff4d | 8b57 2049 | 8bcb 4d85 
  0x000001a055146fac: d20f 8446 | 0400 004d | 8b5f 304b | 894c 13f8 | 4983 c2f8 | 4d89 5720 | e930 fdff | ff4d 8b57 
  0x000001a055146fcc: 404d 8b5f | 50f0 8344 | 24c0 0080 | 3900 0f84 | f2fc ffff | 4488 214d | 85d2 7515 | 498b d749 
  0x000001a055146fec: ba40 4dda | 4dfe 7f00 | 0041 ffd2 | e9d5 fcff | ff4b 894c | 13f8 4983 | c2f8 4d89 | 5740 e9c3 
  0x000001a05514700c: fcff ff48 | 8b7e 288b | 0f48 83c7 | 0848 85c0 | f248 af0f | 8504 0000 | 0048 8946 | 200f 843a 
  0x000001a05514702c: f9ff ffba | 8dff ffff | 895c 2420 | 4c89 6c24 

  0x000001a05514703c: ;   {runtime_call UncommonTrapBlob}
  0x000001a05514703c: 2866 90e8 

  0x000001a055147040: ; ImmutableOopMap {rbp=Oop [40]=Oop }
                      ;*aload_0 {reexecute=0 rethrow=0 return_oop=0}
                      ; - org.eclipse.e4.ui.internal.workbench.swt.PartRenderingEngine$5::run@560 (line 1155)
  0x000001a055147040: bc30 d0fd | 8bd8 eb0a | 8bd8 eb06 | 8bd8 eb02 | 8bd8 ba45 | ffff ff48 | 8b6c 2430 | 895c 242c 
  0x000001a055147060: ;   {runtime_call UncommonTrapBlob}
  0x000001a055147060: 6666 90e8 

  0x000001a055147064: ; ImmutableOopMap {rbp=Oop [44]=NarrowOop [64]=Oop }
                      ;*ifne {reexecute=1 rethrow=0 return_oop=0}
                      ; - (reexecute) org.eclipse.swt.widgets.Display::sendJDKInternalEvent@15 (line 4242)
                      ; - org.eclipse.swt.widgets.Display::sendJDKInternalEvent@3 (line 4238)
                      ; - org.eclipse.swt.widgets.Display::sendPreExternalEventDispatchEvent@3 (line 4301)
                      ; - org.eclipse.swt.widgets.Display::sleep@17 (line 4768)
                      ; - org.eclipse.ui.application.WorkbenchAdvisor::eventLoopIdle@1 (line 339)
                      ; - org.eclipse.ui.internal.ide.application.IDEWorkbenchAdvisor::eventLoopIdle@17 (line 993)
                      ; - org.eclipse.ui.internal.Workbench$1::eventLoopIdle@5 (line 483)
                      ; - org.eclipse.e4.ui.internal.workbench.swt.PartRenderingEngine$5::run@590 (line 1160)
  0x000001a055147064: 9830 d0fd | 448b deeb | 0d44 8bde | eb08 448b | deeb 0344 | 8bde ba45 | ffff ff48 | 8b6c 2430 
  0x000001a055147084: 8944 2428 | 4489 5c24 

  0x000001a05514708c: ;   {runtime_call UncommonTrapBlob}
  0x000001a05514708c: 2c66 90e8 

  0x000001a055147090: ; ImmutableOopMap {rbp=Oop [44]=NarrowOop [64]=Oop }
                      ;*ifne {reexecute=1 rethrow=0 return_oop=0}
                      ; - (reexecute) org.eclipse.swt.widgets.Display::sendJDKInternalEvent@15 (line 4242)
                      ; - org.eclipse.swt.widgets.Display::sendJDKInternalEvent@3 (line 4238)
                      ; - org.eclipse.swt.widgets.Display::sendPostExternalEventDispatchEvent@3 (line 4310)
                      ; - org.eclipse.swt.widgets.Display::sleep@25 (line 4770)
                      ; - org.eclipse.ui.application.WorkbenchAdvisor::eventLoopIdle@1 (line 339)
                      ; - org.eclipse.ui.internal.ide.application.IDEWorkbenchAdvisor::eventLoopIdle@17 (line 993)
                      ; - org.eclipse.ui.internal.Workbench$1::eventLoopIdle@5 (line 483)
                      ; - org.eclipse.e4.ui.internal.workbench.swt.PartRenderingEngine$5::run@590 (line 1160)
  0x000001a055147090: 6c30 d0fd | baf6 ffff | ff49 8bea | 895c 2420 | 4c89 6c24 

  0x000001a0551470a4: ;   {runtime_call UncommonTrapBlob}
  0x000001a0551470a4: 2866 90e8 

  0x000001a0551470a8: ; ImmutableOopMap {rbp=Oop [40]=Oop }
                      ;*invokevirtual readAndDispatch {reexecute=0 rethrow=0 return_oop=0}
                      ; - org.eclipse.e4.ui.internal.workbench.swt.PartRenderingEngine$5::run@564 (line 1155)
  0x000001a0551470a8: 5430 d0fd | bade ffff | ff49 8bea | 4489 5c24 | 2089 4c24 | 2444 894c 

  0x000001a0551470c0: ;   {runtime_call UncommonTrapBlob}
  0x000001a0551470c0: 2430 90e8 

  0x000001a0551470c4: ; ImmutableOopMap {rbp=Oop [36]=NarrowOop [48]=NarrowOop [56]=Oop }
                      ;*invokeinterface getChildren {reexecute=0 rethrow=0 return_oop=0}
                      ; - org.eclipse.e4.ui.internal.workbench.swt.PartRenderingEngine$5::run@657 (line 1153)
  0x000001a0551470c4: 3830 d0fd | bade ffff | ff49 8bea | 4489 5c24 | 2044 8944 

  0x000001a0551470d8: ;   {runtime_call UncommonTrapBlob}
  0x000001a0551470d8: 2430 90e8 

  0x000001a0551470dc: ; ImmutableOopMap {rbp=Oop [48]=NarrowOop [56]=Oop }
                      ;*invokeinterface size {reexecute=0 rethrow=0 return_oop=0}
                      ; - org.eclipse.e4.ui.internal.workbench.swt.PartRenderingEngine::someAreVisible@1 (line 1198)
                      ; - org.eclipse.e4.ui.internal.workbench.swt.PartRenderingEngine$5::run@662 (line 1152)
  0x000001a0551470dc: 2030 d0fd | bae4 ffff | ff49 8bea | 4489 5c24 | 204c 8b54 | 2438 4c89 | 5424 2844 | 8944 2424 
  0x000001a0551470fc: 4c89 4c24 | 3889 4c24 

  0x000001a055147104: ;   {runtime_call UncommonTrapBlob}
  0x000001a055147104: 4066 90e8 

  0x000001a055147108: ; ImmutableOopMap {rbp=Oop [40]=Oop [56]=Oop [64]=NarrowOop }
                      ;*aaload {reexecute=0 rethrow=0 return_oop=0}
                      ; - org.eclipse.emf.common.util.BasicEList::get@35 (line 348)
                      ; - org.eclipse.e4.ui.internal.workbench.swt.PartRenderingEngine::someAreVisible@14 (line 1200)
                      ; - org.eclipse.e4.ui.internal.workbench.swt.PartRenderingEngine$5::run@662 (line 1152)
  0x000001a055147108: f42f d0fd | ba45 ffff | ff49 8bea | 4489 5c24 | 2044 8944 

  0x000001a05514711c: ;   {runtime_call UncommonTrapBlob}
  0x000001a05514711c: 2424 90e8 

  0x000001a055147120: ; ImmutableOopMap {rbp=Oop [36]=NarrowOop [56]=Oop }
                      ;*ifnull {reexecute=1 rethrow=0 return_oop=0}
                      ; - (reexecute) org.eclipse.e4.ui.internal.workbench.swt.PartRenderingEngine$5::run@620 (line 1152)
  0x000001a055147120: dc2f d0fd | ba45 ffff | ff49 8bea | 4489 5c24 | 204c 8b54 | 2438 4c89 | 5424 284c | 894c 2430 
  0x000001a055147140: 4489 4424 

  0x000001a055147144: ;   {runtime_call UncommonTrapBlob}
  0x000001a055147144: 3866 90e8 

  0x000001a055147148: ; ImmutableOopMap {rbp=Oop [40]=Oop [48]=Oop }
                      ;*if_icmplt {reexecute=1 rethrow=0 return_oop=0}
                      ; - (reexecute) org.eclipse.e4.ui.internal.workbench.swt.PartRenderingEngine::someAreVisible@51 (line 1199)
                      ; - org.eclipse.e4.ui.internal.workbench.swt.PartRenderingEngine$5::run@662 (line 1152)
  0x000001a055147148: b42f d0fd | ba45 ffff | ff49 8bea | 4489 5c24 | 204c 8b54 | 2438 4c89 | 5424 284c | 894c 2430 
  0x000001a055147168: 4489 4424 | 2448 894c | 2438 895c 

  0x000001a055147174: ;   {runtime_call UncommonTrapBlob}
  0x000001a055147174: 2440 90e8 

  0x000001a055147178: ; ImmutableOopMap {rbp=Oop [40]=Oop [48]=Oop [56]=Oop }
                      ;*ifeq {reexecute=1 rethrow=0 return_oop=0}
                      ; - (reexecute) org.eclipse.e4.ui.internal.workbench.swt.PartRenderingEngine::someAreVisible@31 (line 1209)
                      ; - org.eclipse.e4.ui.internal.workbench.swt.PartRenderingEngine$5::run@662 (line 1152)
  0x000001a055147178: 842f d0fd | ba45 ffff | ff49 8bea | 4489 5c24 | 204c 8b54 | 2438 4c89 | 5424 284c | 894c 2430 
  0x000001a055147198: 4489 4424 | 2489 5c24 

  0x000001a0551471a0: ;   {runtime_call UncommonTrapBlob}
  0x000001a0551471a0: 3866 90e8 

  0x000001a0551471a4: ; ImmutableOopMap {rbp=Oop [40]=Oop [48]=Oop [56]=NarrowOop }
                      ;*ifnull {reexecute=1 rethrow=0 return_oop=0}
                      ; - (reexecute) org.eclipse.e4.ui.internal.workbench.swt.PartRenderingEngine::someAreVisible@41 (line 1209)
                      ; - org.eclipse.e4.ui.internal.workbench.swt.PartRenderingEngine$5::run@662 (line 1152)
  0x000001a0551471a4: 582f d0fd | ba45 ffff | ff49 8bea | 4489 5c24 | 2044 894c 

  0x000001a0551471b8: ;   {runtime_call UncommonTrapBlob}
  0x000001a0551471b8: 2424 90e8 

  0x000001a0551471bc: ; ImmutableOopMap {rbp=Oop [56]=Oop }
                      ;*ifeq {reexecute=1 rethrow=0 return_oop=0}
                      ; - (reexecute) org.eclipse.e4.ui.internal.workbench.swt.PartRenderingEngine$5::run@675 (line 1153)
  0x000001a0551471bc: 402f d0fd | baf6 ffff | ff49 8beb | 4c89 5424 

  0x000001a0551471cc: ;   {runtime_call UncommonTrapBlob}
  0x000001a0551471cc: 2066 90e8 

  0x000001a0551471d0: ; ImmutableOopMap {rbp=Oop [32]=Oop }
                      ;*invokevirtual isEmpty {reexecute=0 rethrow=0 return_oop=0}
                      ; - org.eclipse.swt.widgets.Synchronizer::isMessagesEmpty@4 (line 105)
                      ; - org.eclipse.swt.widgets.Display::sleep@8 (line 4767)
                      ; - org.eclipse.ui.application.WorkbenchAdvisor::eventLoopIdle@1 (line 339)
                      ; - org.eclipse.ui.internal.ide.application.IDEWorkbenchAdvisor::eventLoopIdle@17 (line 993)
                      ; - org.eclipse.ui.internal.Workbench$1::eventLoopIdle@5 (line 483)
                      ; - org.eclipse.e4.ui.internal.workbench.swt.PartRenderingEngine$5::run@590 (line 1160)
  0x000001a0551471d0: 2c2f d0fd | bade ffff | ff49 8be8 | 4489 5c24 

  0x000001a0551471e0: ;   {runtime_call UncommonTrapBlob}
  0x000001a0551471e0: 2466 90e8 

  0x000001a0551471e4: ; ImmutableOopMap {rbp=Oop [36]=NarrowOop [56]=Oop }
                      ;*invokeinterface processWaiting {reexecute=0 rethrow=0 return_oop=0}
                      ; - org.eclipse.e4.ui.internal.workbench.swt.PartRenderingEngine$5::run@574 (line 1156)
  0x000001a0551471e4: 182f d0fd | bade ffff | ff49 8beb | 4889 7424 | 2889 5c24 

  0x000001a0551471f8: ;   {runtime_call UncommonTrapBlob}
  0x000001a0551471f8: 3066 90e8 

  0x000001a0551471fc: ; ImmutableOopMap {rbp=Oop [40]=Oop [48]=NarrowOop [56]=Oop }
                      ;*invokeinterface eventLoopIdle {reexecute=0 rethrow=0 return_oop=0}
                      ; - org.eclipse.e4.ui.internal.workbench.swt.PartRenderingEngine$5::run@590 (line 1160)
  0x000001a0551471fc: 002f d0fd | ba76 ffff | ff48 8b6c | 2430 895c | 242c 4489 | 5424 3444 | 895c 2438 

  0x000001a055147218: ;   {runtime_call UncommonTrapBlob}
  0x000001a055147218: 6666 90e8 

  0x000001a05514721c: ; ImmutableOopMap {rbp=Oop [44]=NarrowOop [52]=NarrowOop [64]=Oop }
                      ;*if_icmplt {reexecute=1 rethrow=0 return_oop=0}
                      ; - (reexecute) org.eclipse.swt.widgets.EventTable::hooks@42 (line 73)
                      ; - org.eclipse.swt.widgets.Display::sendJDKInternalEvent@12 (line 4242)
                      ; - org.eclipse.swt.widgets.Display::sendJDKInternalEvent@3 (line 4238)
                      ; - org.eclipse.swt.widgets.Display::sendPreExternalEventDispatchEvent@3 (line 4301)
                      ; - org.eclipse.swt.widgets.Display::sleep@17 (line 4768)
                      ; - org.eclipse.ui.application.WorkbenchAdvisor::eventLoopIdle@1 (line 339)
                      ; - org.eclipse.ui.internal.ide.application.IDEWorkbenchAdvisor::eventLoopIdle@17 (line 993)
                      ; - org.eclipse.ui.internal.Workbench$1::eventLoopIdle@5 (line 483)
                      ; - org.eclipse.e4.ui.internal.workbench.swt.PartRenderingEngine$5::run@590 (line 1160)
  0x000001a05514721c: e02e d0fd | bf01 0000 | 00e9 09fc | ffff ba76 | ffff ff48 | 8b6c 2430 | 8944 2428 | 4489 5c24 
  0x000001a05514723c: 2c89 4c24 | 3444 894c 

  0x000001a055147244: ;   {runtime_call UncommonTrapBlob}
  0x000001a055147244: 2438 90e8 

  0x000001a055147248: ; ImmutableOopMap {rbp=Oop [44]=NarrowOop [52]=NarrowOop [64]=Oop }
                      ;*if_icmplt {reexecute=1 rethrow=0 return_oop=0}
                      ; - (reexecute) org.eclipse.swt.widgets.EventTable::hooks@42 (line 73)
                      ; - org.eclipse.swt.widgets.Display::sendJDKInternalEvent@12 (line 4242)
                      ; - org.eclipse.swt.widgets.Display::sendJDKInternalEvent@3 (line 4238)
                      ; - org.eclipse.swt.widgets.Display::sendPostExternalEventDispatchEvent@3 (line 4310)
                      ; - org.eclipse.swt.widgets.Display::sleep@25 (line 4770)
                      ; - org.eclipse.ui.application.WorkbenchAdvisor::eventLoopIdle@1 (line 339)
                      ; - org.eclipse.ui.internal.ide.application.IDEWorkbenchAdvisor::eventLoopIdle@17 (line 993)
                      ; - org.eclipse.ui.internal.Workbench$1::eventLoopIdle@5 (line 483)
                      ; - org.eclipse.e4.ui.internal.workbench.swt.PartRenderingEngine$5::run@590 (line 1160)
  0x000001a055147248: b42e d0fd | bb01 0000 | 00e9 23f8 | ffff 85d2 | 400f 95c5 | 400f b6ed | 83f5 01ba | 45ff ffff 
  0x000001a055147268: 4c89 5c24 | 204c 8954 | 2428 4489 | 4424 3044 | 894c 2438 | 895c 243c 

  0x000001a055147280: ;   {runtime_call UncommonTrapBlob}
  0x000001a055147280: 6666 90e8 

  0x000001a055147284: ; ImmutableOopMap {[32]=Oop [40]=Oop [48]=NarrowOop [56]=NarrowOop [60]=NarrowOop }
                      ;*ifeq {reexecute=1 rethrow=0 return_oop=0}
                      ; - (reexecute) org.eclipse.ui.internal.ide.application.DelayedEventsProcessor::catchUp@7 (line 114)
                      ; - org.eclipse.ui.internal.ide.application.IDEWorkbenchAdvisor::eventLoopIdle@12 (line 992)
                      ; - org.eclipse.ui.internal.Workbench$1::eventLoopIdle@5 (line 483)
                      ; - org.eclipse.e4.ui.internal.workbench.swt.PartRenderingEngine$5::run@590 (line 1160)
  0x000001a055147284: 782e d0fd | 85c9 400f | 95c5 400f | b6ed 83f5 | 01ba 45ff | ffff 4c89 | 5c24 204c | 8954 2428 
  0x000001a0551472a4: 4489 4424 | 3044 894c | 2438 895c 

  0x000001a0551472b0: ;   {runtime_call UncommonTrapBlob}
  0x000001a0551472b0: 243c 90e8 

  0x000001a0551472b4: ; ImmutableOopMap {[32]=Oop [40]=Oop [48]=NarrowOop [56]=NarrowOop [60]=NarrowOop }
                      ;*ifeq {reexecute=1 rethrow=0 return_oop=0}
                      ; - (reexecute) org.eclipse.ui.internal.ide.application.DelayedEventsProcessor::catchUp@17 (line 114)
                      ; - org.eclipse.ui.internal.ide.application.IDEWorkbenchAdvisor::eventLoopIdle@12 (line 992)
                      ; - org.eclipse.ui.internal.Workbench$1::eventLoopIdle@5 (line 483)
                      ; - org.eclipse.e4.ui.internal.workbench.swt.PartRenderingEngine$5::run@590 (line 1160)
  0x000001a0551472b4: 482e d0fd | ba45 ffff | ff48 8b6c 

  0x000001a0551472c0: ;   {runtime_call UncommonTrapBlob}
  0x000001a0551472c0: 2430 90e8 

  0x000001a0551472c4: ; ImmutableOopMap {rbp=Oop [56]=Oop }
                      ;*ifeq {reexecute=1 rethrow=0 return_oop=0}
                      ; - (reexecute) org.eclipse.e4.ui.internal.workbench.swt.PartRenderingEngine$5::run@580 (line 1157)
  0x000001a0551472c4: 382e d0fd | ba45 ffff | ff49 8beb | 4c89 5424 | 2089 5c24 | 2c44 8944 

  0x000001a0551472dc: ;   {runtime_call UncommonTrapBlob}
  0x000001a0551472dc: 2430 90e8 

  0x000001a0551472e0: ; ImmutableOopMap {rbp=Oop [32]=Oop [44]=NarrowOop [48]=NarrowOop }
                      ;*ifnonnull {reexecute=1 rethrow=0 return_oop=0}
                      ; - (reexecute) org.eclipse.swt.widgets.Display::checkDevice@4 (line 854)
                      ; - org.eclipse.swt.widgets.Display::sleep@1 (line 4766)
                      ; - org.eclipse.ui.application.WorkbenchAdvisor::eventLoopIdle@1 (line 339)
                      ; - org.eclipse.ui.internal.ide.application.IDEWorkbenchAdvisor::eventLoopIdle@17 (line 993)
                      ; - org.eclipse.ui.internal.Workbench$1::eventLoopIdle@5 (line 483)
                      ; - org.eclipse.e4.ui.internal.workbench.swt.PartRenderingEngine$5::run@590 (line 1160)
  0x000001a0551472e0: 1c2e d0fd | ba45 ffff | ff49 8beb | 4c89 5424 | 2089 5c24 | 2c44 8944 | 2430 4889 

  0x000001a0551472fc: ;   {runtime_call UncommonTrapBlob}
  0x000001a0551472fc: 4c24 38e8 

  0x000001a055147300: ; ImmutableOopMap {rbp=Oop [32]=Oop [44]=NarrowOop [48]=NarrowOop [56]=Oop }
                      ;*if_acmpeq {reexecute=1 rethrow=0 return_oop=0}
                      ; - (reexecute) org.eclipse.swt.widgets.Display::checkDevice@20 (line 855)
                      ; - org.eclipse.swt.widgets.Display::sleep@1 (line 4766)
                      ; - org.eclipse.ui.application.WorkbenchAdvisor::eventLoopIdle@1 (line 339)
                      ; - org.eclipse.ui.internal.ide.application.IDEWorkbenchAdvisor::eventLoopIdle@17 (line 993)
                      ; - org.eclipse.ui.internal.Workbench$1::eventLoopIdle@5 (line 483)
                      ; - org.eclipse.e4.ui.internal.workbench.swt.PartRenderingEngine$5::run@590 (line 1160)
  0x000001a055147300: fc2d d0fd | ba45 ffff | ff49 8beb | 4c89 5424 | 2089 5c24 | 2c44 894c 

  0x000001a055147318: ;   {runtime_call UncommonTrapBlob}
  0x000001a055147318: 2430 90e8 

  0x000001a05514731c: ; ImmutableOopMap {rbp=Oop [32]=Oop [44]=NarrowOop }
                      ;*ifeq {reexecute=1 rethrow=0 return_oop=0}
                      ; - (reexecute) org.eclipse.swt.widgets.Display::checkDevice@33 (line 856)
                      ; - org.eclipse.swt.widgets.Display::sleep@1 (line 4766)
                      ; - org.eclipse.ui.application.WorkbenchAdvisor::eventLoopIdle@1 (line 339)
                      ; - org.eclipse.ui.internal.ide.application.IDEWorkbenchAdvisor::eventLoopIdle@17 (line 993)
                      ; - org.eclipse.ui.internal.Workbench$1::eventLoopIdle@5 (line 483)
                      ; - org.eclipse.e4.ui.internal.workbench.swt.PartRenderingEngine$5::run@590 (line 1160)
  0x000001a05514731c: e02d d0fd | 4533 d2e9 | 16f6 ffff | 4533 ede9 | 39f6 ffff | 448b 5348 | 4585 d20f | 84e3 fbff 
  0x000001a05514733c: ff4d 8b5f | 2049 8bca | 4d85 db0f | 8417 0100 | 004d 8b57 | 304b 894c | 1af8 4983 | c3f8 4d89 
  0x000001a05514735c: 5f20 e9bd | fbff ff4d | 8b57 504d | 8b5f 40f0 | 8344 24c0 | 0080 3900 | 7427 4488 | 214d 85db 
  0x000001a05514737c: 740f 4b89 | 4c1a f849 | 83c3 f84d | 895f 40eb | 1049 8bd7 | 49ba 404d | da4d fe7f | 0000 41ff 
  0x000001a05514739c: d244 8b5b | 4845 85db | 0f84 d500 | 0000 4d8b | d34d 8bca | e99e fbff | ff4c 8bd7 | 4d85 d240 
  0x000001a0551473bc: 0f95 c540 | 0fb6 edba | 5cff ffff | 4c8b 5424 | 304c 8954 | 2420 4489 | 7424 3048 | 895c 2438 
  0x000001a0551473dc: ;   {runtime_call UncommonTrapBlob}
  0x000001a0551473dc: 6666 90e8 

  0x000001a0551473e0: ; ImmutableOopMap {[32]=Oop [48]=NarrowOop [56]=Oop [64]=Oop [72]=NarrowOop }
                      ;*ifnonnull {reexecute=1 rethrow=0 return_oop=0}
                      ; - (reexecute) java.util.Objects::requireNonNull@1 (line 208)
                      ; - java.lang.invoke.VarHandleReferences$FieldInstanceReadWrite::setRelease@16 (line 172)
                      ; - java.lang.invoke.VarHandleGuards::guard_LL_V@45 (line 53)
                      ; - java.util.concurrent.ConcurrentLinkedQueue::updateHead@22 (line 293)
                      ; - java.util.concurrent.ConcurrentLinkedQueue::first@38 (line 432)
                      ; - java.util.concurrent.ConcurrentLinkedQueue::isEmpty@1 (line 447)
                      ; - org.eclipse.swt.widgets.Synchronizer::isMessagesEmpty@4 (line 105)
                      ; - org.eclipse.swt.widgets.Display::sleep@8 (line 4767)
                      ; - org.eclipse.ui.application.WorkbenchAdvisor::eventLoopIdle@1 (line 339)
                      ; - org.eclipse.ui.internal.ide.application.IDEWorkbenchAdvisor::eventLoopIdle@17 (line 993)
                      ; - org.eclipse.ui.internal.Workbench$1::eventLoopIdle@5 (line 483)
                      ; - org.eclipse.e4.ui.internal.workbench.swt.PartRenderingEngine$5::run@590 (line 1160)
  0x000001a0551473e0: 1c2d d0fd | 498b d749 | ba60 4dda | 4dfe 7f00 | 0041 ffd2 | e994 f8ff | ff49 8bd7 | 49ba 604d 
  0x000001a055147400: da4d fe7f | 0000 41ff | d2e9 ebf8 | ffff 4889 | 5c24 4044 | 895c 2424 

  0x000001a055147418: ;   {metadata('org/eclipse/e4/ui/model/application/impl/ApplicationImpl$1')}
  0x000001a055147418: 488b e948 | bae0 a33f | 0001 0000 

  0x000001a055147424: ;   {runtime_call _new_instance_Java}
  0x000001a055147424: 0066 90e8 

  0x000001a055147428: ; ImmutableOopMap {rbp=Oop [40]=Oop [48]=Oop [56]=Oop [64]=Oop }
                      ;*new {reexecute=0 rethrow=0 return_oop=1}
                      ; - org.eclipse.e4.ui.model.application.impl.ApplicationImpl::getChildren@8 (line 283)
                      ; - org.eclipse.e4.ui.internal.workbench.swt.PartRenderingEngine$5::run@657 (line 1153)
  0x000001a055147428: d4a5 dafd | 4c8b c8e9 | b9fa ffff | ba45 ffff | ff48 8b6c | 2430 4c8b | 5424 404c | 8954 2420 
  0x000001a055147448: 4489 7424 | 2844 894c | 242c 4889 | 5c24 3844 | 895c 2440 

  0x000001a05514745c: ;   {runtime_call UncommonTrapBlob}
  0x000001a05514745c: 6666 90e8 

  0x000001a055147460: ; ImmutableOopMap {rbp=Oop [32]=Oop [40]=NarrowOop [44]=NarrowOop [56]=Oop [64]=NarrowOop [72]=NarrowOop }
                      ;*if_acmpne {reexecute=1 rethrow=0 return_oop=0}
                      ; - (reexecute) java.util.concurrent.ConcurrentLinkedQueue::first@54 (line 435)
                      ; - java.util.concurrent.ConcurrentLinkedQueue::isEmpty@1 (line 447)
                      ; - org.eclipse.swt.widgets.Synchronizer::isMessagesEmpty@4 (line 105)
                      ; - org.eclipse.swt.widgets.Display::sleep@8 (line 4767)
                      ; - org.eclipse.ui.application.WorkbenchAdvisor::eventLoopIdle@1 (line 339)
                      ; - org.eclipse.ui.internal.ide.application.IDEWorkbenchAdvisor::eventLoopIdle@17 (line 993)
                      ; - org.eclipse.ui.internal.Workbench$1::eventLoopIdle@5 (line 483)
                      ; - org.eclipse.e4.ui.internal.workbench.swt.PartRenderingEngine$5::run@590 (line 1160)
  0x000001a055147460: 9c2c d0fd | 498b f949 | 8bd7 49ba | 604d da4d | fe7f 0000 | 41ff d24c | 8bcf e9a1 | faff ffba 
  0x000001a055147480: f6ff ffff | 488b 6c24 

  0x000001a055147488: ;   {runtime_call UncommonTrapBlob}
  0x000001a055147488: 3066 90e8 

  0x000001a05514748c: ; ImmutableOopMap {rbp=Oop [56]=Oop }
                      ;*invokeinterface size {reexecute=0 rethrow=0 return_oop=0}
                      ; - org.eclipse.e4.ui.internal.workbench.swt.PartRenderingEngine::someAreVisible@1 (line 1198)
                      ; - org.eclipse.e4.ui.internal.workbench.swt.PartRenderingEngine$5::run@662 (line 1152)
  0x000001a05514748c: 702c d0fd | bade ffff | ff49 8bea | 4489 5c24 | 204c 8b54 | 2438 4c89 | 5424 284c | 894c 2430 
  0x000001a0551474ac: 4489 4424 | 2489 5c24 

  0x000001a0551474b4: ;   {runtime_call UncommonTrapBlob}
  0x000001a0551474b4: 3866 90e8 

  0x000001a0551474b8: ; ImmutableOopMap {rbp=Oop [40]=Oop [48]=Oop [56]=NarrowOop }
                      ;*checkcast {reexecute=0 rethrow=0 return_oop=0}
                      ; - org.eclipse.e4.ui.internal.workbench.swt.PartRenderingEngine::someAreVisible@19 (line 1200)
                      ; - org.eclipse.e4.ui.internal.workbench.swt.PartRenderingEngine$5::run@662 (line 1152)
  0x000001a0551474b8: 442c d0fd | baf6 ffff | ff49 8bea | 4489 5c24 

  0x000001a0551474c8: ;   {runtime_call UncommonTrapBlob}
  0x000001a0551474c8: 2066 90e8 

  0x000001a0551474cc: ; ImmutableOopMap {rbp=Oop [56]=Oop }
                      ;*getfield testShell {reexecute=1 rethrow=0 return_oop=0}
                      ; - (reexecute) org.eclipse.e4.ui.internal.workbench.swt.PartRenderingEngine$5::run@617 (line 1152)
  0x000001a0551474cc: 302c d0fd | baf4 ffff | ff49 8bea | 4489 5c24 | 204c 894c | 2430 4489 

  0x000001a0551474e4: ;   {runtime_call UncommonTrapBlob}
  0x000001a0551474e4: 4424 24e8 

  0x000001a0551474e8: ; ImmutableOopMap {rbp=Oop [48]=Oop [56]=Oop }
                      ;*checkcast {reexecute=0 rethrow=0 return_oop=0}
                      ; - org.eclipse.e4.ui.internal.workbench.swt.PartRenderingEngine::someAreVisible@19 (line 1200)
                      ; - org.eclipse.e4.ui.internal.workbench.swt.PartRenderingEngine$5::run@662 (line 1152)
  0x000001a0551474e8: 142c d0fd | baf6 ffff | ff49 8bea | 4489 5c24 

  0x000001a0551474f8: ;   {runtime_call UncommonTrapBlob}
  0x000001a0551474f8: 2066 90e8 

  0x000001a0551474fc: ; ImmutableOopMap {rbp=Oop [56]=Oop }
                      ;*invokevirtual isDisposed {reexecute=0 rethrow=0 return_oop=0}
                      ; - org.eclipse.e4.ui.internal.workbench.swt.PartRenderingEngine$5::run@672 (line 1153)
  0x000001a0551474fc: 002c d0fd | ba45 ffff | ff49 8bea | 4489 5c24 | 2044 894c 

  0x000001a055147510: ;   {runtime_call UncommonTrapBlob}
  0x000001a055147510: 2424 90e8 

  0x000001a055147514: ; ImmutableOopMap {rbp=Oop [36]=NarrowOop [56]=Oop }
                      ;*ifnull {reexecute=1 rethrow=0 return_oop=0}
                      ; - (reexecute) org.eclipse.e4.ui.internal.workbench.swt.PartRenderingEngine$5::run@643 (line 1152)
  0x000001a055147514: e82b d0fd | ba45 ffff | ff49 8bea | 4489 5c24 | 204c 8b54 | 2438 4c89 | 5424 2844 | 8944 2424 
  0x000001a055147534: 4c89 4c24 | 3889 4c24 

  0x000001a05514753c: ;   {runtime_call UncommonTrapBlob}
  0x000001a05514753c: 4066 90e8 

  0x000001a055147540: ; ImmutableOopMap {rbp=Oop [40]=Oop [56]=Oop [64]=NarrowOop }
                      ;*ifnull {reexecute=1 rethrow=0 return_oop=0}
                      ; - (reexecute) org.eclipse.emf.common.util.BasicEList::get@4 (line 345)
                      ; - org.eclipse.e4.ui.internal.workbench.swt.PartRenderingEngine::someAreVisible@14 (line 1200)
                      ; - org.eclipse.e4.ui.internal.workbench.swt.PartRenderingEngine$5::run@662 (line 1152)
  0x000001a055147540: bc2b d0fd | baf6 ffff | ff48 8b6c 

  0x000001a05514754c: ;   {runtime_call UncommonTrapBlob}
  0x000001a05514754c: 2430 90e8 

  0x000001a055147550: ; ImmutableOopMap {rbp=Oop [64]=Oop }
                      ;*getfield item {reexecute=1 rethrow=0 return_oop=0}
                      ; - (reexecute) java.util.concurrent.ConcurrentLinkedQueue::first@8 (line 430)
                      ; - java.util.concurrent.ConcurrentLinkedQueue::isEmpty@1 (line 447)
                      ; - org.eclipse.swt.widgets.Synchronizer::isMessagesEmpty@4 (line 105)
                      ; - org.eclipse.swt.widgets.Display::sleep@8 (line 4767)
                      ; - org.eclipse.ui.application.WorkbenchAdvisor::eventLoopIdle@1 (line 339)
                      ; - org.eclipse.ui.internal.ide.application.IDEWorkbenchAdvisor::eventLoopIdle@17 (line 993)
                      ; - org.eclipse.ui.internal.Workbench$1::eventLoopIdle@5 (line 483)
                      ; - org.eclipse.e4.ui.internal.workbench.swt.PartRenderingEngine$5::run@590 (line 1160)
  0x000001a055147550: ac2b d0fd | baf6 ffff | ff49 8be8 

  0x000001a05514755c: ;   {runtime_call UncommonTrapBlob}
  0x000001a05514755c: 6666 90e8 

  0x000001a055147560: ; ImmutableOopMap {rbp=Oop [56]=Oop }
                      ;*invokeinterface processWaiting {reexecute=0 rethrow=0 return_oop=0}
                      ; - org.eclipse.e4.ui.internal.workbench.swt.PartRenderingEngine$5::run@574 (line 1156)
  0x000001a055147560: 9c2b d0fd | baf6 ffff | ff49 8beb | 895c 2420 

  0x000001a055147570: ;   {runtime_call UncommonTrapBlob}
  0x000001a055147570: 6666 90e8 

  0x000001a055147574: ; ImmutableOopMap {rbp=Oop [32]=NarrowOop }
                      ;*invokeinterface eventLoopIdle {reexecute=0 rethrow=0 return_oop=0}
                      ; - org.eclipse.e4.ui.internal.workbench.swt.PartRenderingEngine$5::run@590 (line 1160)
  0x000001a055147574: 882b d0fd | baf6 ffff | ff49 8beb | 4c89 5424 | 2089 5c24 

  0x000001a055147588: ;   {runtime_call UncommonTrapBlob}
  0x000001a055147588: 2866 90e8 

  0x000001a05514758c: ; ImmutableOopMap {rbp=Oop [32]=Oop [40]=NarrowOop }
                      ;*invokevirtual eventLoopIdle {reexecute=0 rethrow=0 return_oop=0}
                      ; - org.eclipse.ui.internal.Workbench$1::eventLoopIdle@5 (line 483)
                      ; - org.eclipse.e4.ui.internal.workbench.swt.PartRenderingEngine$5::run@590 (line 1160)
  0x000001a05514758c: 702b d0fd | baf6 ffff | ff49 8beb | 4c89 5424 

  0x000001a05514759c: ;   {runtime_call UncommonTrapBlob}
  0x000001a05514759c: 2066 90e8 

  0x000001a0551475a0: ; ImmutableOopMap {rbp=Oop [32]=Oop }
                      ;*invokevirtual isEmpty {reexecute=0 rethrow=0 return_oop=0}
                      ; - org.eclipse.ui.internal.ide.application.DelayedEventsProcessor::catchUp@4 (line 114)
                      ; - org.eclipse.ui.internal.ide.application.IDEWorkbenchAdvisor::eventLoopIdle@12 (line 992)
                      ; - org.eclipse.ui.internal.Workbench$1::eventLoopIdle@5 (line 483)
                      ; - org.eclipse.e4.ui.internal.workbench.swt.PartRenderingEngine$5::run@590 (line 1160)
  0x000001a0551475a0: 5c2b d0fd | baf6 ffff | ff49 8beb | 4c89 5424 

  0x000001a0551475b0: ;   {runtime_call UncommonTrapBlob}
  0x000001a0551475b0: 2066 90e8 

  0x000001a0551475b4: ; ImmutableOopMap {rbp=Oop [32]=Oop }
                      ;*invokevirtual isEmpty {reexecute=0 rethrow=0 return_oop=0}
                      ; - org.eclipse.ui.internal.ide.application.DelayedEventsProcessor::catchUp@14 (line 114)
                      ; - org.eclipse.ui.internal.ide.application.IDEWorkbenchAdvisor::eventLoopIdle@12 (line 992)
                      ; - org.eclipse.ui.internal.Workbench$1::eventLoopIdle@5 (line 483)
                      ; - org.eclipse.e4.ui.internal.workbench.swt.PartRenderingEngine$5::run@590 (line 1160)
  0x000001a0551475b4: 482b d0fd | baf6 ffff | ff49 8beb | 4c89 5424 

  0x000001a0551475c4: ;   {runtime_call UncommonTrapBlob}
  0x000001a0551475c4: 2066 90e8 

  0x000001a0551475c8: ; ImmutableOopMap {rbp=Oop [32]=Oop }
                      ;*invokevirtual sleep {reexecute=0 rethrow=0 return_oop=0}
                      ; - org.eclipse.ui.application.WorkbenchAdvisor::eventLoopIdle@1 (line 339)
                      ; - org.eclipse.ui.internal.ide.application.IDEWorkbenchAdvisor::eventLoopIdle@17 (line 993)
                      ; - org.eclipse.ui.internal.Workbench$1::eventLoopIdle@5 (line 483)
                      ; - org.eclipse.e4.ui.internal.workbench.swt.PartRenderingEngine$5::run@590 (line 1160)
  0x000001a0551475c8: 342b d0fd | baf6 ffff | ff49 8beb | 4c89 5424 

  0x000001a0551475d8: ;   {runtime_call UncommonTrapBlob}
  0x000001a0551475d8: 2066 90e8 

  0x000001a0551475dc: ; ImmutableOopMap {rbp=Oop [32]=Oop }
                      ;*invokevirtual isMessagesEmpty {reexecute=0 rethrow=0 return_oop=0}
                      ; - org.eclipse.swt.widgets.Display::sleep@8 (line 4767)
                      ; - org.eclipse.ui.application.WorkbenchAdvisor::eventLoopIdle@1 (line 339)
                      ; - org.eclipse.ui.internal.ide.application.IDEWorkbenchAdvisor::eventLoopIdle@17 (line 993)
                      ; - org.eclipse.ui.internal.Workbench$1::eventLoopIdle@5 (line 483)
                      ; - org.eclipse.e4.ui.internal.workbench.swt.PartRenderingEngine$5::run@590 (line 1160)
  0x000001a0551475dc: 202b d0fd | ba45 ffff | ff49 8beb | 4c89 5424 | 2044 8944 | 2428 895c | 242c 4489 

  0x000001a0551475f8: ;   {runtime_call UncommonTrapBlob}
  0x000001a0551475f8: 4c24 30e8 

  0x000001a0551475fc: ; ImmutableOopMap {rbp=Oop [32]=Oop [40]=NarrowOop [44]=NarrowOop [48]=NarrowOop }
                      ;*ifnull {reexecute=1 rethrow=0 return_oop=0}
                      ; - (reexecute) org.eclipse.ui.internal.ide.application.IDEWorkbenchAdvisor::eventLoopIdle@4 (line 991)
                      ; - org.eclipse.ui.internal.Workbench$1::eventLoopIdle@5 (line 483)
                      ; - org.eclipse.e4.ui.internal.workbench.swt.PartRenderingEngine$5::run@590 (line 1160)
  0x000001a0551475fc: 002b d0fd | ba45 ffff | ff48 8b6c | 2430 895c | 242c 4489 

  0x000001a055147610: ;   {runtime_call UncommonTrapBlob}
  0x000001a055147610: 4c24 30e8 

  0x000001a055147614: ; ImmutableOopMap {rbp=Oop [44]=NarrowOop [48]=NarrowOop [64]=Oop }
                      ;*ifnull {reexecute=1 rethrow=0 return_oop=0}
                      ; - (reexecute) org.eclipse.swt.widgets.Display::sendJDKInternalEvent@4 (line 4242)
                      ; - org.eclipse.swt.widgets.Display::sendJDKInternalEvent@3 (line 4238)
                      ; - org.eclipse.swt.widgets.Display::sendPreExternalEventDispatchEvent@3 (line 4301)
                      ; - org.eclipse.swt.widgets.Display::sleep@17 (line 4768)
                      ; - org.eclipse.ui.application.WorkbenchAdvisor::eventLoopIdle@1 (line 339)
                      ; - org.eclipse.ui.internal.ide.application.IDEWorkbenchAdvisor::eventLoopIdle@17 (line 993)
                      ; - org.eclipse.ui.internal.Workbench$1::eventLoopIdle@5 (line 483)
                      ; - org.eclipse.e4.ui.internal.workbench.swt.PartRenderingEngine$5::run@590 (line 1160)
  0x000001a055147614: e82a d0fd | ba45 ffff | ff48 8b6c | 2430 895c | 242c 4489 | 4c24 3044 | 8954 2434 

  0x000001a055147630: ;   {runtime_call UncommonTrapBlob}
  0x000001a055147630: 6666 90e8 

  0x000001a055147634: ; ImmutableOopMap {rbp=Oop [44]=NarrowOop [48]=NarrowOop [52]=NarrowOop [64]=Oop }
                      ;*ifnonnull {reexecute=1 rethrow=0 return_oop=0}
                      ; - (reexecute) org.eclipse.swt.widgets.EventTable::hooks@4 (line 72)
                      ; - org.eclipse.swt.widgets.Display::sendJDKInternalEvent@12 (line 4242)
                      ; - org.eclipse.swt.widgets.Display::sendJDKInternalEvent@3 (line 4238)
                      ; - org.eclipse.swt.widgets.Display::sendPreExternalEventDispatchEvent@3 (line 4301)
                      ; - org.eclipse.swt.widgets.Display::sleep@17 (line 4768)
                      ; - org.eclipse.ui.application.WorkbenchAdvisor::eventLoopIdle@1 (line 339)
                      ; - org.eclipse.ui.internal.ide.application.IDEWorkbenchAdvisor::eventLoopIdle@17 (line 993)
                      ; - org.eclipse.ui.internal.Workbench$1::eventLoopIdle@5 (line 483)
                      ; - org.eclipse.e4.ui.internal.workbench.swt.PartRenderingEngine$5::run@590 (line 1160)
  0x000001a055147634: c82a d0fd | ba45 ffff | ff48 8b6c | 2430 8944 | 2428 4489 | 5c24 2c44 | 8954 2430 

  0x000001a055147650: ;   {runtime_call UncommonTrapBlob}
  0x000001a055147650: 6666 90e8 

  0x000001a055147654: ; ImmutableOopMap {rbp=Oop [44]=NarrowOop [48]=NarrowOop [64]=Oop }
                      ;*ifnull {reexecute=1 rethrow=0 return_oop=0}
                      ; - (reexecute) org.eclipse.swt.widgets.Display::sendJDKInternalEvent@4 (line 4242)
                      ; - org.eclipse.swt.widgets.Display::sendJDKInternalEvent@3 (line 4238)
                      ; - org.eclipse.swt.widgets.Display::sendPostExternalEventDispatchEvent@3 (line 4310)
                      ; - org.eclipse.swt.widgets.Display::sleep@25 (line 4770)
                      ; - org.eclipse.ui.application.WorkbenchAdvisor::eventLoopIdle@1 (line 339)
                      ; - org.eclipse.ui.internal.ide.application.IDEWorkbenchAdvisor::eventLoopIdle@17 (line 993)
                      ; - org.eclipse.ui.internal.Workbench$1::eventLoopIdle@5 (line 483)
                      ; - org.eclipse.e4.ui.internal.workbench.swt.PartRenderingEngine$5::run@590 (line 1160)
  0x000001a055147654: a82a d0fd | ba45 ffff | ff48 8b6c | 2430 8944 | 2428 4489 | 5c24 2c44 | 8954 2430 | 894c 2434 
  0x000001a055147674: ;   {runtime_call UncommonTrapBlob}
  0x000001a055147674: 6666 90e8 

  0x000001a055147678: ; ImmutableOopMap {rbp=Oop [44]=NarrowOop [48]=NarrowOop [52]=NarrowOop [64]=Oop }
                      ;*ifnonnull {reexecute=1 rethrow=0 return_oop=0}
                      ; - (reexecute) org.eclipse.swt.widgets.EventTable::hooks@4 (line 72)
                      ; - org.eclipse.swt.widgets.Display::sendJDKInternalEvent@12 (line 4242)
                      ; - org.eclipse.swt.widgets.Display::sendJDKInternalEvent@3 (line 4238)
                      ; - org.eclipse.swt.widgets.Display::sendPostExternalEventDispatchEvent@3 (line 4310)
                      ; - org.eclipse.swt.widgets.Display::sleep@25 (line 4770)
                      ; - org.eclipse.ui.application.WorkbenchAdvisor::eventLoopIdle@1 (line 339)
                      ; - org.eclipse.ui.internal.ide.application.IDEWorkbenchAdvisor::eventLoopIdle@17 (line 993)
                      ; - org.eclipse.ui.internal.Workbench$1::eventLoopIdle@5 (line 483)
                      ; - org.eclipse.e4.ui.internal.workbench.swt.PartRenderingEngine$5::run@590 (line 1160)
  0x000001a055147678: 842a d0fd | eb00 488b | d0eb 3244 

  0x000001a055147684: ;   {metadata('java/lang/ThreadDeath')}
  0x000001a055147684: 8b50 0841 | 81fa cb86 | 0020 0f85 | 8c00 0000 | eb1c 448b 

  0x000001a055147698: ;   {metadata('java/lang/ThreadDeath')}
  0x000001a055147698: 5008 4181 | facb 8600 | 2075 1ceb | 0d44 8b58 

  0x000001a0551476a8: ;   {metadata('java/lang/ThreadDeath')}
  0x000001a0551476a8: 0841 81fb | cb86 0020 | 754a 488b | d048 83c4 

  0x000001a0551476b8: ;   {runtime_call _rethrow_Java}
  0x000001a0551476b8: 605d e941 | 91da fd4d | 33db 4f8d | 1cd3 4d8b 

  0x000001a0551476c8: ;   {metadata('java/lang/Exception')}
  0x000001a0551476c8: 5340 49bb | b038 0400 | 0100 0000 | 4d3b d375 | 694c 8bc0 | 448b 5c24 | 2041 8beb | 488b 5424 
  0x000001a0551476e8: 304c 8b4c 

  0x000001a0551476ec: ;   {optimized virtual_call}
  0x000001a0551476ec: 2438 90e8 

  0x000001a0551476f0: ; ImmutableOopMap {[40]=Oop [48]=Oop [56]=Oop }
                      ;*invokevirtual handle {reexecute=0 rethrow=0 return_oop=0}
                      ; - org.eclipse.e4.ui.internal.workbench.swt.PartRenderingEngine$5::run@610 (line 1165)
  0x000001a0551476f0: f900 0000 | 448b dde9 | 9df3 ffff | 4d33 d24f | 8d14 da4d 

  0x000001a055147704: ;   {metadata('java/lang/Exception')}
  0x000001a055147704: 8b52 4049 | bbb0 3804 | 0001 0000 | 004d 3bd3 | 754f 4c8b | c044 8b5c | 2420 ebc1 | 4d33 db4f 
  0x000001a055147724: 8d1c d34d 

  0x000001a055147728: ;   {metadata('java/lang/Exception')}
  0x000001a055147728: 8b53 4049 | bbb0 3804 | 0001 0000 | 004d 3bd3 | 754e 4c8b | c045 33db 

  0x000001a055147740: ;   {metadata('java/lang/Error')}
  0x000001a055147740: eb9f 49bb | 0034 0400 | 0100 0000 | 4d3b d30f | 8529 ffff | ff4c 8bc0 | 448b 5424 | 2045 8bda 
  0x000001a055147760: e97c ffff 

  0x000001a055147764: ;   {metadata('java/lang/Error')}
  0x000001a055147764: ff49 bb00 | 3404 0001 | 0000 004d | 3bd3 0f85 | 06ff ffff | 4c8b c044 | 8b54 2420 | 458b dae9 
  0x000001a055147784: 59ff ffff 

  0x000001a055147788: ;   {metadata('java/lang/Error')}
  0x000001a055147788: 49bb 0034 | 0400 0100 | 0000 4d3b | d30f 85e3 | feff ff4c | 8bc0 4533 | dbe9 3bff | ffff f4f4 
  0x000001a0551477a8: f4f4 f4f4 | f4f4 f4f4 | f4f4 f4f4 | f4f4 f4f4 | f4f4 f4f4 | f4f4 f4f4 
[Stub Code]
  0x000001a0551477c0: ;   {no_reloc}
  0x000001a0551477c0: 48bb 0000 | 0000 0000 

  0x000001a0551477c8: ;   {runtime_call}
  0x000001a0551477c8: 0000 e9fb 

  0x000001a0551477cc: ;   {static_stub}
  0x000001a0551477cc: ffff ff48 | bbe0 7e3e | 62a0 0100 

  0x000001a0551477d8: ;   {runtime_call I2C/C2I adapters}
  0x000001a0551477d8: 00e9 72f4 

  0x000001a0551477dc: ;   {static_stub}
  0x000001a0551477dc: cffd 48bb | 0000 0000 | 0000 0000 

  0x000001a0551477e8: ;   {runtime_call}
  0x000001a0551477e8: e9fb ffff 

  0x000001a0551477ec: ;   {static_stub}
  0x000001a0551477ec: ff48 bb58 | 2df5 63a0 

  0x000001a0551477f4: ;   {runtime_call I2C/C2I adapters}
  0x000001a0551477f4: 0100 00e9 | 5c26 d0fd 
[Exception Handler]
  0x000001a0551477fc: ;   {runtime_call ExceptionBlob}
  0x000001a0551477fc: e97f 14d1 | fde8 0000 | 0000 4883 

  0x000001a055147808: ;   {runtime_call DeoptimizationBlob}
  0x000001a055147808: 2c24 05e9 | 102c d0fd 
[/MachCode]


---------------  P R O C E S S  ---------------

Threads class SMR info:
_java_thread_list=0x000001a00bac81e0, length=92, elements={
0x000001a043293c80, 0x000001a0603f8240, 0x000001a0603faac0, 0x000001a06044c100,
0x000001a060466010, 0x000001a0604680b0, 0x000001a06046b460, 0x000001a0604a1da0,
0x000001a0604a30e0, 0x000001a0604a9e00, 0x000001a06060d010, 0x000001a060613ff0,
0x000001a066d3d4b0, 0x000001a06571d350, 0x000001a066eada80, 0x000001a066eaacf0,
0x000001a066eabc20, 0x000001a066ead060, 0x000001a066ead570, 0x000001a066eaa2d0,
0x000001a06e6f1b40, 0x000001a06e6eabe0, 0x000001a06e6ef7d0, 0x000001a06e6f0c10,
0x000001a06e6f1120, 0x000001a06e6ec020, 0x000001a06e6ecf50, 0x000001a06efe2850,
0x000001a06efe1e30, 0x000001a06efe1920, 0x000001a06efdffd0, 0x000001a066eaa7e0,
0x000001a06e6ed460, 0x000001a07881b840, 0x000001a0788194d0, 0x000001a07881dbb0,
0x000001a07881ff20, 0x000001a078820940, 0x000001a06efe09f0, 0x000001a06e6ef2c0,
0x000001a00a509250, 0x000001a00a505080, 0x000001a00a508320, 0x000001a00a508d40,
0x000001a00a508830, 0x000001a00a5022f0, 0x000001a00a5069d0, 0x000001a00a5064c0,
0x000001a00a505590, 0x000001a00a504150, 0x000001a078dcafe0, 0x000001a06f9ef4c0,
0x000001a00a4e86f0, 0x000001a06e6eedb0, 0x000001a06f0d3810, 0x000001a06e6f2560,
0x000001a06f4801a0, 0x000001a06f0d23d0, 0x000001a00af25050, 0x000001a00b307870,
0x000001a06f0d14a0, 0x000001a00adc9580, 0x000001a00adc9070, 0x000001a00af25560,
0x000001a00a507900, 0x000001a00adcc310, 0x000001a00af26eb0, 0x000001a00adc9fa0,
0x000001a00b307d80, 0x000001a00b3096d0, 0x000001a00b309be0, 0x000001a00b30ab10,
0x000001a06f47f270, 0x000001a06e69f8f0, 0x000001a06e6a0310, 0x000001a06f9eeaa0,
0x000001a078a7d3b0, 0x000001a00b69ee00, 0x000001a078a7ed00, 0x000001a00adcc820,
0x000001a00adca4b0, 0x000001a00adca9c0, 0x000001a00adcaed0, 0x000001a00b6a0240,
0x000001a00adcb3e0, 0x000001a00a509760, 0x000001a06f0d0570, 0x000001a06f0d2df0,
0x000001a06f0d0060, 0x000001a06f0d0a80, 0x000001a06f0d19b0, 0x000001a00b308290
}

Java Threads: ( => current thread )
=>0x000001a043293c80 JavaThread "main" [_thread_in_vm, id=10684, stack(0x0000001333600000,0x0000001333700000)]
  0x000001a0603f8240 JavaThread "Reference Handler" daemon [_thread_blocked, id=22604, stack(0x0000001334100000,0x0000001334200000)]
  0x000001a0603faac0 JavaThread "Finalizer" daemon [_thread_blocked, id=14384, stack(0x0000001334200000,0x0000001334300000)]
  0x000001a06044c100 JavaThread "Signal Dispatcher" daemon [_thread_blocked, id=15152, stack(0x0000001334300000,0x0000001334400000)]
  0x000001a060466010 JavaThread "Attach Listener" daemon [_thread_blocked, id=14412, stack(0x0000001334400000,0x0000001334500000)]
  0x000001a0604680b0 JavaThread "Service Thread" daemon [_thread_blocked, id=14416, stack(0x0000001334500000,0x0000001334600000)]
  0x000001a06046b460 JavaThread "Monitor Deflation Thread" daemon [_thread_blocked, id=22656, stack(0x0000001334600000,0x0000001334700000)]
  0x000001a0604a1da0 JavaThread "C2 CompilerThread0" daemon [_thread_blocked, id=14456, stack(0x0000001334700000,0x0000001334800000)]
  0x000001a0604a30e0 JavaThread "C1 CompilerThread0" daemon [_thread_blocked, id=14444, stack(0x0000001334800000,0x0000001334900000)]
  0x000001a0604a9e00 JavaThread "Sweeper thread" daemon [_thread_blocked, id=22908, stack(0x0000001334900000,0x0000001334a00000)]
  0x000001a06060d010 JavaThread "Notification Thread" daemon [_thread_blocked, id=22828, stack(0x0000001334a00000,0x0000001334b00000)]
  0x000001a060613ff0 JavaThread "Common-Cleaner" daemon [_thread_blocked, id=1944, stack(0x0000001334c00000,0x0000001334d00000)]
  0x000001a066d3d4b0 JavaThread "Active Thread: Equinox Container: ad144b94-f500-45e8-8ac0-438123de538c" [_thread_blocked, id=23104, stack(0x0000001335a00000,0x0000001335b00000)]
  0x000001a06571d350 JavaThread "Framework Event Dispatcher: Equinox Container: ad144b94-f500-45e8-8ac0-438123de538c" daemon [_thread_blocked, id=17360, stack(0x0000001335b00000,0x0000001335c00000)]
  0x000001a066eada80 JavaThread "Start Level: Equinox Container: ad144b94-f500-45e8-8ac0-438123de538c" daemon [_thread_blocked, id=21912, stack(0x0000001335c00000,0x0000001335d00000)]
  0x000001a066eaacf0 JavaThread "SCR Component Actor" daemon [_thread_blocked, id=21900, stack(0x0000001335d00000,0x0000001335e00000)]
  0x000001a066eabc20 JavaThread "EMF Reference Cleaner" daemon [_thread_blocked, id=23344, stack(0x0000001334e00000,0x0000001334f00000)]
  0x000001a066ead060 JavaThread "Worker-JM" [_thread_blocked, id=22048, stack(0x0000001336100000,0x0000001336200000)]
  0x000001a066ead570 JavaThread "Gogo shell" [_thread_blocked, id=18912, stack(0x0000001336200000,0x0000001336300000)]
  0x000001a066eaa2d0 JavaThread "Bundle File Closer" daemon [_thread_blocked, id=23912, stack(0x0000001336800000,0x0000001336900000)]
  0x000001a06e6f1b40 JavaThread "JNA Cleaner" daemon [_thread_blocked, id=11808, stack(0x0000001334d00000,0x0000001334e00000)]
  0x000001a06e6eabe0 JavaThread "org.eclipse.cdt.internal.ui.text.CReconciler" daemon [_thread_blocked, id=6572, stack(0x0000001336c00000,0x0000001336d00000)]
  0x000001a06e6ef7d0 JavaThread "Thread-9" [_thread_blocked, id=7852, stack(0x0000001335e00000,0x0000001335f00000)]
  0x000001a06e6f0c10 JavaThread "Thread-10" [_thread_blocked, id=9824, stack(0x0000001335f00000,0x0000001336000000)]
  0x000001a06e6f1120 JavaThread "EventAdmin Async Event Dispatcher Thread" daemon [_thread_blocked, id=10364, stack(0x0000001336e00000,0x0000001336f00000)]
  0x000001a06e6ec020 JavaThread "pool-3-thread-1" [_thread_blocked, id=13192, stack(0x0000001336f00000,0x0000001337000000)]
  0x000001a06e6ecf50 JavaThread "pool-4-thread-1" [_thread_blocked, id=11332, stack(0x0000001337000000,0x0000001337100000)]
  0x000001a06efe2850 JavaThread "Java2D Disposer" daemon [_thread_blocked, id=9340, stack(0x0000001337f00000,0x0000001338000000)]
  0x000001a06efe1e30 JavaThread "AWT-Windows" daemon [_thread_in_native, id=8788, stack(0x0000001338100000,0x0000001338200000)]
  0x000001a06efe1920 JavaThread "RMI TCP Accept-41337" daemon [_thread_in_native, id=13248, stack(0x0000001337200000,0x0000001337300000)]
  0x000001a06efdffd0 JavaThread "RMI Reaper" [_thread_blocked, id=14116, stack(0x0000001337800000,0x0000001337900000)]
  0x000001a066eaa7e0 JavaThread "RMI GC Daemon" daemon [_thread_blocked, id=12412, stack(0x0000001337d00000,0x0000001337e00000)]
  0x000001a06e6ed460 JavaThread "TimerQueue" daemon [_thread_blocked, id=1920, stack(0x0000001336900000,0x0000001336a00000)]
  0x000001a07881b840 JavaThread "AWT-Shutdown" [_thread_blocked, id=9016, stack(0x0000001338e00000,0x0000001338f00000)]
  0x000001a0788194d0 JavaThread "AWT-EventQueue-0" [_thread_blocked, id=9832, stack(0x0000001338f00000,0x0000001339000000)]
  0x000001a07881dbb0 JavaThread "IPC Server Thread" daemon [_thread_in_native, id=19804, stack(0x0000001333700000,0x0000001333800000)]
  0x000001a07881ff20 JavaThread "Chromium Process Thread" [_thread_in_native, id=19808, stack(0x0000001333800000,0x0000001333900000)]
  0x000001a078820940 JavaThread "Chromium Process Logger" daemon [_thread_in_native, id=19832, stack(0x0000001333900000,0x0000001333a00000)]
  0x000001a06efe09f0 JavaThread "Browser Thread: e67fd4ed-00f3-4319-916c-ebe007ce37de" daemon [_thread_blocked, id=20260, stack(0x0000001339300000,0x0000001339400000)]
  0x000001a06e6ef2c0 JavaThread "IPC Memory Reader Thread" [_thread_in_native, id=20256, stack(0x0000001339100000,0x0000001339200000)]
  0x000001a00a509250 JavaThread "Socket Connection Checker: e67fd4ed-00f3-4319-916c-ebe007ce37de" [_thread_in_native, id=20264, stack(0x0000001339400000,0x0000001339500000)]
  0x000001a00a505080 JavaThread "Render Thread: 0e7c3f48-e6e2-4ff2-89ca-669cec63b14a" daemon [_thread_blocked, id=18788, stack(0x0000001339b00000,0x0000001339c00000)]
  0x000001a00a508320 JavaThread "Socket Connection Checker: 0e7c3f48-e6e2-4ff2-89ca-669cec63b14a" [_thread_in_native, id=18792, stack(0x0000001339c00000,0x0000001339d00000)]
  0x000001a00a508d40 JavaThread "IPC Memory Reader Thread" [_thread_in_native, id=18780, stack(0x0000001339a00000,0x0000001339b00000)]
  0x000001a00a508830 JavaThread "Render Thread: 349d6234-235d-4d4f-a81d-ff417772250d" daemon [_thread_blocked, id=23140, stack(0x000000133a300000,0x000000133a400000)]
  0x000001a00a5022f0 JavaThread "Socket Connection Checker: 349d6234-235d-4d4f-a81d-ff417772250d" [_thread_in_native, id=22780, stack(0x000000133a400000,0x000000133a500000)]
  0x000001a00a5069d0 JavaThread "IPC Memory Reader Thread" [_thread_in_native, id=23224, stack(0x000000133a200000,0x000000133a300000)]
  0x000001a00a5064c0 JavaThread "Serial Ports Filter" daemon [_thread_blocked, id=22368, stack(0x0000001338000000,0x0000001338100000)]
  0x000001a00a505590 JavaThread "HttpClient-1-SelectorManager" daemon [_thread_in_native, id=21904, stack(0x0000001337e00000,0x0000001337f00000)]
  0x000001a00a504150 JavaThread "Provisioning Event Dispatcher" daemon [_thread_blocked, id=13220, stack(0x000000133a700000,0x000000133a800000)]
  0x000001a078dcafe0 JavaThread "pool-5-thread-1" [_thread_blocked, id=5228, stack(0x0000001337300000,0x0000001337400000)]
  0x000001a06f9ef4c0 JavaThread "Timer-1" [_thread_blocked, id=1548, stack(0x0000001337a00000,0x0000001337b00000)]
  0x000001a00a4e86f0 JavaThread "Worker-20" [_thread_blocked, id=21944, stack(0x000000133a000000,0x000000133a100000)]
  0x000001a06e6eedb0 JavaThread "org.eclipse.cdt.internal.ui.text.CReconciler" daemon [_thread_blocked, id=5236, stack(0x000000133b900000,0x000000133ba00000)]
  0x000001a06f0d3810 JavaThread "org.eclipse.cdt.internal.ui.text.CReconciler" daemon [_thread_blocked, id=11620, stack(0x000000133bb00000,0x000000133bc00000)]
  0x000001a06e6f2560 JavaThread "org.eclipse.jface.text.reconciler.MonoReconciler" daemon [_thread_blocked, id=15080, stack(0x000000133c000000,0x000000133c100000)]
  0x000001a06f4801a0 JavaThread "Thread-94" [_thread_blocked, id=17708, stack(0x0000001336400000,0x0000001336500000)]
  0x000001a06f0d23d0 JavaThread "org.eclipse.cdt.internal.ui.text.CReconciler" daemon [_thread_blocked, id=2840, stack(0x0000001336300000,0x0000001336400000)]
  0x000001a00af25050 JavaThread "org.eclipse.cdt.internal.ui.text.CReconciler" daemon [_thread_blocked, id=14000, stack(0x000000133b700000,0x000000133b800000)]
  0x000001a00b307870 JavaThread "org.eclipse.cdt.internal.ui.text.CReconciler" daemon [_thread_blocked, id=25888, stack(0x0000001337500000,0x0000001337600000)]
  0x000001a06f0d14a0 JavaThread "org.eclipse.cdt.internal.ui.text.CReconciler" daemon [_thread_blocked, id=25812, stack(0x000000133bd00000,0x000000133be00000)]
  0x000001a00adc9580 JavaThread "org.eclipse.jface.text.reconciler.MonoReconciler" daemon [_thread_blocked, id=24672, stack(0x000000133ba00000,0x000000133bb00000)]
  0x000001a00adc9070 JavaThread "Worker-67: GDB CLI output Job" [_thread_blocked, id=21096, stack(0x0000001337600000,0x0000001337700000)]
  0x000001a00af25560 JavaThread "org.eclipse.cdt.internal.ui.text.CReconciler" daemon [_thread_blocked, id=10356, stack(0x0000001339e00000,0x0000001339f00000)]
  0x000001a00a507900 JavaThread "Worker-80: GDB process monitor job." [_thread_blocked, id=13092, stack(0x0000001336600000,0x0000001336700000)]
  0x000001a00adcc310 JavaThread "Worker-81: GDB CLI error output Job" [_thread_blocked, id=24888, stack(0x0000001336500000,0x0000001336600000)]
  0x000001a00af26eb0 JavaThread "Worker-82: GDB CLI Input Job" [_thread_blocked, id=13944, stack(0x0000001336b00000,0x0000001336c00000)]
  0x000001a00adc9fa0 JavaThread "Worker-83: GDB process monitor job." [_thread_blocked, id=17952, stack(0x0000001338400000,0x0000001338500000)]
  0x000001a00b307d80 JavaThread "Worker-84: Traces Input Job" [_thread_blocked, id=26412, stack(0x0000001337400000,0x0000001337500000)]
  0x000001a00b3096d0 JavaThread "org.eclipse.cdt.dsf.gdb - 6" [_thread_blocked, id=25236, stack(0x0000001337b00000,0x0000001337c00000)]
  0x000001a00b309be0 JavaThread "Thread-553" [_thread_in_native, id=10304, stack(0x0000001337100000,0x0000001337200000)]
  0x000001a00b30ab10 JavaThread "Thread-554" [_thread_in_native, id=16576, stack(0x0000001337c00000,0x0000001337d00000)]
  0x000001a06f47f270 JavaThread "Spawner Reaper" daemon [_thread_in_native, id=14828, stack(0x0000001339200000,0x0000001339300000)]
  0x000001a06e69f8f0 JavaThread "MI TX Thread" [_thread_blocked, id=13296, stack(0x0000001339f00000,0x000000133a000000)]
  0x000001a06e6a0310 JavaThread "MI RX Thread" [_thread_in_native, id=14220, stack(0x000000133a500000,0x000000133a600000)]
  0x000001a06f9eeaa0 JavaThread "MI Error Thread" [_thread_in_native, id=19756, stack(0x000000133a600000,0x000000133a700000)]
  0x000001a078a7d3b0 JavaThread "GDB Command Timer Thread" [_thread_blocked, id=16760, stack(0x000000133a800000,0x000000133a900000)]
  0x000001a00b69ee00 JavaThread "Spawner Reaper" daemon [_thread_in_native, id=25460, stack(0x000000133aa00000,0x000000133ab00000)]
  0x000001a078a7ed00 JavaThread "Worker-85: Process Console Input Job" [_thread_blocked, id=21312, stack(0x000000133ac00000,0x000000133ad00000)]
  0x000001a00adcc820 JavaThread "MI TX Thread" [_thread_blocked, id=4080, stack(0x000000133ad00000,0x000000133ae00000)]
  0x000001a00adca4b0 JavaThread "MI RX Thread" [_thread_in_native, id=2676, stack(0x000000133ae00000,0x000000133af00000)]
  0x000001a00adca9c0 JavaThread "MI Error Thread" [_thread_in_native, id=25088, stack(0x000000133af00000,0x000000133b000000)]
  0x000001a00adcaed0 JavaThread "GDB Command Timer Thread" [_thread_blocked, id=24296, stack(0x000000133b000000,0x000000133b100000)]
  0x000001a00b6a0240 JavaThread "Process monitor project3_CM7" daemon [_thread_blocked, id=18396, stack(0x000000133b100000,0x000000133b200000)]
  0x000001a00adcb3e0 JavaThread "Worker-86" [_thread_blocked, id=21172, stack(0x000000133b200000,0x000000133b300000)]
  0x000001a00a509760 JavaThread "Spawner Reaper" daemon [_thread_in_native, id=15536, stack(0x000000133b300000,0x000000133b400000)]
  0x000001a06f0d0570 JavaThread "Output Stream Monitor for PID 49 project3_CM7" daemon [_thread_in_native, id=2480, stack(0x000000133b600000,0x000000133b700000)]
  0x000001a06f0d2df0 JavaThread "Error Stream Monitor for PID 49 project3_CM7" daemon [_thread_in_native, id=25996, stack(0x000000133b800000,0x000000133b900000)]
  0x000001a06f0d0060 JavaThread "Input Stream Monitor for PID 49 project3_CM7" daemon [_thread_blocked, id=24132, stack(0x000000133bc00000,0x000000133bd00000)]
  0x000001a06f0d0a80 JavaThread "Process monitor for PID 49 project3_CM7" daemon [_thread_blocked, id=13864, stack(0x000000133be00000,0x000000133bf00000)]
  0x000001a06f0d19b0 JavaThread "SWV client thread" [_thread_in_native, id=8380, stack(0x000000133c400000,0x000000133c500000)]
  0x000001a00b308290 JavaThread "Thread-571" [_thread_blocked, id=15944, stack(0x000000133c200000,0x000000133c300000)]

Other Threads:
  0x000001a0603cec40 VMThread "VM Thread" [stack: 0x0000001334000000,0x0000001334100000] [id=13336]
  0x000001a06060dd00 WatcherThread [stack: 0x0000001334b00000,0x0000001334c00000] [id=16864]
  0x000001a0432cf570 GCTaskThread "GC Thread#0" [stack: 0x0000001333a00000,0x0000001333b00000] [id=13692]
  0x000001a065733d30 GCTaskThread "GC Thread#1" [stack: 0x0000001334f00000,0x0000001335000000] [id=2824]
  0x000001a066d0ed10 GCTaskThread "GC Thread#2" [stack: 0x0000001335000000,0x0000001335100000] [id=22836]
  0x000001a065733ff0 GCTaskThread "GC Thread#3" [stack: 0x0000001335100000,0x0000001335200000] [id=10916]
  0x000001a0657342b0 GCTaskThread "GC Thread#4" [stack: 0x0000001335200000,0x0000001335300000] [id=14280]
  0x000001a065734980 GCTaskThread "GC Thread#5" [stack: 0x0000001335300000,0x0000001335400000] [id=23228]
  0x000001a0653f6240 GCTaskThread "GC Thread#6" [stack: 0x0000001335400000,0x0000001335500000] [id=23112]
  0x000001a066d3d1f0 GCTaskThread "GC Thread#7" [stack: 0x0000001335500000,0x0000001335600000] [id=1844]
  0x000001a0432d8c60 ConcurrentGCThread "G1 Main Marker" [stack: 0x0000001333b00000,0x0000001333c00000] [id=5724]
  0x000001a0432dba60 ConcurrentGCThread "G1 Conc#0" [stack: 0x0000001333c00000,0x0000001333d00000] [id=6088]
  0x000001a067400300 ConcurrentGCThread "G1 Conc#1" [stack: 0x0000001336000000,0x0000001336100000] [id=22180]
  0x000001a04333e290 ConcurrentGCThread "G1 Refine#0" [stack: 0x0000001333d00000,0x0000001333e00000] [id=20892]
  0x000001a066c84830 ConcurrentGCThread "G1 Refine#1" [stack: 0x0000001335600000,0x0000001335700000] [id=23460]
  0x000001a0656dbbf0 ConcurrentGCThread "G1 Refine#2" [stack: 0x0000001335700000,0x0000001335800000] [id=1580]
  0x000001a066f6bb00 ConcurrentGCThread "G1 Refine#3" [stack: 0x0000001335800000,0x0000001335900000] [id=23108]
  0x000001a066d0b680 ConcurrentGCThread "G1 Refine#4" [stack: 0x0000001335900000,0x0000001335a00000] [id=23212]
  0x000001a0684d64f0 ConcurrentGCThread "G1 Refine#5" [stack: 0x0000001336a00000,0x0000001336b00000] [id=5336]
  0x000001a0684d5640 ConcurrentGCThread "G1 Refine#6" [stack: 0x0000001338200000,0x0000001338300000] [id=10776]
  0x000001a06024a1a0 ConcurrentGCThread "G1 Service" [stack: 0x0000001333e00000,0x0000001333f00000] [id=22316]
  0x000001a0603cdd90 ConcurrentGCThread "StringDedupProcessor" [stack: 0x0000001333f00000,0x0000001334000000] [id=5700]

Threads with active compile tasks:

VM state: not at safepoint (normal execution)

VM Mutex/Monitor currently owned by a thread:  ([mutex/lock_event])
[0x000001a04328ff90] Metaspace_lock - owner thread: 0x000001a043293c80

Heap address: 0x00000000c0000000, size: 1024 MB, Compressed Oops mode: 32-bit

CDS archive(s) not mapped
Compressed class space mapped at: 0x0000000100000000-0x0000000140000000, reserved size: 1073741824
Narrow klass base: 0x0000000000000000, Narrow klass shift: 3, Narrow klass range: 0x140000000

GC Precious Log:
 CPUs: 8 total, 8 available
 Memory: 16103M
 Large Page Support: Disabled
 NUMA Support: Disabled
 Compressed Oops: Enabled (32-bit)
 Heap Region Size: 1M
 Heap Min Capacity: 256M
 Heap Initial Capacity: 256M
 Heap Max Capacity: 1G
 Pre-touch: Disabled
 Parallel Workers: 8
 Concurrent Workers: 2
 Concurrent Refinement Workers: 8
 Periodic GC: Disabled
 String Deduplication is enabled

Heap:
 garbage-first heap   total 884736K, used 522855K [0x00000000c0000000, 0x0000000100000000)
  region size 1024K, 246 young (251904K), 28 survivors (28672K)
 Metaspace       used 199694K, committed 202688K, reserved 1245184K
  class space    used 23366K, committed 24704K, reserved 1048576K

Heap Regions: E=young(eden), S=young(survivor), O=old, HS=humongous(starts), HC=humongous(continues), CS=collection set, F=free, OA=open archive, CA=closed archive, TAMS=top-at-mark-start (previous, next)
|   0|0x00000000c0000000, 0x00000000c0100000, 0x00000000c0100000|100%| O|  |TAMS 0x00000000c0100000, 0x00000000c0000000| Untracked 
|   1|0x00000000c0100000, 0x00000000c0200000, 0x00000000c0200000|100%| O|  |TAMS 0x00000000c0200000, 0x00000000c0100000| Untracked 
|   2|0x00000000c0200000, 0x00000000c0300000, 0x00000000c0300000|100%| O|  |TAMS 0x00000000c0300000, 0x00000000c0200000| Untracked 
|   3|0x00000000c0300000, 0x00000000c0400000, 0x00000000c0400000|100%| O|  |TAMS 0x00000000c0400000, 0x00000000c0300000| Untracked 
|   4|0x00000000c0400000, 0x00000000c0500000, 0x00000000c0500000|100%| O|  |TAMS 0x00000000c0500000, 0x00000000c0400000| Untracked 
|   5|0x00000000c0500000, 0x00000000c05ffda0, 0x00000000c0600000| 99%| O|  |TAMS 0x00000000c05ffda0, 0x00000000c0500000| Untracked 
|   6|0x00000000c0600000, 0x00000000c06ffff8, 0x00000000c0700000| 99%| O|  |TAMS 0x00000000c06ffff8, 0x00000000c0600000| Untracked 
|   7|0x00000000c0700000, 0x00000000c07ffff8, 0x00000000c0800000| 99%| O|  |TAMS 0x00000000c07ffff8, 0x00000000c0700000| Untracked 
|   8|0x00000000c0800000, 0x00000000c08fffe8, 0x00000000c0900000| 99%| O|  |TAMS 0x00000000c08fffe8, 0x00000000c0800000| Untracked 
|   9|0x00000000c0900000, 0x00000000c0a00000, 0x00000000c0a00000|100%| O|  |TAMS 0x00000000c0a00000, 0x00000000c0900000| Untracked 
|  10|0x00000000c0a00000, 0x00000000c0b00000, 0x00000000c0b00000|100%|HS|  |TAMS 0x00000000c0b00000, 0x00000000c0a00000| Complete 
|  11|0x00000000c0b00000, 0x00000000c0bffff0, 0x00000000c0c00000| 99%| O|  |TAMS 0x00000000c0bffff0, 0x00000000c0b00000| Untracked 
|  12|0x00000000c0c00000, 0x00000000c0cffff0, 0x00000000c0d00000| 99%| O|  |TAMS 0x00000000c0cffff0, 0x00000000c0c00000| Untracked 
|  13|0x00000000c0d00000, 0x00000000c0dffff8, 0x00000000c0e00000| 99%| O|  |TAMS 0x00000000c0dffff8, 0x00000000c0d00000| Untracked 
|  14|0x00000000c0e00000, 0x00000000c0f00000, 0x00000000c0f00000|100%| O|  |TAMS 0x00000000c0f00000, 0x00000000c0e00000| Untracked 
|  15|0x00000000c0f00000, 0x00000000c0ffffe8, 0x00000000c1000000| 99%| O|  |TAMS 0x00000000c0ffffe8, 0x00000000c0f00000| Untracked 
|  16|0x00000000c1000000, 0x00000000c10fffe8, 0x00000000c1100000| 99%| O|  |TAMS 0x00000000c10fffe8, 0x00000000c1000000| Untracked 
|  17|0x00000000c1100000, 0x00000000c11ffbe0, 0x00000000c1200000| 99%| O|  |TAMS 0x00000000c11ffbe0, 0x00000000c1100000| Untracked 
|  18|0x00000000c1200000, 0x00000000c1300000, 0x00000000c1300000|100%| O|  |TAMS 0x00000000c1300000, 0x00000000c1200000| Untracked 
|  19|0x00000000c1300000, 0x00000000c1400000, 0x00000000c1400000|100%|HS|  |TAMS 0x00000000c1400000, 0x00000000c1300000| Complete 
|  20|0x00000000c1400000, 0x00000000c1500000, 0x00000000c1500000|100%|HC|  |TAMS 0x00000000c1500000, 0x00000000c1400000| Complete 
|  21|0x00000000c1500000, 0x00000000c1600000, 0x00000000c1600000|100%|HC|  |TAMS 0x00000000c1600000, 0x00000000c1500000| Complete 
|  22|0x00000000c1600000, 0x00000000c1700000, 0x00000000c1700000|100%|HC|  |TAMS 0x00000000c1700000, 0x00000000c1600000| Complete 
|  23|0x00000000c1700000, 0x00000000c1800000, 0x00000000c1800000|100%|HC|  |TAMS 0x00000000c1800000, 0x00000000c1700000| Complete 
|  24|0x00000000c1800000, 0x00000000c1900000, 0x00000000c1900000|100%|HC|  |TAMS 0x00000000c1900000, 0x00000000c1800000| Complete 
|  25|0x00000000c1900000, 0x00000000c19fd650, 0x00000000c1a00000| 98%| O|  |TAMS 0x00000000c19fd650, 0x00000000c1900000| Untracked 
|  26|0x00000000c1a00000, 0x00000000c1affff0, 0x00000000c1b00000| 99%| O|  |TAMS 0x00000000c1affff0, 0x00000000c1a00000| Untracked 
|  27|0x00000000c1b00000, 0x00000000c1bfffe0, 0x00000000c1c00000| 99%| O|  |TAMS 0x00000000c1bfffe0, 0x00000000c1b00000| Untracked 
|  28|0x00000000c1c00000, 0x00000000c1cffff0, 0x00000000c1d00000| 99%| O|  |TAMS 0x00000000c1cffff0, 0x00000000c1c00000| Untracked 
|  29|0x00000000c1d00000, 0x00000000c1dff980, 0x00000000c1e00000| 99%| O|  |TAMS 0x00000000c1dff980, 0x00000000c1d00000| Untracked 
|  30|0x00000000c1e00000, 0x00000000c1efffd0, 0x00000000c1f00000| 99%| O|  |TAMS 0x00000000c1efffd0, 0x00000000c1e00000| Untracked 
|  31|0x00000000c1f00000, 0x00000000c1ffffc0, 0x00000000c2000000| 99%| O|  |TAMS 0x00000000c1ffffc0, 0x00000000c1f00000| Untracked 
|  32|0x00000000c2000000, 0x00000000c20fffe8, 0x00000000c2100000| 99%| O|  |TAMS 0x00000000c20fffe8, 0x00000000c2000000| Untracked 
|  33|0x00000000c2100000, 0x00000000c21ffcc8, 0x00000000c2200000| 99%| O|  |TAMS 0x00000000c21ffcc8, 0x00000000c2100000| Untracked 
|  34|0x00000000c2200000, 0x00000000c2300000, 0x00000000c2300000|100%| O|  |TAMS 0x00000000c2300000, 0x00000000c2200000| Untracked 
|  35|0x00000000c2300000, 0x00000000c2400000, 0x00000000c2400000|100%| O|  |TAMS 0x00000000c2400000, 0x00000000c2300000| Untracked 
|  36|0x00000000c2400000, 0x00000000c24ffff0, 0x00000000c2500000| 99%| O|  |TAMS 0x00000000c24ffff0, 0x00000000c2400000| Untracked 
|  37|0x00000000c2500000, 0x00000000c2600000, 0x00000000c2600000|100%| O|  |TAMS 0x00000000c2600000, 0x00000000c2500000| Untracked 
|  38|0x00000000c2600000, 0x00000000c2700000, 0x00000000c2700000|100%| O|  |TAMS 0x00000000c2700000, 0x00000000c2600000| Untracked 
|  39|0x00000000c2700000, 0x00000000c27ffff0, 0x00000000c2800000| 99%| O|  |TAMS 0x00000000c27ffff0, 0x00000000c2700000| Untracked 
|  40|0x00000000c2800000, 0x00000000c28fffd0, 0x00000000c2900000| 99%| O|  |TAMS 0x00000000c28fffd0, 0x00000000c2800000| Untracked 
|  41|0x00000000c2900000, 0x00000000c2a00000, 0x00000000c2a00000|100%| O|  |TAMS 0x00000000c2a00000, 0x00000000c2900000| Untracked 
|  42|0x00000000c2a00000, 0x00000000c2afffe8, 0x00000000c2b00000| 99%| O|  |TAMS 0x00000000c2afffe8, 0x00000000c2a00000| Untracked 
|  43|0x00000000c2b00000, 0x00000000c2c00000, 0x00000000c2c00000|100%| O|  |TAMS 0x00000000c2c00000, 0x00000000c2b00000| Untracked 
|  44|0x00000000c2c00000, 0x00000000c2d00000, 0x00000000c2d00000|100%|HS|  |TAMS 0x00000000c2d00000, 0x00000000c2c00000| Complete 
|  45|0x00000000c2d00000, 0x00000000c2dffff8, 0x00000000c2e00000| 99%| O|  |TAMS 0x00000000c2dffff8, 0x00000000c2d00000| Untracked 
|  46|0x00000000c2e00000, 0x00000000c2effff8, 0x00000000c2f00000| 99%| O|  |TAMS 0x00000000c2effff8, 0x00000000c2e00000| Untracked 
|  47|0x00000000c2f00000, 0x00000000c2ffff50, 0x00000000c3000000| 99%| O|  |TAMS 0x00000000c2ffff50, 0x00000000c2f00000| Untracked 
|  48|0x00000000c3000000, 0x00000000c30fffd8, 0x00000000c3100000| 99%| O|  |TAMS 0x00000000c30fffd8, 0x00000000c3000000| Untracked 
|  49|0x00000000c3100000, 0x00000000c3200000, 0x00000000c3200000|100%| O|  |TAMS 0x00000000c3200000, 0x00000000c3100000| Untracked 
|  50|0x00000000c3200000, 0x00000000c3300000, 0x00000000c3300000|100%| O|  |TAMS 0x00000000c3300000, 0x00000000c3200000| Untracked 
|  51|0x00000000c3300000, 0x00000000c3400000, 0x00000000c3400000|100%| O|  |TAMS 0x00000000c3400000, 0x00000000c3300000| Untracked 
|  52|0x00000000c3400000, 0x00000000c3500000, 0x00000000c3500000|100%| O|  |TAMS 0x00000000c3500000, 0x00000000c3400000| Untracked 
|  53|0x00000000c3500000, 0x00000000c35fffe8, 0x00000000c3600000| 99%| O|  |TAMS 0x00000000c35fffe8, 0x00000000c3500000| Untracked 
|  54|0x00000000c3600000, 0x00000000c36d49c0, 0x00000000c3700000| 83%| O|  |TAMS 0x00000000c36d49c0, 0x00000000c3600000| Untracked 
|  55|0x00000000c3700000, 0x00000000c3800000, 0x00000000c3800000|100%|HS|  |TAMS 0x00000000c3800000, 0x00000000c3700000| Complete 
|  56|0x00000000c3800000, 0x00000000c38ffd30, 0x00000000c3900000| 99%| O|  |TAMS 0x00000000c38ffd30, 0x00000000c3800000| Untracked 
|  57|0x00000000c3900000, 0x00000000c3a00000, 0x00000000c3a00000|100%| O|  |TAMS 0x00000000c3a00000, 0x00000000c3900000| Untracked 
|  58|0x00000000c3a00000, 0x00000000c3affff0, 0x00000000c3b00000| 99%| O|  |TAMS 0x00000000c3affff0, 0x00000000c3a00000| Untracked 
|  59|0x00000000c3b00000, 0x00000000c3bfff60, 0x00000000c3c00000| 99%| O|  |TAMS 0x00000000c3bfff60, 0x00000000c3b00000| Untracked 
|  60|0x00000000c3c00000, 0x00000000c3cf2580, 0x00000000c3d00000| 94%| O|  |TAMS 0x00000000c3cf2580, 0x00000000c3c00000| Untracked 
|  61|0x00000000c3d00000, 0x00000000c3dfc048, 0x00000000c3e00000| 98%| O|  |TAMS 0x00000000c3dfc048, 0x00000000c3d00000| Untracked 
|  62|0x00000000c3e00000, 0x00000000c3effff0, 0x00000000c3f00000| 99%| O|  |TAMS 0x00000000c3effff0, 0x00000000c3e00000| Untracked 
|  63|0x00000000c3f00000, 0x00000000c3ffaa90, 0x00000000c4000000| 97%| O|  |TAMS 0x00000000c3ffaa90, 0x00000000c3f00000| Untracked 
|  64|0x00000000c4000000, 0x00000000c40fc1f0, 0x00000000c4100000| 98%| O|  |TAMS 0x00000000c40fc1f0, 0x00000000c4000000| Untracked 
|  65|0x00000000c4100000, 0x00000000c41ffff0, 0x00000000c4200000| 99%| O|  |TAMS 0x00000000c41ffff0, 0x00000000c4100000| Untracked 
|  66|0x00000000c4200000, 0x00000000c4300000, 0x00000000c4300000|100%|HS|  |TAMS 0x00000000c4200000, 0x00000000c4200000| Complete 
|  67|0x00000000c4300000, 0x00000000c4400000, 0x00000000c4400000|100%| O|  |TAMS 0x00000000c4400000, 0x00000000c4300000| Complete 
|  68|0x00000000c4400000, 0x00000000c4500000, 0x00000000c4500000|100%| O|  |TAMS 0x00000000c4500000, 0x00000000c4400000| Untracked 
|  69|0x00000000c4500000, 0x00000000c4600000, 0x00000000c4600000|100%| O|  |TAMS 0x00000000c4600000, 0x00000000c4500000| Untracked 
|  70|0x00000000c4600000, 0x00000000c46fffe8, 0x00000000c4700000| 99%| O|  |TAMS 0x00000000c46fffe8, 0x00000000c4600000| Untracked 
|  71|0x00000000c4700000, 0x00000000c47fffe8, 0x00000000c4800000| 99%| O|  |TAMS 0x00000000c47fffe8, 0x00000000c4700000| Untracked 
|  72|0x00000000c4800000, 0x00000000c4900000, 0x00000000c4900000|100%| O|  |TAMS 0x00000000c4900000, 0x00000000c4800000| Untracked 
|  73|0x00000000c4900000, 0x00000000c49fffe0, 0x00000000c4a00000| 99%| O|  |TAMS 0x00000000c49fffe0, 0x00000000c4900000| Untracked 
|  74|0x00000000c4a00000, 0x00000000c4b00000, 0x00000000c4b00000|100%| O|  |TAMS 0x00000000c4b00000, 0x00000000c4a00000| Complete 
|  75|0x00000000c4b00000, 0x00000000c4bfffe8, 0x00000000c4c00000| 99%| O|  |TAMS 0x00000000c4bfffe8, 0x00000000c4b00000| Untracked 
|  76|0x00000000c4c00000, 0x00000000c4d00000, 0x00000000c4d00000|100%|HS|  |TAMS 0x00000000c4d00000, 0x00000000c4c00000| Complete 
|  77|0x00000000c4d00000, 0x00000000c4e00000, 0x00000000c4e00000|100%|HS|  |TAMS 0x00000000c4d00000, 0x00000000c4d00000| Complete 
|  78|0x00000000c4e00000, 0x00000000c4effff0, 0x00000000c4f00000| 99%| O|  |TAMS 0x00000000c4effff0, 0x00000000c4e00000| Untracked 
|  79|0x00000000c4f00000, 0x00000000c4fffff8, 0x00000000c5000000| 99%| O|  |TAMS 0x00000000c4fffff8, 0x00000000c4f00000| Untracked 
|  80|0x00000000c5000000, 0x00000000c50fa1e8, 0x00000000c5100000| 97%| O|  |TAMS 0x00000000c50fa1e8, 0x00000000c5000000| Untracked 
|  81|0x00000000c5100000, 0x00000000c5200000, 0x00000000c5200000|100%|HS|  |TAMS 0x00000000c5100000, 0x00000000c5100000| Complete 
|  82|0x00000000c5200000, 0x00000000c52ffff8, 0x00000000c5300000| 99%| O|  |TAMS 0x00000000c52ffff8, 0x00000000c5200000| Untracked 
|  83|0x00000000c5300000, 0x00000000c53fffe0, 0x00000000c5400000| 99%| O|  |TAMS 0x00000000c53fffe0, 0x00000000c5300000| Untracked 
|  84|0x00000000c5400000, 0x00000000c5500000, 0x00000000c5500000|100%| O|  |TAMS 0x00000000c5500000, 0x00000000c5400000| Untracked 
|  85|0x00000000c5500000, 0x00000000c55ff6d0, 0x00000000c5600000| 99%| O|  |TAMS 0x00000000c55ff6d0, 0x00000000c5500000| Untracked 
|  86|0x00000000c5600000, 0x00000000c56fffe8, 0x00000000c5700000| 99%| O|  |TAMS 0x00000000c56fffe8, 0x00000000c5600000| Untracked 
|  87|0x00000000c5700000, 0x00000000c57ffff8, 0x00000000c5800000| 99%| O|  |TAMS 0x00000000c57ffff8, 0x00000000c5700000| Untracked 
|  88|0x00000000c5800000, 0x00000000c58ffff0, 0x00000000c5900000| 99%| O|  |TAMS 0x00000000c58ffff0, 0x00000000c5800000| Untracked 
|  89|0x00000000c5900000, 0x00000000c59ffff8, 0x00000000c5a00000| 99%| O|  |TAMS 0x00000000c59ffff8, 0x00000000c5900000| Untracked 
|  90|0x00000000c5a00000, 0x00000000c5ae51f0, 0x00000000c5b00000| 89%| O|  |TAMS 0x00000000c5ae51f0, 0x00000000c5a00000| Untracked 
|  91|0x00000000c5b00000, 0x00000000c5bffff8, 0x00000000c5c00000| 99%| O|  |TAMS 0x00000000c5bffff8, 0x00000000c5b00000| Untracked 
|  92|0x00000000c5c00000, 0x00000000c5cffff8, 0x00000000c5d00000| 99%| O|  |TAMS 0x00000000c5cffff8, 0x00000000c5c00000| Untracked 
|  93|0x00000000c5d00000, 0x00000000c5dffff0, 0x00000000c5e00000| 99%| O|  |TAMS 0x00000000c5dffff0, 0x00000000c5d00000| Untracked 
|  94|0x00000000c5e00000, 0x00000000c5f00000, 0x00000000c5f00000|100%| O|  |TAMS 0x00000000c5f00000, 0x00000000c5e00000| Untracked 
|  95|0x00000000c5f00000, 0x00000000c6000000, 0x00000000c6000000|100%| O|  |TAMS 0x00000000c6000000, 0x00000000c5f00000| Untracked 
|  96|0x00000000c6000000, 0x00000000c6100000, 0x00000000c6100000|100%| O|  |TAMS 0x00000000c6100000, 0x00000000c6000000| Untracked 
|  97|0x00000000c6100000, 0x00000000c6200000, 0x00000000c6200000|100%| O|  |TAMS 0x00000000c6200000, 0x00000000c6100000| Untracked 
|  98|0x00000000c6200000, 0x00000000c62ffff8, 0x00000000c6300000| 99%| O|  |TAMS 0x00000000c62ffff8, 0x00000000c6200000| Untracked 
|  99|0x00000000c6300000, 0x00000000c6400000, 0x00000000c6400000|100%| O|  |TAMS 0x00000000c6400000, 0x00000000c6300000| Untracked 
| 100|0x00000000c6400000, 0x00000000c64ffff8, 0x00000000c6500000| 99%| O|  |TAMS 0x00000000c64ffff8, 0x00000000c6400000| Untracked 
| 101|0x00000000c6500000, 0x00000000c65fd1c0, 0x00000000c6600000| 98%| O|  |TAMS 0x00000000c65fd1c0, 0x00000000c6500000| Untracked 
| 102|0x00000000c6600000, 0x00000000c6700000, 0x00000000c6700000|100%|HS|  |TAMS 0x00000000c6700000, 0x00000000c6600000| Complete 
| 103|0x00000000c6700000, 0x00000000c6800000, 0x00000000c6800000|100%|HC|  |TAMS 0x00000000c6800000, 0x00000000c6700000| Complete 
| 104|0x00000000c6800000, 0x00000000c6900000, 0x00000000c6900000|100%|HS|  |TAMS 0x00000000c6900000, 0x00000000c6800000| Complete 
| 105|0x00000000c6900000, 0x00000000c6a00000, 0x00000000c6a00000|100%| O|  |TAMS 0x00000000c6a00000, 0x00000000c6900000| Untracked 
| 106|0x00000000c6a00000, 0x00000000c6affff8, 0x00000000c6b00000| 99%| O|  |TAMS 0x00000000c6affff8, 0x00000000c6a00000| Untracked 
| 107|0x00000000c6b00000, 0x00000000c6bfffe8, 0x00000000c6c00000| 99%| O|  |TAMS 0x00000000c6bfffe8, 0x00000000c6b00000| Untracked 
| 108|0x00000000c6c00000, 0x00000000c6d00000, 0x00000000c6d00000|100%| O|  |TAMS 0x00000000c6d00000, 0x00000000c6c00000| Untracked 
| 109|0x00000000c6d00000, 0x00000000c6d00000, 0x00000000c6e00000|  0%| F|  |TAMS 0x00000000c6d00000, 0x00000000c6d00000| Untracked 
| 110|0x00000000c6e00000, 0x00000000c6efffe8, 0x00000000c6f00000| 99%| O|  |TAMS 0x00000000c6efffe8, 0x00000000c6e00000| Untracked 
| 111|0x00000000c6f00000, 0x00000000c6f00000, 0x00000000c7000000|  0%| F|  |TAMS 0x00000000c6f00000, 0x00000000c6f00000| Untracked 
| 112|0x00000000c7000000, 0x00000000c7000000, 0x00000000c7100000|  0%| F|  |TAMS 0x00000000c7000000, 0x00000000c7000000| Untracked 
| 113|0x00000000c7100000, 0x00000000c71ffff8, 0x00000000c7200000| 99%| O|  |TAMS 0x00000000c71ffff8, 0x00000000c7100000| Untracked 
| 114|0x00000000c7200000, 0x00000000c7200000, 0x00000000c7300000|  0%| F|  |TAMS 0x00000000c7200000, 0x00000000c7200000| Untracked 
| 115|0x00000000c7300000, 0x00000000c73ffff0, 0x00000000c7400000| 99%| O|  |TAMS 0x00000000c73ffff0, 0x00000000c7300000| Untracked 
| 116|0x00000000c7400000, 0x00000000c7400000, 0x00000000c7500000|  0%| F|  |TAMS 0x00000000c7400000, 0x00000000c7400000| Untracked 
| 117|0x00000000c7500000, 0x00000000c75fffe8, 0x00000000c7600000| 99%| O|  |TAMS 0x00000000c75fffe8, 0x00000000c7500000| Untracked 
| 118|0x00000000c7600000, 0x00000000c7600000, 0x00000000c7700000|  0%| F|  |TAMS 0x00000000c7600000, 0x00000000c7600000| Untracked 
| 119|0x00000000c7700000, 0x00000000c7700000, 0x00000000c7800000|  0%| F|  |TAMS 0x00000000c7700000, 0x00000000c7700000| Untracked 
| 120|0x00000000c7800000, 0x00000000c78ffff0, 0x00000000c7900000| 99%| O|  |TAMS 0x00000000c78ffff0, 0x00000000c7800000| Untracked 
| 121|0x00000000c7900000, 0x00000000c7a00000, 0x00000000c7a00000|100%| O|  |TAMS 0x00000000c7a00000, 0x00000000c7900000| Untracked 
| 122|0x00000000c7a00000, 0x00000000c7aff520, 0x00000000c7b00000| 99%| O|  |TAMS 0x00000000c7aff520, 0x00000000c7a00000| Untracked 
| 123|0x00000000c7b00000, 0x00000000c7c00000, 0x00000000c7c00000|100%| O|  |TAMS 0x00000000c7c00000, 0x00000000c7b00000| Untracked 
| 124|0x00000000c7c00000, 0x00000000c7c00000, 0x00000000c7d00000|  0%| F|  |TAMS 0x00000000c7c00000, 0x00000000c7c00000| Untracked 
| 125|0x00000000c7d00000, 0x00000000c7e00000, 0x00000000c7e00000|100%| O|  |TAMS 0x00000000c7e00000, 0x00000000c7d00000| Untracked 
| 126|0x00000000c7e00000, 0x00000000c7effff0, 0x00000000c7f00000| 99%| O|  |TAMS 0x00000000c7effff0, 0x00000000c7e00000| Untracked 
| 127|0x00000000c7f00000, 0x00000000c8000000, 0x00000000c8000000|100%| O|  |TAMS 0x00000000c8000000, 0x00000000c7f00000| Untracked 
| 128|0x00000000c8000000, 0x00000000c8100000, 0x00000000c8100000|100%| O|  |TAMS 0x00000000c8100000, 0x00000000c8000000| Untracked 
| 129|0x00000000c8100000, 0x00000000c8200000, 0x00000000c8200000|100%| O|  |TAMS 0x00000000c8200000, 0x00000000c8100000| Untracked 
| 130|0x00000000c8200000, 0x00000000c8300000, 0x00000000c8300000|100%| O|  |TAMS 0x00000000c8300000, 0x00000000c8200000| Untracked 
| 131|0x00000000c8300000, 0x00000000c8300000, 0x00000000c8400000|  0%| F|  |TAMS 0x00000000c8300000, 0x00000000c8300000| Untracked 
| 132|0x00000000c8400000, 0x00000000c8500000, 0x00000000c8500000|100%|HS|  |TAMS 0x00000000c8500000, 0x00000000c8400000| Complete 
| 133|0x00000000c8500000, 0x00000000c8600000, 0x00000000c8600000|100%|HC|  |TAMS 0x00000000c8600000, 0x00000000c8500000| Complete 
| 134|0x00000000c8600000, 0x00000000c8600000, 0x00000000c8700000|  0%| F|  |TAMS 0x00000000c8600000, 0x00000000c8600000| Untracked 
| 135|0x00000000c8700000, 0x00000000c8800000, 0x00000000c8800000|100%| O|  |TAMS 0x00000000c8800000, 0x00000000c8700000| Untracked 
| 136|0x00000000c8800000, 0x00000000c88ffff8, 0x00000000c8900000| 99%| O|  |TAMS 0x00000000c88ffff8, 0x00000000c8800000| Untracked 
| 137|0x00000000c8900000, 0x00000000c8a00000, 0x00000000c8a00000|100%|HS|  |TAMS 0x00000000c8a00000, 0x00000000c8900000| Complete 
| 138|0x00000000c8a00000, 0x00000000c8b00000, 0x00000000c8b00000|100%|HC|  |TAMS 0x00000000c8b00000, 0x00000000c8a00000| Complete 
| 139|0x00000000c8b00000, 0x00000000c8c00000, 0x00000000c8c00000|100%|HS|  |TAMS 0x00000000c8c00000, 0x00000000c8b00000| Complete 
| 140|0x00000000c8c00000, 0x00000000c8d00000, 0x00000000c8d00000|100%|HC|  |TAMS 0x00000000c8d00000, 0x00000000c8c00000| Complete 
| 141|0x00000000c8d00000, 0x00000000c8e00000, 0x00000000c8e00000|100%| O|  |TAMS 0x00000000c8e00000, 0x00000000c8d00000| Untracked 
| 142|0x00000000c8e00000, 0x00000000c8e00000, 0x00000000c8f00000|  0%| F|  |TAMS 0x00000000c8e00000, 0x00000000c8e00000| Untracked 
| 143|0x00000000c8f00000, 0x00000000c9000000, 0x00000000c9000000|100%| O|  |TAMS 0x00000000c9000000, 0x00000000c8f00000| Untracked 
| 144|0x00000000c9000000, 0x00000000c9100000, 0x00000000c9100000|100%| O|  |TAMS 0x00000000c9100000, 0x00000000c9000000| Untracked 
| 145|0x00000000c9100000, 0x00000000c91ffee8, 0x00000000c9200000| 99%| O|  |TAMS 0x00000000c91ffee8, 0x00000000c9100000| Untracked 
| 146|0x00000000c9200000, 0x00000000c92fffe8, 0x00000000c9300000| 99%| O|  |TAMS 0x00000000c92fffe8, 0x00000000c9200000| Untracked 
| 147|0x00000000c9300000, 0x00000000c93fffe0, 0x00000000c9400000| 99%| O|  |TAMS 0x00000000c93fffe0, 0x00000000c9300000| Untracked 
| 148|0x00000000c9400000, 0x00000000c9500000, 0x00000000c9500000|100%| O|  |TAMS 0x00000000c9500000, 0x00000000c9400000| Untracked 
| 149|0x00000000c9500000, 0x00000000c9600000, 0x00000000c9600000|100%|HS|  |TAMS 0x00000000c9600000, 0x00000000c9500000| Complete 
| 150|0x00000000c9600000, 0x00000000c9700000, 0x00000000c9700000|100%|HC|  |TAMS 0x00000000c9700000, 0x00000000c9600000| Complete 
| 151|0x00000000c9700000, 0x00000000c9800000, 0x00000000c9800000|100%| O|  |TAMS 0x00000000c9800000, 0x00000000c9700000| Untracked 
| 152|0x00000000c9800000, 0x00000000c98ff200, 0x00000000c9900000| 99%| O|  |TAMS 0x00000000c98ff200, 0x00000000c9800000| Untracked 
| 153|0x00000000c9900000, 0x00000000c99ffff0, 0x00000000c9a00000| 99%| O|  |TAMS 0x00000000c99ffff0, 0x00000000c9900000| Untracked 
| 154|0x00000000c9a00000, 0x00000000c9b00000, 0x00000000c9b00000|100%| O|  |TAMS 0x00000000c9b00000, 0x00000000c9a00000| Untracked 
| 155|0x00000000c9b00000, 0x00000000c9c00000, 0x00000000c9c00000|100%|HS|  |TAMS 0x00000000c9c00000, 0x00000000c9b00000| Complete 
| 156|0x00000000c9c00000, 0x00000000c9d00000, 0x00000000c9d00000|100%|HC|  |TAMS 0x00000000c9d00000, 0x00000000c9c00000| Complete 
| 157|0x00000000c9d00000, 0x00000000c9e00000, 0x00000000c9e00000|100%|HC|  |TAMS 0x00000000c9e00000, 0x00000000c9d00000| Complete 
| 158|0x00000000c9e00000, 0x00000000c9efffe0, 0x00000000c9f00000| 99%| O|  |TAMS 0x00000000c9efffe0, 0x00000000c9e00000| Untracked 
| 159|0x00000000c9f00000, 0x00000000ca000000, 0x00000000ca000000|100%|HS|  |TAMS 0x00000000ca000000, 0x00000000c9f00000| Complete 
| 160|0x00000000ca000000, 0x00000000ca100000, 0x00000000ca100000|100%|HC|  |TAMS 0x00000000ca100000, 0x00000000ca000000| Complete 
| 161|0x00000000ca100000, 0x00000000ca200000, 0x00000000ca200000|100%|HC|  |TAMS 0x00000000ca200000, 0x00000000ca100000| Complete 
| 162|0x00000000ca200000, 0x00000000ca300000, 0x00000000ca300000|100%| O|  |TAMS 0x00000000ca300000, 0x00000000ca200000| Untracked 
| 163|0x00000000ca300000, 0x00000000ca3ffea8, 0x00000000ca400000| 99%| O|  |TAMS 0x00000000ca3ffea8, 0x00000000ca300000| Untracked 
| 164|0x00000000ca400000, 0x00000000ca500000, 0x00000000ca500000|100%|HS|  |TAMS 0x00000000ca500000, 0x00000000ca400000| Untracked 
| 165|0x00000000ca500000, 0x00000000ca5fffe8, 0x00000000ca600000| 99%| O|  |TAMS 0x00000000ca5fffe8, 0x00000000ca500000| Untracked 
| 166|0x00000000ca600000, 0x00000000ca6fffe0, 0x00000000ca700000| 99%| O|  |TAMS 0x00000000ca6fffe0, 0x00000000ca600000| Untracked 
| 167|0x00000000ca700000, 0x00000000ca7ffff0, 0x00000000ca800000| 99%| O|  |TAMS 0x00000000ca7ffff0, 0x00000000ca700000| Untracked 
| 168|0x00000000ca800000, 0x00000000ca8f6068, 0x00000000ca900000| 96%| O|  |TAMS 0x00000000ca8f6068, 0x00000000ca800000| Untracked 
| 169|0x00000000ca900000, 0x00000000caa00000, 0x00000000caa00000|100%| O|  |TAMS 0x00000000caa00000, 0x00000000ca900000| Complete 
| 170|0x00000000caa00000, 0x00000000cab00000, 0x00000000cab00000|100%| O|  |TAMS 0x00000000cab00000, 0x00000000caa00000| Untracked 
| 171|0x00000000cab00000, 0x00000000cac00000, 0x00000000cac00000|100%| O|  |TAMS 0x00000000cac00000, 0x00000000cab00000| Complete 
| 172|0x00000000cac00000, 0x00000000cad00000, 0x00000000cad00000|100%| O|  |TAMS 0x00000000cad00000, 0x00000000cac00000| Complete 
| 173|0x00000000cad00000, 0x00000000cae00000, 0x00000000cae00000|100%| O|  |TAMS 0x00000000cae00000, 0x00000000cad00000| Complete 
| 174|0x00000000cae00000, 0x00000000caefffe0, 0x00000000caf00000| 99%| O|  |TAMS 0x00000000caefffe0, 0x00000000cae00000| Untracked 
| 175|0x00000000caf00000, 0x00000000cb000000, 0x00000000cb000000|100%| O|  |TAMS 0x00000000cb000000, 0x00000000caf00000| Complete 
| 176|0x00000000cb000000, 0x00000000cb000000, 0x00000000cb100000|  0%| F|  |TAMS 0x00000000cb000000, 0x00000000cb000000| Untracked 
| 177|0x00000000cb100000, 0x00000000cb100000, 0x00000000cb200000|  0%| F|  |TAMS 0x00000000cb100000, 0x00000000cb100000| Untracked 
| 178|0x00000000cb200000, 0x00000000cb200000, 0x00000000cb300000|  0%| F|  |TAMS 0x00000000cb200000, 0x00000000cb200000| Untracked 
| 179|0x00000000cb300000, 0x00000000cb300000, 0x00000000cb400000|  0%| F|  |TAMS 0x00000000cb300000, 0x00000000cb300000| Untracked 
| 180|0x00000000cb400000, 0x00000000cb400000, 0x00000000cb500000|  0%| F|  |TAMS 0x00000000cb400000, 0x00000000cb400000| Untracked 
| 181|0x00000000cb500000, 0x00000000cb600000, 0x00000000cb600000|100%| O|  |TAMS 0x00000000cb600000, 0x00000000cb500000| Complete 
| 182|0x00000000cb600000, 0x00000000cb600000, 0x00000000cb700000|  0%| F|  |TAMS 0x00000000cb600000, 0x00000000cb600000| Untracked 
| 183|0x00000000cb700000, 0x00000000cb7ffff0, 0x00000000cb800000| 99%| O|  |TAMS 0x00000000cb7ffff0, 0x00000000cb700000| Untracked 
| 184|0x00000000cb800000, 0x00000000cb8ffff0, 0x00000000cb900000| 99%| O|  |TAMS 0x00000000cb8ffff0, 0x00000000cb800000| Untracked 
| 185|0x00000000cb900000, 0x00000000cba00000, 0x00000000cba00000|100%| O|  |TAMS 0x00000000cba00000, 0x00000000cb900000| Untracked 
| 186|0x00000000cba00000, 0x00000000cbb00000, 0x00000000cbb00000|100%| O|  |TAMS 0x00000000cbb00000, 0x00000000cba00000| Complete 
| 187|0x00000000cbb00000, 0x00000000cbc00000, 0x00000000cbc00000|100%| O|  |TAMS 0x00000000cbc00000, 0x00000000cbb00000| Complete 
| 188|0x00000000cbc00000, 0x00000000cbd00000, 0x00000000cbd00000|100%| O|  |TAMS 0x00000000cbd00000, 0x00000000cbc00000| Untracked 
| 189|0x00000000cbd00000, 0x00000000cbe00000, 0x00000000cbe00000|100%| O|  |TAMS 0x00000000cbe00000, 0x00000000cbd00000| Untracked 
| 190|0x00000000cbe00000, 0x00000000cbf00000, 0x00000000cbf00000|100%| O|  |TAMS 0x00000000cbf00000, 0x00000000cbe00000| Untracked 
| 191|0x00000000cbf00000, 0x00000000cc000000, 0x00000000cc000000|100%| O|  |TAMS 0x00000000cc000000, 0x00000000cbf00000| Complete 
| 192|0x00000000cc000000, 0x00000000cc100000, 0x00000000cc100000|100%| O|  |TAMS 0x00000000cc100000, 0x00000000cc000000| Untracked 
| 193|0x00000000cc100000, 0x00000000cc200000, 0x00000000cc200000|100%| O|  |TAMS 0x00000000cc200000, 0x00000000cc100000| Untracked 
| 194|0x00000000cc200000, 0x00000000cc200000, 0x00000000cc300000|  0%| F|  |TAMS 0x00000000cc200000, 0x00000000cc200000| Untracked 
| 195|0x00000000cc300000, 0x00000000cc400000, 0x00000000cc400000|100%| O|  |TAMS 0x00000000cc400000, 0x00000000cc300000| Complete 
| 196|0x00000000cc400000, 0x00000000cc500000, 0x00000000cc500000|100%| O|  |TAMS 0x00000000cc500000, 0x00000000cc400000| Untracked 
| 197|0x00000000cc500000, 0x00000000cc600000, 0x00000000cc600000|100%|HS|  |TAMS 0x00000000cc600000, 0x00000000cc500000| Complete 
| 198|0x00000000cc600000, 0x00000000cc700000, 0x00000000cc700000|100%|HC|  |TAMS 0x00000000cc700000, 0x00000000cc600000| Complete 
| 199|0x00000000cc700000, 0x00000000cc800000, 0x00000000cc800000|100%|HC|  |TAMS 0x00000000cc800000, 0x00000000cc700000| Complete 
| 200|0x00000000cc800000, 0x00000000cc900000, 0x00000000cc900000|100%|HS|  |TAMS 0x00000000cc900000, 0x00000000cc800000| Complete 
| 201|0x00000000cc900000, 0x00000000cca00000, 0x00000000cca00000|100%|HC|  |TAMS 0x00000000cca00000, 0x00000000cc900000| Complete 
| 202|0x00000000cca00000, 0x00000000ccb00000, 0x00000000ccb00000|100%|HC|  |TAMS 0x00000000ccb00000, 0x00000000cca00000| Complete 
| 203|0x00000000ccb00000, 0x00000000ccc00000, 0x00000000ccc00000|100%|HS|  |TAMS 0x00000000ccc00000, 0x00000000ccb00000| Complete 
| 204|0x00000000ccc00000, 0x00000000ccd00000, 0x00000000ccd00000|100%|HC|  |TAMS 0x00000000ccd00000, 0x00000000ccc00000| Complete 
| 205|0x00000000ccd00000, 0x00000000cce00000, 0x00000000cce00000|100%|HC|  |TAMS 0x00000000cce00000, 0x00000000ccd00000| Complete 
| 206|0x00000000cce00000, 0x00000000cce00000, 0x00000000ccf00000|  0%| F|  |TAMS 0x00000000cce00000, 0x00000000cce00000| Untracked 
| 207|0x00000000ccf00000, 0x00000000cd000000, 0x00000000cd000000|100%| O|  |TAMS 0x00000000cd000000, 0x00000000ccf00000| Untracked 
| 208|0x00000000cd000000, 0x00000000cd100000, 0x00000000cd100000|100%| O|  |TAMS 0x00000000cd100000, 0x00000000cd000000| Untracked 
| 209|0x00000000cd100000, 0x00000000cd200000, 0x00000000cd200000|100%| O|  |TAMS 0x00000000cd200000, 0x00000000cd100000| Untracked 
| 210|0x00000000cd200000, 0x00000000cd200000, 0x00000000cd300000|  0%| F|  |TAMS 0x00000000cd200000, 0x00000000cd200000| Untracked 
| 211|0x00000000cd300000, 0x00000000cd400000, 0x00000000cd400000|100%| O|  |TAMS 0x00000000cd400000, 0x00000000cd300000| Complete 
| 212|0x00000000cd400000, 0x00000000cd500000, 0x00000000cd500000|100%| O|  |TAMS 0x00000000cd500000, 0x00000000cd400000| Complete 
| 213|0x00000000cd500000, 0x00000000cd600000, 0x00000000cd600000|100%| O|  |TAMS 0x00000000cd600000, 0x00000000cd500000| Untracked 
| 214|0x00000000cd600000, 0x00000000cd600000, 0x00000000cd700000|  0%| F|  |TAMS 0x00000000cd600000, 0x00000000cd600000| Untracked 
| 215|0x00000000cd700000, 0x00000000cd800000, 0x00000000cd800000|100%| O|  |TAMS 0x00000000cd800000, 0x00000000cd700000| Complete 
| 216|0x00000000cd800000, 0x00000000cd900000, 0x00000000cd900000|100%| O|  |TAMS 0x00000000cd900000, 0x00000000cd800000| Untracked 
| 217|0x00000000cd900000, 0x00000000cda00000, 0x00000000cda00000|100%| O|  |TAMS 0x00000000cda00000, 0x00000000cd900000| Complete 
| 218|0x00000000cda00000, 0x00000000cdb00000, 0x00000000cdb00000|100%| O|  |TAMS 0x00000000cdb00000, 0x00000000cda00000| Untracked 
| 219|0x00000000cdb00000, 0x00000000cdb00000, 0x00000000cdc00000|  0%| F|  |TAMS 0x00000000cdb00000, 0x00000000cdb00000| Untracked 
| 220|0x00000000cdc00000, 0x00000000cdd00000, 0x00000000cdd00000|100%| O|  |TAMS 0x00000000cdd00000, 0x00000000cdc00000| Complete 
| 221|0x00000000cdd00000, 0x00000000cde00000, 0x00000000cde00000|100%| O|  |TAMS 0x00000000cde00000, 0x00000000cdd00000| Complete 
| 222|0x00000000cde00000, 0x00000000cdf00000, 0x00000000cdf00000|100%| O|  |TAMS 0x00000000cdf00000, 0x00000000cde00000| Untracked 
| 223|0x00000000cdf00000, 0x00000000ce000000, 0x00000000ce000000|100%| O|  |TAMS 0x00000000ce000000, 0x00000000cdf00000| Untracked 
| 224|0x00000000ce000000, 0x00000000ce000000, 0x00000000ce100000|  0%| F|  |TAMS 0x00000000ce000000, 0x00000000ce000000| Untracked 
| 225|0x00000000ce100000, 0x00000000ce100000, 0x00000000ce200000|  0%| F|  |TAMS 0x00000000ce100000, 0x00000000ce100000| Untracked 
| 226|0x00000000ce200000, 0x00000000ce300000, 0x00000000ce300000|100%| O|  |TAMS 0x00000000ce300000, 0x00000000ce200000| Complete 
| 227|0x00000000ce300000, 0x00000000ce400000, 0x00000000ce400000|100%| O|  |TAMS 0x00000000ce400000, 0x00000000ce300000| Complete 
| 228|0x00000000ce400000, 0x00000000ce400000, 0x00000000ce500000|  0%| F|  |TAMS 0x00000000ce400000, 0x00000000ce400000| Untracked 
| 229|0x00000000ce500000, 0x00000000ce600000, 0x00000000ce600000|100%| O|  |TAMS 0x00000000ce600000, 0x00000000ce500000| Untracked 
| 230|0x00000000ce600000, 0x00000000ce700000, 0x00000000ce700000|100%| O|  |TAMS 0x00000000ce700000, 0x00000000ce600000| Untracked 
| 231|0x00000000ce700000, 0x00000000ce700000, 0x00000000ce800000|  0%| F|  |TAMS 0x00000000ce700000, 0x00000000ce700000| Untracked 
| 232|0x00000000ce800000, 0x00000000ce900000, 0x00000000ce900000|100%| O|  |TAMS 0x00000000ce900000, 0x00000000ce800000| Untracked 
| 233|0x00000000ce900000, 0x00000000ce900000, 0x00000000cea00000|  0%| F|  |TAMS 0x00000000ce900000, 0x00000000ce900000| Untracked 
| 234|0x00000000cea00000, 0x00000000ceb00000, 0x00000000ceb00000|100%| O|  |TAMS 0x00000000ceb00000, 0x00000000cea00000| Untracked 
| 235|0x00000000ceb00000, 0x00000000cec00000, 0x00000000cec00000|100%| O|  |TAMS 0x00000000cec00000, 0x00000000ceb00000| Complete 
| 236|0x00000000cec00000, 0x00000000ced00000, 0x00000000ced00000|100%| O|  |TAMS 0x00000000ced00000, 0x00000000cec00000| Untracked 
| 237|0x00000000ced00000, 0x00000000ced00000, 0x00000000cee00000|  0%| F|  |TAMS 0x00000000ced00000, 0x00000000ced00000| Untracked 
| 238|0x00000000cee00000, 0x00000000cef00000, 0x00000000cef00000|100%| O|  |TAMS 0x00000000cef00000, 0x00000000cee00000| Untracked 
| 239|0x00000000cef00000, 0x00000000cf000000, 0x00000000cf000000|100%| O|  |TAMS 0x00000000cf000000, 0x00000000cef00000| Untracked 
| 240|0x00000000cf000000, 0x00000000cf100000, 0x00000000cf100000|100%| O|  |TAMS 0x00000000cf100000, 0x00000000cf000000| Untracked 
| 241|0x00000000cf100000, 0x00000000cf200000, 0x00000000cf200000|100%| O|  |TAMS 0x00000000cf200000, 0x00000000cf100000| Untracked 
| 242|0x00000000cf200000, 0x00000000cf300000, 0x00000000cf300000|100%| O|  |TAMS 0x00000000cf300000, 0x00000000cf200000| Complete 
| 243|0x00000000cf300000, 0x00000000cf400000, 0x00000000cf400000|100%| O|  |TAMS 0x00000000cf400000, 0x00000000cf300000| Untracked 
| 244|0x00000000cf400000, 0x00000000cf500000, 0x00000000cf500000|100%| O|  |TAMS 0x00000000cf500000, 0x00000000cf400000| Untracked 
| 245|0x00000000cf500000, 0x00000000cf600000, 0x00000000cf600000|100%| O|  |TAMS 0x00000000cf600000, 0x00000000cf500000| Untracked 
| 246|0x00000000cf600000, 0x00000000cf700000, 0x00000000cf700000|100%| O|  |TAMS 0x00000000cf700000, 0x00000000cf600000| Untracked 
| 247|0x00000000cf700000, 0x00000000cf800000, 0x00000000cf800000|100%| O|  |TAMS 0x00000000cf800000, 0x00000000cf700000| Untracked 
| 248|0x00000000cf800000, 0x00000000cf900000, 0x00000000cf900000|100%| O|  |TAMS 0x00000000cf900000, 0x00000000cf800000| Untracked 
| 249|0x00000000cf900000, 0x00000000cfa00000, 0x00000000cfa00000|100%| O|  |TAMS 0x00000000cfa00000, 0x00000000cf900000| Untracked 
| 250|0x00000000cfa00000, 0x00000000cfa00000, 0x00000000cfb00000|  0%| F|  |TAMS 0x00000000cfa00000, 0x00000000cfa00000| Untracked 
| 251|0x00000000cfb00000, 0x00000000cfc00000, 0x00000000cfc00000|100%| O|  |TAMS 0x00000000cfc00000, 0x00000000cfb00000| Untracked 
| 252|0x00000000cfc00000, 0x00000000cfc00000, 0x00000000cfd00000|  0%| F|  |TAMS 0x00000000cfc00000, 0x00000000cfc00000| Untracked 
| 253|0x00000000cfd00000, 0x00000000cfe00000, 0x00000000cfe00000|100%| O|  |TAMS 0x00000000cfe00000, 0x00000000cfd00000| Untracked 
| 254|0x00000000cfe00000, 0x00000000cff00000, 0x00000000cff00000|100%| O|  |TAMS 0x00000000cff00000, 0x00000000cfe00000| Complete 
| 255|0x00000000cff00000, 0x00000000d0000000, 0x00000000d0000000|100%| O|  |TAMS 0x00000000d0000000, 0x00000000cff00000| Untracked 
| 256|0x00000000d0000000, 0x00000000d0000000, 0x00000000d0100000|  0%| F|  |TAMS 0x00000000d0000000, 0x00000000d0000000| Untracked 
| 257|0x00000000d0100000, 0x00000000d0100000, 0x00000000d0200000|  0%| F|  |TAMS 0x00000000d0100000, 0x00000000d0100000| Untracked 
| 258|0x00000000d0200000, 0x00000000d0300000, 0x00000000d0300000|100%| O|  |TAMS 0x00000000d0300000, 0x00000000d0200000| Untracked 
| 259|0x00000000d0300000, 0x00000000d0300000, 0x00000000d0400000|  0%| F|  |TAMS 0x00000000d0300000, 0x00000000d0300000| Untracked 
| 260|0x00000000d0400000, 0x00000000d0400000, 0x00000000d0500000|  0%| F|  |TAMS 0x00000000d0400000, 0x00000000d0400000| Untracked 
| 261|0x00000000d0500000, 0x00000000d0500000, 0x00000000d0600000|  0%| F|  |TAMS 0x00000000d0500000, 0x00000000d0500000| Untracked 
| 262|0x00000000d0600000, 0x00000000d0700000, 0x00000000d0700000|100%| O|  |TAMS 0x00000000d0700000, 0x00000000d0600000| Complete 
| 263|0x00000000d0700000, 0x00000000d0800000, 0x00000000d0800000|100%| O|  |TAMS 0x00000000d0800000, 0x00000000d0700000| Complete 
| 264|0x00000000d0800000, 0x00000000d0900000, 0x00000000d0900000|100%| O|  |TAMS 0x00000000d0900000, 0x00000000d0800000| Complete 
| 265|0x00000000d0900000, 0x00000000d0a00000, 0x00000000d0a00000|100%| O|  |TAMS 0x00000000d0a00000, 0x00000000d0900000| Untracked 
| 266|0x00000000d0a00000, 0x00000000d0b00000, 0x00000000d0b00000|100%| O|  |TAMS 0x00000000d0b00000, 0x00000000d0a00000| Untracked 
| 267|0x00000000d0b00000, 0x00000000d0c00000, 0x00000000d0c00000|100%| O|  |TAMS 0x00000000d0c00000, 0x00000000d0b00000| Complete 
| 268|0x00000000d0c00000, 0x00000000d0c15400, 0x00000000d0d00000|  8%| O|  |TAMS 0x00000000d0c15400, 0x00000000d0c00000| Untracked 
| 269|0x00000000d0d00000, 0x00000000d0d00000, 0x00000000d0e00000|  0%| F|  |TAMS 0x00000000d0d00000, 0x00000000d0d00000| Untracked 
| 270|0x00000000d0e00000, 0x00000000d0e00000, 0x00000000d0f00000|  0%| F|  |TAMS 0x00000000d0e00000, 0x00000000d0e00000| Untracked 
| 271|0x00000000d0f00000, 0x00000000d0f00000, 0x00000000d1000000|  0%| F|  |TAMS 0x00000000d0f00000, 0x00000000d0f00000| Untracked 
| 272|0x00000000d1000000, 0x00000000d1000000, 0x00000000d1100000|  0%| F|  |TAMS 0x00000000d1000000, 0x00000000d1000000| Untracked 
| 273|0x00000000d1100000, 0x00000000d1100000, 0x00000000d1200000|  0%| F|  |TAMS 0x00000000d1100000, 0x00000000d1100000| Untracked 
| 274|0x00000000d1200000, 0x00000000d1200000, 0x00000000d1300000|  0%| F|  |TAMS 0x00000000d1200000, 0x00000000d1200000| Untracked 
| 275|0x00000000d1300000, 0x00000000d1300000, 0x00000000d1400000|  0%| F|  |TAMS 0x00000000d1300000, 0x00000000d1300000| Untracked 
| 276|0x00000000d1400000, 0x00000000d1500000, 0x00000000d1500000|100%| O|  |TAMS 0x00000000d1500000, 0x00000000d1400000| Untracked 
| 277|0x00000000d1500000, 0x00000000d1600000, 0x00000000d1600000|100%| O|  |TAMS 0x00000000d1600000, 0x00000000d1500000| Untracked 
| 278|0x00000000d1600000, 0x00000000d1700000, 0x00000000d1700000|100%| O|  |TAMS 0x00000000d1700000, 0x00000000d1600000| Complete 
| 279|0x00000000d1700000, 0x00000000d1800000, 0x00000000d1800000|100%| O|  |TAMS 0x00000000d1800000, 0x00000000d1700000| Untracked 
| 280|0x00000000d1800000, 0x00000000d1900000, 0x00000000d1900000|100%| O|  |TAMS 0x00000000d1900000, 0x00000000d1800000| Untracked 
| 281|0x00000000d1900000, 0x00000000d1a00000, 0x00000000d1a00000|100%| O|  |TAMS 0x00000000d1a00000, 0x00000000d1900000| Untracked 
| 282|0x00000000d1a00000, 0x00000000d1a00000, 0x00000000d1b00000|  0%| F|  |TAMS 0x00000000d1a00000, 0x00000000d1a00000| Untracked 
| 283|0x00000000d1b00000, 0x00000000d1c00000, 0x00000000d1c00000|100%| O|  |TAMS 0x00000000d1c00000, 0x00000000d1b00000| Untracked 
| 284|0x00000000d1c00000, 0x00000000d1d00000, 0x00000000d1d00000|100%| O|  |TAMS 0x00000000d1d00000, 0x00000000d1c00000| Untracked 
| 285|0x00000000d1d00000, 0x00000000d1e00000, 0x00000000d1e00000|100%| O|  |TAMS 0x00000000d1e00000, 0x00000000d1d00000| Untracked 
| 286|0x00000000d1e00000, 0x00000000d1e00000, 0x00000000d1f00000|  0%| F|  |TAMS 0x00000000d1e00000, 0x00000000d1e00000| Untracked 
| 287|0x00000000d1f00000, 0x00000000d2000000, 0x00000000d2000000|100%| O|  |TAMS 0x00000000d2000000, 0x00000000d1f00000| Complete 
| 288|0x00000000d2000000, 0x00000000d2100000, 0x00000000d2100000|100%| O|  |TAMS 0x00000000d2100000, 0x00000000d2000000| Untracked 
| 289|0x00000000d2100000, 0x00000000d2100000, 0x00000000d2200000|  0%| F|  |TAMS 0x00000000d2100000, 0x00000000d2100000| Untracked 
| 290|0x00000000d2200000, 0x00000000d2300000, 0x00000000d2300000|100%| O|  |TAMS 0x00000000d2300000, 0x00000000d2200000| Complete 
| 291|0x00000000d2300000, 0x00000000d2400000, 0x00000000d2400000|100%| O|  |TAMS 0x00000000d2400000, 0x00000000d2300000| Complete 
| 292|0x00000000d2400000, 0x00000000d2400000, 0x00000000d2500000|  0%| F|  |TAMS 0x00000000d2400000, 0x00000000d2400000| Untracked 
| 293|0x00000000d2500000, 0x00000000d2500000, 0x00000000d2600000|  0%| F|  |TAMS 0x00000000d2500000, 0x00000000d2500000| Untracked 
| 294|0x00000000d2600000, 0x00000000d2600000, 0x00000000d2700000|  0%| F|  |TAMS 0x00000000d2600000, 0x00000000d2600000| Untracked 
| 295|0x00000000d2700000, 0x00000000d2800000, 0x00000000d2800000|100%| O|  |TAMS 0x00000000d2800000, 0x00000000d2700000| Untracked 
| 296|0x00000000d2800000, 0x00000000d2900000, 0x00000000d2900000|100%| O|  |TAMS 0x00000000d2900000, 0x00000000d2800000| Untracked 
| 297|0x00000000d2900000, 0x00000000d2a00000, 0x00000000d2a00000|100%| O|  |TAMS 0x00000000d2a00000, 0x00000000d2900000| Untracked 
| 298|0x00000000d2a00000, 0x00000000d2b00000, 0x00000000d2b00000|100%| O|  |TAMS 0x00000000d2b00000, 0x00000000d2a00000| Untracked 
| 299|0x00000000d2b00000, 0x00000000d2c00000, 0x00000000d2c00000|100%| O|  |TAMS 0x00000000d2c00000, 0x00000000d2b00000| Untracked 
| 300|0x00000000d2c00000, 0x00000000d2d00000, 0x00000000d2d00000|100%| O|  |TAMS 0x00000000d2d00000, 0x00000000d2c00000| Untracked 
| 301|0x00000000d2d00000, 0x00000000d2e00000, 0x00000000d2e00000|100%| O|  |TAMS 0x00000000d2e00000, 0x00000000d2d00000| Untracked 
| 302|0x00000000d2e00000, 0x00000000d2f00000, 0x00000000d2f00000|100%| O|  |TAMS 0x00000000d2f00000, 0x00000000d2e00000| Untracked 
| 303|0x00000000d2f00000, 0x00000000d3000000, 0x00000000d3000000|100%| O|  |TAMS 0x00000000d3000000, 0x00000000d2f00000| Untracked 
| 304|0x00000000d3000000, 0x00000000d3000000, 0x00000000d3100000|  0%| F|  |TAMS 0x00000000d3000000, 0x00000000d3000000| Untracked 
| 305|0x00000000d3100000, 0x00000000d3100000, 0x00000000d3200000|  0%| F|  |TAMS 0x00000000d3100000, 0x00000000d3100000| Untracked 
| 306|0x00000000d3200000, 0x00000000d3300000, 0x00000000d3300000|100%|HS|  |TAMS 0x00000000d3300000, 0x00000000d3200000| Untracked 
| 307|0x00000000d3300000, 0x00000000d3400000, 0x00000000d3400000|100%|HC|  |TAMS 0x00000000d3400000, 0x00000000d3300000| Untracked 
| 308|0x00000000d3400000, 0x00000000d3500000, 0x00000000d3500000|100%| O|  |TAMS 0x00000000d3500000, 0x00000000d3400000| Untracked 
| 309|0x00000000d3500000, 0x00000000d3500000, 0x00000000d3600000|  0%| F|  |TAMS 0x00000000d3500000, 0x00000000d3500000| Untracked 
| 310|0x00000000d3600000, 0x00000000d3700000, 0x00000000d3700000|100%| O|  |TAMS 0x00000000d3700000, 0x00000000d3600000| Untracked 
| 311|0x00000000d3700000, 0x00000000d3800000, 0x00000000d3800000|100%| O|  |TAMS 0x00000000d3800000, 0x00000000d3700000| Untracked 
| 312|0x00000000d3800000, 0x00000000d3800000, 0x00000000d3900000|  0%| F|  |TAMS 0x00000000d3800000, 0x00000000d3800000| Untracked 
| 313|0x00000000d3900000, 0x00000000d3a00000, 0x00000000d3a00000|100%| O|  |TAMS 0x00000000d3a00000, 0x00000000d3900000| Untracked 
| 314|0x00000000d3a00000, 0x00000000d3a00000, 0x00000000d3b00000|  0%| F|  |TAMS 0x00000000d3a00000, 0x00000000d3a00000| Untracked 
| 315|0x00000000d3b00000, 0x00000000d3b00000, 0x00000000d3c00000|  0%| F|  |TAMS 0x00000000d3b00000, 0x00000000d3b00000| Untracked 
| 316|0x00000000d3c00000, 0x00000000d3d00000, 0x00000000d3d00000|100%| O|  |TAMS 0x00000000d3d00000, 0x00000000d3c00000| Complete 
| 317|0x00000000d3d00000, 0x00000000d3e00000, 0x00000000d3e00000|100%| O|  |TAMS 0x00000000d3e00000, 0x00000000d3d00000| Complete 
| 318|0x00000000d3e00000, 0x00000000d3e00000, 0x00000000d3f00000|  0%| F|  |TAMS 0x00000000d3e00000, 0x00000000d3e00000| Untracked 
| 319|0x00000000d3f00000, 0x00000000d3f00000, 0x00000000d4000000|  0%| F|  |TAMS 0x00000000d3f00000, 0x00000000d3f00000| Untracked 
| 320|0x00000000d4000000, 0x00000000d4000000, 0x00000000d4100000|  0%| F|  |TAMS 0x00000000d4000000, 0x00000000d4000000| Untracked 
| 321|0x00000000d4100000, 0x00000000d4100000, 0x00000000d4200000|  0%| F|  |TAMS 0x00000000d4100000, 0x00000000d4100000| Untracked 
| 322|0x00000000d4200000, 0x00000000d4200000, 0x00000000d4300000|  0%| F|  |TAMS 0x00000000d4200000, 0x00000000d4200000| Untracked 
| 323|0x00000000d4300000, 0x00000000d4400000, 0x00000000d4400000|100%| O|  |TAMS 0x00000000d4400000, 0x00000000d4300000| Complete 
| 324|0x00000000d4400000, 0x00000000d4400000, 0x00000000d4500000|  0%| F|  |TAMS 0x00000000d4400000, 0x00000000d4400000| Untracked 
| 325|0x00000000d4500000, 0x00000000d4500000, 0x00000000d4600000|  0%| F|  |TAMS 0x00000000d4500000, 0x00000000d4500000| Untracked 
| 326|0x00000000d4600000, 0x00000000d4600000, 0x00000000d4700000|  0%| F|  |TAMS 0x00000000d4600000, 0x00000000d4600000| Untracked 
| 327|0x00000000d4700000, 0x00000000d4700000, 0x00000000d4800000|  0%| F|  |TAMS 0x00000000d4700000, 0x00000000d4700000| Untracked 
| 328|0x00000000d4800000, 0x00000000d4900000, 0x00000000d4900000|100%| O|  |TAMS 0x00000000d4900000, 0x00000000d4800000| Complete 
| 329|0x00000000d4900000, 0x00000000d4900000, 0x00000000d4a00000|  0%| F|  |TAMS 0x00000000d4900000, 0x00000000d4900000| Untracked 
| 330|0x00000000d4a00000, 0x00000000d4b00000, 0x00000000d4b00000|100%| O|  |TAMS 0x00000000d4b00000, 0x00000000d4a00000| Complete 
| 331|0x00000000d4b00000, 0x00000000d4b00000, 0x00000000d4c00000|  0%| F|  |TAMS 0x00000000d4b00000, 0x00000000d4b00000| Untracked 
| 332|0x00000000d4c00000, 0x00000000d4c00000, 0x00000000d4d00000|  0%| F|  |TAMS 0x00000000d4c00000, 0x00000000d4c00000| Untracked 
| 333|0x00000000d4d00000, 0x00000000d4d00000, 0x00000000d4e00000|  0%| F|  |TAMS 0x00000000d4d00000, 0x00000000d4d00000| Untracked 
| 334|0x00000000d4e00000, 0x00000000d4e00000, 0x00000000d4f00000|  0%| F|  |TAMS 0x00000000d4e00000, 0x00000000d4e00000| Untracked 
| 335|0x00000000d4f00000, 0x00000000d4f00000, 0x00000000d5000000|  0%| F|  |TAMS 0x00000000d4f00000, 0x00000000d4f00000| Untracked 
| 336|0x00000000d5000000, 0x00000000d5000000, 0x00000000d5100000|  0%| F|  |TAMS 0x00000000d5000000, 0x00000000d5000000| Untracked 
| 337|0x00000000d5100000, 0x00000000d5100000, 0x00000000d5200000|  0%| F|  |TAMS 0x00000000d5100000, 0x00000000d5100000| Untracked 
| 338|0x00000000d5200000, 0x00000000d5200000, 0x00000000d5300000|  0%| F|  |TAMS 0x00000000d5200000, 0x00000000d5200000| Untracked 
| 339|0x00000000d5300000, 0x00000000d5300000, 0x00000000d5400000|  0%| F|  |TAMS 0x00000000d5300000, 0x00000000d5300000| Untracked 
| 340|0x00000000d5400000, 0x00000000d5400000, 0x00000000d5500000|  0%| F|  |TAMS 0x00000000d5400000, 0x00000000d5400000| Untracked 
| 341|0x00000000d5500000, 0x00000000d5500000, 0x00000000d5600000|  0%| F|  |TAMS 0x00000000d5500000, 0x00000000d5500000| Untracked 
| 342|0x00000000d5600000, 0x00000000d5700000, 0x00000000d5700000|100%| O|  |TAMS 0x00000000d5700000, 0x00000000d5600000| Complete 
| 343|0x00000000d5700000, 0x00000000d5700000, 0x00000000d5800000|  0%| F|  |TAMS 0x00000000d5700000, 0x00000000d5700000| Untracked 
| 344|0x00000000d5800000, 0x00000000d5800000, 0x00000000d5900000|  0%| F|  |TAMS 0x00000000d5800000, 0x00000000d5800000| Untracked 
| 345|0x00000000d5900000, 0x00000000d5900000, 0x00000000d5a00000|  0%| F|  |TAMS 0x00000000d5900000, 0x00000000d5900000| Untracked 
| 346|0x00000000d5a00000, 0x00000000d5a00000, 0x00000000d5b00000|  0%| F|  |TAMS 0x00000000d5a00000, 0x00000000d5a00000| Untracked 
| 347|0x00000000d5b00000, 0x00000000d5b00000, 0x00000000d5c00000|  0%| F|  |TAMS 0x00000000d5b00000, 0x00000000d5b00000| Untracked 
| 348|0x00000000d5c00000, 0x00000000d5c00000, 0x00000000d5d00000|  0%| F|  |TAMS 0x00000000d5c00000, 0x00000000d5c00000| Untracked 
| 349|0x00000000d5d00000, 0x00000000d5d00000, 0x00000000d5e00000|  0%| F|  |TAMS 0x00000000d5d00000, 0x00000000d5d00000| Untracked 
| 350|0x00000000d5e00000, 0x00000000d5e00000, 0x00000000d5f00000|  0%| F|  |TAMS 0x00000000d5e00000, 0x00000000d5e00000| Untracked 
| 351|0x00000000d5f00000, 0x00000000d5f00000, 0x00000000d6000000|  0%| F|  |TAMS 0x00000000d5f00000, 0x00000000d5f00000| Untracked 
| 352|0x00000000d6000000, 0x00000000d6000000, 0x00000000d6100000|  0%| F|  |TAMS 0x00000000d6000000, 0x00000000d6000000| Untracked 
| 353|0x00000000d6100000, 0x00000000d6100000, 0x00000000d6200000|  0%| F|  |TAMS 0x00000000d6100000, 0x00000000d6100000| Untracked 
| 354|0x00000000d6200000, 0x00000000d6200000, 0x00000000d6300000|  0%| F|  |TAMS 0x00000000d6200000, 0x00000000d6200000| Untracked 
| 355|0x00000000d6300000, 0x00000000d6300000, 0x00000000d6400000|  0%| F|  |TAMS 0x00000000d6300000, 0x00000000d6300000| Untracked 
| 356|0x00000000d6400000, 0x00000000d6400000, 0x00000000d6500000|  0%| F|  |TAMS 0x00000000d6400000, 0x00000000d6400000| Untracked 
| 357|0x00000000d6500000, 0x00000000d6500000, 0x00000000d6600000|  0%| F|  |TAMS 0x00000000d6500000, 0x00000000d6500000| Untracked 
| 358|0x00000000d6600000, 0x00000000d6600000, 0x00000000d6700000|  0%| F|  |TAMS 0x00000000d6600000, 0x00000000d6600000| Untracked 
| 359|0x00000000d6700000, 0x00000000d6700000, 0x00000000d6800000|  0%| F|  |TAMS 0x00000000d6700000, 0x00000000d6700000| Untracked 
| 360|0x00000000d6800000, 0x00000000d6800000, 0x00000000d6900000|  0%| F|  |TAMS 0x00000000d6800000, 0x00000000d6800000| Untracked 
| 361|0x00000000d6900000, 0x00000000d6900000, 0x00000000d6a00000|  0%| F|  |TAMS 0x00000000d6900000, 0x00000000d6900000| Untracked 
| 362|0x00000000d6a00000, 0x00000000d6a00000, 0x00000000d6b00000|  0%| F|  |TAMS 0x00000000d6a00000, 0x00000000d6a00000| Untracked 
| 363|0x00000000d6b00000, 0x00000000d6b00000, 0x00000000d6c00000|  0%| F|  |TAMS 0x00000000d6b00000, 0x00000000d6b00000| Untracked 
| 364|0x00000000d6c00000, 0x00000000d6c00000, 0x00000000d6d00000|  0%| F|  |TAMS 0x00000000d6c00000, 0x00000000d6c00000| Untracked 
| 365|0x00000000d6d00000, 0x00000000d6d00000, 0x00000000d6e00000|  0%| F|  |TAMS 0x00000000d6d00000, 0x00000000d6d00000| Untracked 
| 366|0x00000000d6e00000, 0x00000000d6e00000, 0x00000000d6f00000|  0%| F|  |TAMS 0x00000000d6e00000, 0x00000000d6e00000| Untracked 
| 367|0x00000000d6f00000, 0x00000000d6f00000, 0x00000000d7000000|  0%| F|  |TAMS 0x00000000d6f00000, 0x00000000d6f00000| Untracked 
| 368|0x00000000d7000000, 0x00000000d7000000, 0x00000000d7100000|  0%| F|  |TAMS 0x00000000d7000000, 0x00000000d7000000| Untracked 
| 369|0x00000000d7100000, 0x00000000d7100000, 0x00000000d7200000|  0%| F|  |TAMS 0x00000000d7100000, 0x00000000d7100000| Untracked 
| 370|0x00000000d7200000, 0x00000000d7200000, 0x00000000d7300000|  0%| F|  |TAMS 0x00000000d7200000, 0x00000000d7200000| Untracked 
| 371|0x00000000d7300000, 0x00000000d7300000, 0x00000000d7400000|  0%| F|  |TAMS 0x00000000d7300000, 0x00000000d7300000| Untracked 
| 372|0x00000000d7400000, 0x00000000d7400000, 0x00000000d7500000|  0%| F|  |TAMS 0x00000000d7400000, 0x00000000d7400000| Untracked 
| 373|0x00000000d7500000, 0x00000000d7500000, 0x00000000d7600000|  0%| F|  |TAMS 0x00000000d7500000, 0x00000000d7500000| Untracked 
| 374|0x00000000d7600000, 0x00000000d7600000, 0x00000000d7700000|  0%| F|  |TAMS 0x00000000d7600000, 0x00000000d7600000| Untracked 
| 375|0x00000000d7700000, 0x00000000d7700000, 0x00000000d7800000|  0%| F|  |TAMS 0x00000000d7700000, 0x00000000d7700000| Untracked 
| 376|0x00000000d7800000, 0x00000000d7800000, 0x00000000d7900000|  0%| F|  |TAMS 0x00000000d7800000, 0x00000000d7800000| Untracked 
| 377|0x00000000d7900000, 0x00000000d7900000, 0x00000000d7a00000|  0%| F|  |TAMS 0x00000000d7900000, 0x00000000d7900000| Untracked 
| 378|0x00000000d7a00000, 0x00000000d7a00000, 0x00000000d7b00000|  0%| F|  |TAMS 0x00000000d7a00000, 0x00000000d7a00000| Untracked 
| 379|0x00000000d7b00000, 0x00000000d7b00000, 0x00000000d7c00000|  0%| F|  |TAMS 0x00000000d7b00000, 0x00000000d7b00000| Untracked 
| 380|0x00000000d7c00000, 0x00000000d7c00000, 0x00000000d7d00000|  0%| F|  |TAMS 0x00000000d7c00000, 0x00000000d7c00000| Untracked 
| 381|0x00000000d7d00000, 0x00000000d7d00000, 0x00000000d7e00000|  0%| F|  |TAMS 0x00000000d7d00000, 0x00000000d7d00000| Untracked 
| 382|0x00000000d7e00000, 0x00000000d7e00000, 0x00000000d7f00000|  0%| F|  |TAMS 0x00000000d7e00000, 0x00000000d7e00000| Untracked 
| 383|0x00000000d7f00000, 0x00000000d7f00000, 0x00000000d8000000|  0%| F|  |TAMS 0x00000000d7f00000, 0x00000000d7f00000| Untracked 
| 384|0x00000000d8000000, 0x00000000d8000000, 0x00000000d8100000|  0%| F|  |TAMS 0x00000000d8000000, 0x00000000d8000000| Untracked 
| 385|0x00000000d8100000, 0x00000000d8100000, 0x00000000d8200000|  0%| F|  |TAMS 0x00000000d8100000, 0x00000000d8100000| Untracked 
| 386|0x00000000d8200000, 0x00000000d8200000, 0x00000000d8300000|  0%| F|  |TAMS 0x00000000d8200000, 0x00000000d8200000| Untracked 
| 387|0x00000000d8300000, 0x00000000d8300000, 0x00000000d8400000|  0%| F|  |TAMS 0x00000000d8300000, 0x00000000d8300000| Untracked 
| 388|0x00000000d8400000, 0x00000000d8400000, 0x00000000d8500000|  0%| F|  |TAMS 0x00000000d8400000, 0x00000000d8400000| Untracked 
| 389|0x00000000d8500000, 0x00000000d8500000, 0x00000000d8600000|  0%| F|  |TAMS 0x00000000d8500000, 0x00000000d8500000| Untracked 
| 390|0x00000000d8600000, 0x00000000d8600000, 0x00000000d8700000|  0%| F|  |TAMS 0x00000000d8600000, 0x00000000d8600000| Untracked 
| 391|0x00000000d8700000, 0x00000000d8700000, 0x00000000d8800000|  0%| F|  |TAMS 0x00000000d8700000, 0x00000000d8700000| Untracked 
| 392|0x00000000d8800000, 0x00000000d8800000, 0x00000000d8900000|  0%| F|  |TAMS 0x00000000d8800000, 0x00000000d8800000| Untracked 
| 393|0x00000000d8900000, 0x00000000d8900000, 0x00000000d8a00000|  0%| F|  |TAMS 0x00000000d8900000, 0x00000000d8900000| Untracked 
| 394|0x00000000d8a00000, 0x00000000d8a00000, 0x00000000d8b00000|  0%| F|  |TAMS 0x00000000d8a00000, 0x00000000d8a00000| Untracked 
| 395|0x00000000d8b00000, 0x00000000d8b00000, 0x00000000d8c00000|  0%| F|  |TAMS 0x00000000d8b00000, 0x00000000d8b00000| Untracked 
| 396|0x00000000d8c00000, 0x00000000d8c00000, 0x00000000d8d00000|  0%| F|  |TAMS 0x00000000d8c00000, 0x00000000d8c00000| Untracked 
| 397|0x00000000d8d00000, 0x00000000d8d00000, 0x00000000d8e00000|  0%| F|  |TAMS 0x00000000d8d00000, 0x00000000d8d00000| Untracked 
| 398|0x00000000d8e00000, 0x00000000d8e00000, 0x00000000d8f00000|  0%| F|  |TAMS 0x00000000d8e00000, 0x00000000d8e00000| Untracked 
| 399|0x00000000d8f00000, 0x00000000d8f00000, 0x00000000d9000000|  0%| F|  |TAMS 0x00000000d8f00000, 0x00000000d8f00000| Untracked 
| 400|0x00000000d9000000, 0x00000000d9000000, 0x00000000d9100000|  0%| F|  |TAMS 0x00000000d9000000, 0x00000000d9000000| Untracked 
| 401|0x00000000d9100000, 0x00000000d9100000, 0x00000000d9200000|  0%| F|  |TAMS 0x00000000d9100000, 0x00000000d9100000| Untracked 
| 402|0x00000000d9200000, 0x00000000d9200000, 0x00000000d9300000|  0%| F|  |TAMS 0x00000000d9200000, 0x00000000d9200000| Untracked 
| 403|0x00000000d9300000, 0x00000000d9300000, 0x00000000d9400000|  0%| F|  |TAMS 0x00000000d9300000, 0x00000000d9300000| Untracked 
| 404|0x00000000d9400000, 0x00000000d9400000, 0x00000000d9500000|  0%| F|  |TAMS 0x00000000d9400000, 0x00000000d9400000| Untracked 
| 405|0x00000000d9500000, 0x00000000d9500000, 0x00000000d9600000|  0%| F|  |TAMS 0x00000000d9500000, 0x00000000d9500000| Untracked 
| 406|0x00000000d9600000, 0x00000000d9600000, 0x00000000d9700000|  0%| F|  |TAMS 0x00000000d9600000, 0x00000000d9600000| Untracked 
| 407|0x00000000d9700000, 0x00000000d9700000, 0x00000000d9800000|  0%| F|  |TAMS 0x00000000d9700000, 0x00000000d9700000| Untracked 
| 408|0x00000000d9800000, 0x00000000d9800000, 0x00000000d9900000|  0%| F|  |TAMS 0x00000000d9800000, 0x00000000d9800000| Untracked 
| 409|0x00000000d9900000, 0x00000000d9900000, 0x00000000d9a00000|  0%| F|  |TAMS 0x00000000d9900000, 0x00000000d9900000| Untracked 
| 410|0x00000000d9a00000, 0x00000000d9a00000, 0x00000000d9b00000|  0%| F|  |TAMS 0x00000000d9a00000, 0x00000000d9a00000| Untracked 
| 411|0x00000000d9b00000, 0x00000000d9b00000, 0x00000000d9c00000|  0%| F|  |TAMS 0x00000000d9b00000, 0x00000000d9b00000| Untracked 
| 412|0x00000000d9c00000, 0x00000000d9c00000, 0x00000000d9d00000|  0%| F|  |TAMS 0x00000000d9c00000, 0x00000000d9c00000| Untracked 
| 413|0x00000000d9d00000, 0x00000000d9d00000, 0x00000000d9e00000|  0%| F|  |TAMS 0x00000000d9d00000, 0x00000000d9d00000| Untracked 
| 414|0x00000000d9e00000, 0x00000000d9e00000, 0x00000000d9f00000|  0%| F|  |TAMS 0x00000000d9e00000, 0x00000000d9e00000| Untracked 
| 415|0x00000000d9f00000, 0x00000000d9f00000, 0x00000000da000000|  0%| F|  |TAMS 0x00000000d9f00000, 0x00000000d9f00000| Untracked 
| 416|0x00000000da000000, 0x00000000da000000, 0x00000000da100000|  0%| F|  |TAMS 0x00000000da000000, 0x00000000da000000| Untracked 
| 417|0x00000000da100000, 0x00000000da100000, 0x00000000da200000|  0%| F|  |TAMS 0x00000000da100000, 0x00000000da100000| Untracked 
| 418|0x00000000da200000, 0x00000000da200000, 0x00000000da300000|  0%| F|  |TAMS 0x00000000da200000, 0x00000000da200000| Untracked 
| 419|0x00000000da300000, 0x00000000da300000, 0x00000000da400000|  0%| F|  |TAMS 0x00000000da300000, 0x00000000da300000| Untracked 
| 420|0x00000000da400000, 0x00000000da400000, 0x00000000da500000|  0%| F|  |TAMS 0x00000000da400000, 0x00000000da400000| Untracked 
| 421|0x00000000da500000, 0x00000000da500000, 0x00000000da600000|  0%| F|  |TAMS 0x00000000da500000, 0x00000000da500000| Untracked 
| 422|0x00000000da600000, 0x00000000da600000, 0x00000000da700000|  0%| F|  |TAMS 0x00000000da600000, 0x00000000da600000| Untracked 
| 423|0x00000000da700000, 0x00000000da700000, 0x00000000da800000|  0%| F|  |TAMS 0x00000000da700000, 0x00000000da700000| Untracked 
| 424|0x00000000da800000, 0x00000000da800000, 0x00000000da900000|  0%| F|  |TAMS 0x00000000da800000, 0x00000000da800000| Untracked 
| 425|0x00000000da900000, 0x00000000da900000, 0x00000000daa00000|  0%| F|  |TAMS 0x00000000da900000, 0x00000000da900000| Untracked 
| 426|0x00000000daa00000, 0x00000000daa00000, 0x00000000dab00000|  0%| F|  |TAMS 0x00000000daa00000, 0x00000000daa00000| Untracked 
| 427|0x00000000dab00000, 0x00000000dab00000, 0x00000000dac00000|  0%| F|  |TAMS 0x00000000dab00000, 0x00000000dab00000| Untracked 
| 428|0x00000000dac00000, 0x00000000dac00000, 0x00000000dad00000|  0%| F|  |TAMS 0x00000000dac00000, 0x00000000dac00000| Untracked 
| 429|0x00000000dad00000, 0x00000000dad00000, 0x00000000dae00000|  0%| F|  |TAMS 0x00000000dad00000, 0x00000000dad00000| Untracked 
| 430|0x00000000dae00000, 0x00000000dae00000, 0x00000000daf00000|  0%| F|  |TAMS 0x00000000dae00000, 0x00000000dae00000| Untracked 
| 431|0x00000000daf00000, 0x00000000daf00000, 0x00000000db000000|  0%| F|  |TAMS 0x00000000daf00000, 0x00000000daf00000| Untracked 
| 432|0x00000000db000000, 0x00000000db000000, 0x00000000db100000|  0%| F|  |TAMS 0x00000000db000000, 0x00000000db000000| Untracked 
| 433|0x00000000db100000, 0x00000000db100000, 0x00000000db200000|  0%| F|  |TAMS 0x00000000db100000, 0x00000000db100000| Untracked 
| 434|0x00000000db200000, 0x00000000db200000, 0x00000000db300000|  0%| F|  |TAMS 0x00000000db200000, 0x00000000db200000| Untracked 
| 435|0x00000000db300000, 0x00000000db300000, 0x00000000db400000|  0%| F|  |TAMS 0x00000000db300000, 0x00000000db300000| Untracked 
| 436|0x00000000db400000, 0x00000000db400000, 0x00000000db500000|  0%| F|  |TAMS 0x00000000db400000, 0x00000000db400000| Untracked 
| 437|0x00000000db500000, 0x00000000db500000, 0x00000000db600000|  0%| F|  |TAMS 0x00000000db500000, 0x00000000db500000| Untracked 
| 438|0x00000000db600000, 0x00000000db600000, 0x00000000db700000|  0%| F|  |TAMS 0x00000000db600000, 0x00000000db600000| Untracked 
| 439|0x00000000db700000, 0x00000000db700000, 0x00000000db800000|  0%| F|  |TAMS 0x00000000db700000, 0x00000000db700000| Untracked 
| 440|0x00000000db800000, 0x00000000db800000, 0x00000000db900000|  0%| F|  |TAMS 0x00000000db800000, 0x00000000db800000| Untracked 
| 441|0x00000000db900000, 0x00000000db900000, 0x00000000dba00000|  0%| F|  |TAMS 0x00000000db900000, 0x00000000db900000| Untracked 
| 442|0x00000000dba00000, 0x00000000dba00000, 0x00000000dbb00000|  0%| F|  |TAMS 0x00000000dba00000, 0x00000000dba00000| Untracked 
| 443|0x00000000dbb00000, 0x00000000dbb00000, 0x00000000dbc00000|  0%| F|  |TAMS 0x00000000dbb00000, 0x00000000dbb00000| Untracked 
| 444|0x00000000dbc00000, 0x00000000dbc00000, 0x00000000dbd00000|  0%| F|  |TAMS 0x00000000dbc00000, 0x00000000dbc00000| Untracked 
| 445|0x00000000dbd00000, 0x00000000dbd00000, 0x00000000dbe00000|  0%| F|  |TAMS 0x00000000dbd00000, 0x00000000dbd00000| Untracked 
| 446|0x00000000dbe00000, 0x00000000dbe00000, 0x00000000dbf00000|  0%| F|  |TAMS 0x00000000dbe00000, 0x00000000dbe00000| Untracked 
| 447|0x00000000dbf00000, 0x00000000dbf00000, 0x00000000dc000000|  0%| F|  |TAMS 0x00000000dbf00000, 0x00000000dbf00000| Untracked 
| 448|0x00000000dc000000, 0x00000000dc000000, 0x00000000dc100000|  0%| F|  |TAMS 0x00000000dc000000, 0x00000000dc000000| Untracked 
| 449|0x00000000dc100000, 0x00000000dc100000, 0x00000000dc200000|  0%| F|  |TAMS 0x00000000dc100000, 0x00000000dc100000| Untracked 
| 450|0x00000000dc200000, 0x00000000dc200000, 0x00000000dc300000|  0%| F|  |TAMS 0x00000000dc200000, 0x00000000dc200000| Untracked 
| 451|0x00000000dc300000, 0x00000000dc300000, 0x00000000dc400000|  0%| F|  |TAMS 0x00000000dc300000, 0x00000000dc300000| Untracked 
| 452|0x00000000dc400000, 0x00000000dc400000, 0x00000000dc500000|  0%| F|  |TAMS 0x00000000dc400000, 0x00000000dc400000| Untracked 
| 453|0x00000000dc500000, 0x00000000dc500000, 0x00000000dc600000|  0%| F|  |TAMS 0x00000000dc500000, 0x00000000dc500000| Untracked 
| 454|0x00000000dc600000, 0x00000000dc600000, 0x00000000dc700000|  0%| F|  |TAMS 0x00000000dc600000, 0x00000000dc600000| Untracked 
| 455|0x00000000dc700000, 0x00000000dc700000, 0x00000000dc800000|  0%| F|  |TAMS 0x00000000dc700000, 0x00000000dc700000| Untracked 
| 456|0x00000000dc800000, 0x00000000dc800000, 0x00000000dc900000|  0%| F|  |TAMS 0x00000000dc800000, 0x00000000dc800000| Untracked 
| 457|0x00000000dc900000, 0x00000000dc900000, 0x00000000dca00000|  0%| F|  |TAMS 0x00000000dc900000, 0x00000000dc900000| Untracked 
| 458|0x00000000dca00000, 0x00000000dca00000, 0x00000000dcb00000|  0%| F|  |TAMS 0x00000000dca00000, 0x00000000dca00000| Untracked 
| 459|0x00000000dcb00000, 0x00000000dcb00000, 0x00000000dcc00000|  0%| F|  |TAMS 0x00000000dcb00000, 0x00000000dcb00000| Untracked 
| 460|0x00000000dcc00000, 0x00000000dcc00000, 0x00000000dcd00000|  0%| F|  |TAMS 0x00000000dcc00000, 0x00000000dcc00000| Untracked 
| 461|0x00000000dcd00000, 0x00000000dcd00000, 0x00000000dce00000|  0%| F|  |TAMS 0x00000000dcd00000, 0x00000000dcd00000| Untracked 
| 462|0x00000000dce00000, 0x00000000dce00000, 0x00000000dcf00000|  0%| F|  |TAMS 0x00000000dce00000, 0x00000000dce00000| Untracked 
| 463|0x00000000dcf00000, 0x00000000dcf00000, 0x00000000dd000000|  0%| F|  |TAMS 0x00000000dcf00000, 0x00000000dcf00000| Untracked 
| 464|0x00000000dd000000, 0x00000000dd000000, 0x00000000dd100000|  0%| F|  |TAMS 0x00000000dd000000, 0x00000000dd000000| Untracked 
| 465|0x00000000dd100000, 0x00000000dd100000, 0x00000000dd200000|  0%| F|  |TAMS 0x00000000dd100000, 0x00000000dd100000| Untracked 
| 466|0x00000000dd200000, 0x00000000dd200000, 0x00000000dd300000|  0%| F|  |TAMS 0x00000000dd200000, 0x00000000dd200000| Untracked 
| 467|0x00000000dd300000, 0x00000000dd300000, 0x00000000dd400000|  0%| F|  |TAMS 0x00000000dd300000, 0x00000000dd300000| Untracked 
| 468|0x00000000dd400000, 0x00000000dd400000, 0x00000000dd500000|  0%| F|  |TAMS 0x00000000dd400000, 0x00000000dd400000| Untracked 
| 469|0x00000000dd500000, 0x00000000dd500000, 0x00000000dd600000|  0%| F|  |TAMS 0x00000000dd500000, 0x00000000dd500000| Untracked 
| 470|0x00000000dd600000, 0x00000000dd600000, 0x00000000dd700000|  0%| F|  |TAMS 0x00000000dd600000, 0x00000000dd600000| Untracked 
| 471|0x00000000dd700000, 0x00000000dd700000, 0x00000000dd800000|  0%| F|  |TAMS 0x00000000dd700000, 0x00000000dd700000| Untracked 
| 472|0x00000000dd800000, 0x00000000dd800000, 0x00000000dd900000|  0%| F|  |TAMS 0x00000000dd800000, 0x00000000dd800000| Untracked 
| 473|0x00000000dd900000, 0x00000000dd900000, 0x00000000dda00000|  0%| F|  |TAMS 0x00000000dd900000, 0x00000000dd900000| Untracked 
| 474|0x00000000dda00000, 0x00000000dda00000, 0x00000000ddb00000|  0%| F|  |TAMS 0x00000000dda00000, 0x00000000dda00000| Untracked 
| 475|0x00000000ddb00000, 0x00000000ddb00000, 0x00000000ddc00000|  0%| F|  |TAMS 0x00000000ddb00000, 0x00000000ddb00000| Untracked 
| 476|0x00000000ddc00000, 0x00000000ddc00000, 0x00000000ddd00000|  0%| F|  |TAMS 0x00000000ddc00000, 0x00000000ddc00000| Untracked 
| 477|0x00000000ddd00000, 0x00000000ddd00000, 0x00000000dde00000|  0%| F|  |TAMS 0x00000000ddd00000, 0x00000000ddd00000| Untracked 
| 478|0x00000000dde00000, 0x00000000dde00000, 0x00000000ddf00000|  0%| F|  |TAMS 0x00000000dde00000, 0x00000000dde00000| Untracked 
| 479|0x00000000ddf00000, 0x00000000ddf00000, 0x00000000de000000|  0%| F|  |TAMS 0x00000000ddf00000, 0x00000000ddf00000| Untracked 
| 480|0x00000000de000000, 0x00000000de000000, 0x00000000de100000|  0%| F|  |TAMS 0x00000000de000000, 0x00000000de000000| Untracked 
| 481|0x00000000de100000, 0x00000000de100000, 0x00000000de200000|  0%| F|  |TAMS 0x00000000de100000, 0x00000000de100000| Untracked 
| 482|0x00000000de200000, 0x00000000de200000, 0x00000000de300000|  0%| F|  |TAMS 0x00000000de200000, 0x00000000de200000| Untracked 
| 483|0x00000000de300000, 0x00000000de300000, 0x00000000de400000|  0%| F|  |TAMS 0x00000000de300000, 0x00000000de300000| Untracked 
| 484|0x00000000de400000, 0x00000000de400000, 0x00000000de500000|  0%| F|  |TAMS 0x00000000de400000, 0x00000000de400000| Untracked 
| 485|0x00000000de500000, 0x00000000de500000, 0x00000000de600000|  0%| F|  |TAMS 0x00000000de500000, 0x00000000de500000| Untracked 
| 486|0x00000000de600000, 0x00000000de600000, 0x00000000de700000|  0%| F|  |TAMS 0x00000000de600000, 0x00000000de600000| Untracked 
| 487|0x00000000de700000, 0x00000000de700000, 0x00000000de800000|  0%| F|  |TAMS 0x00000000de700000, 0x00000000de700000| Untracked 
| 488|0x00000000de800000, 0x00000000de800000, 0x00000000de900000|  0%| F|  |TAMS 0x00000000de800000, 0x00000000de800000| Untracked 
| 489|0x00000000de900000, 0x00000000de900000, 0x00000000dea00000|  0%| F|  |TAMS 0x00000000de900000, 0x00000000de900000| Untracked 
| 490|0x00000000dea00000, 0x00000000dea00000, 0x00000000deb00000|  0%| F|  |TAMS 0x00000000dea00000, 0x00000000dea00000| Untracked 
| 491|0x00000000deb00000, 0x00000000deb00000, 0x00000000dec00000|  0%| F|  |TAMS 0x00000000deb00000, 0x00000000deb00000| Untracked 
| 492|0x00000000dec00000, 0x00000000dec00000, 0x00000000ded00000|  0%| F|  |TAMS 0x00000000dec00000, 0x00000000dec00000| Untracked 
| 493|0x00000000ded00000, 0x00000000ded00000, 0x00000000dee00000|  0%| F|  |TAMS 0x00000000ded00000, 0x00000000ded00000| Untracked 
| 494|0x00000000dee00000, 0x00000000dee00000, 0x00000000def00000|  0%| F|  |TAMS 0x00000000dee00000, 0x00000000dee00000| Untracked 
| 495|0x00000000def00000, 0x00000000def00000, 0x00000000df000000|  0%| F|  |TAMS 0x00000000def00000, 0x00000000def00000| Untracked 
| 496|0x00000000df000000, 0x00000000df000000, 0x00000000df100000|  0%| F|  |TAMS 0x00000000df000000, 0x00000000df000000| Untracked 
| 497|0x00000000df100000, 0x00000000df100000, 0x00000000df200000|  0%| F|  |TAMS 0x00000000df100000, 0x00000000df100000| Untracked 
| 498|0x00000000df200000, 0x00000000df200000, 0x00000000df300000|  0%| F|  |TAMS 0x00000000df200000, 0x00000000df200000| Untracked 
| 499|0x00000000df300000, 0x00000000df300000, 0x00000000df400000|  0%| F|  |TAMS 0x00000000df300000, 0x00000000df300000| Untracked 
| 500|0x00000000df400000, 0x00000000df400000, 0x00000000df500000|  0%| F|  |TAMS 0x00000000df400000, 0x00000000df400000| Untracked 
| 501|0x00000000df500000, 0x00000000df500000, 0x00000000df600000|  0%| F|  |TAMS 0x00000000df500000, 0x00000000df500000| Untracked 
| 502|0x00000000df600000, 0x00000000df600000, 0x00000000df700000|  0%| F|  |TAMS 0x00000000df600000, 0x00000000df600000| Untracked 
| 503|0x00000000df700000, 0x00000000df700000, 0x00000000df800000|  0%| F|  |TAMS 0x00000000df700000, 0x00000000df700000| Untracked 
| 504|0x00000000df800000, 0x00000000df800000, 0x00000000df900000|  0%| F|  |TAMS 0x00000000df800000, 0x00000000df800000| Untracked 
| 505|0x00000000df900000, 0x00000000df900000, 0x00000000dfa00000|  0%| F|  |TAMS 0x00000000df900000, 0x00000000df900000| Untracked 
| 506|0x00000000dfa00000, 0x00000000dfa00000, 0x00000000dfb00000|  0%| F|  |TAMS 0x00000000dfa00000, 0x00000000dfa00000| Untracked 
| 507|0x00000000dfb00000, 0x00000000dfb00000, 0x00000000dfc00000|  0%| F|  |TAMS 0x00000000dfb00000, 0x00000000dfb00000| Untracked 
| 508|0x00000000dfc00000, 0x00000000dfc00000, 0x00000000dfd00000|  0%| F|  |TAMS 0x00000000dfc00000, 0x00000000dfc00000| Untracked 
| 509|0x00000000dfd00000, 0x00000000dfd00000, 0x00000000dfe00000|  0%| F|  |TAMS 0x00000000dfd00000, 0x00000000dfd00000| Untracked 
| 510|0x00000000dfe00000, 0x00000000dfe00000, 0x00000000dff00000|  0%| F|  |TAMS 0x00000000dfe00000, 0x00000000dfe00000| Untracked 
| 511|0x00000000dff00000, 0x00000000dff00000, 0x00000000e0000000|  0%| F|  |TAMS 0x00000000dff00000, 0x00000000dff00000| Untracked 
| 512|0x00000000e0000000, 0x00000000e0000000, 0x00000000e0100000|  0%| F|  |TAMS 0x00000000e0000000, 0x00000000e0000000| Untracked 
| 513|0x00000000e0100000, 0x00000000e0100000, 0x00000000e0200000|  0%| F|  |TAMS 0x00000000e0100000, 0x00000000e0100000| Untracked 
| 514|0x00000000e0200000, 0x00000000e0200000, 0x00000000e0300000|  0%| F|  |TAMS 0x00000000e0200000, 0x00000000e0200000| Untracked 
| 515|0x00000000e0300000, 0x00000000e0300000, 0x00000000e0400000|  0%| F|  |TAMS 0x00000000e0300000, 0x00000000e0300000| Untracked 
| 516|0x00000000e0400000, 0x00000000e0400000, 0x00000000e0500000|  0%| F|  |TAMS 0x00000000e0400000, 0x00000000e0400000| Untracked 
| 517|0x00000000e0500000, 0x00000000e0500000, 0x00000000e0600000|  0%| F|  |TAMS 0x00000000e0500000, 0x00000000e0500000| Untracked 
| 518|0x00000000e0600000, 0x00000000e0600000, 0x00000000e0700000|  0%| F|  |TAMS 0x00000000e0600000, 0x00000000e0600000| Untracked 
| 519|0x00000000e0700000, 0x00000000e0700000, 0x00000000e0800000|  0%| F|  |TAMS 0x00000000e0700000, 0x00000000e0700000| Untracked 
| 520|0x00000000e0800000, 0x00000000e0800000, 0x00000000e0900000|  0%| F|  |TAMS 0x00000000e0800000, 0x00000000e0800000| Untracked 
| 521|0x00000000e0900000, 0x00000000e0900000, 0x00000000e0a00000|  0%| F|  |TAMS 0x00000000e0900000, 0x00000000e0900000| Untracked 
| 522|0x00000000e0a00000, 0x00000000e0a00000, 0x00000000e0b00000|  0%| F|  |TAMS 0x00000000e0a00000, 0x00000000e0a00000| Untracked 
| 523|0x00000000e0b00000, 0x00000000e0b00000, 0x00000000e0c00000|  0%| F|  |TAMS 0x00000000e0b00000, 0x00000000e0b00000| Untracked 
| 524|0x00000000e0c00000, 0x00000000e0c00000, 0x00000000e0d00000|  0%| F|  |TAMS 0x00000000e0c00000, 0x00000000e0c00000| Untracked 
| 525|0x00000000e0d00000, 0x00000000e0d00000, 0x00000000e0e00000|  0%| F|  |TAMS 0x00000000e0d00000, 0x00000000e0d00000| Untracked 
| 526|0x00000000e0e00000, 0x00000000e0e00000, 0x00000000e0f00000|  0%| F|  |TAMS 0x00000000e0e00000, 0x00000000e0e00000| Untracked 
| 527|0x00000000e0f00000, 0x00000000e0f00000, 0x00000000e1000000|  0%| F|  |TAMS 0x00000000e0f00000, 0x00000000e0f00000| Untracked 
| 528|0x00000000e1000000, 0x00000000e1000000, 0x00000000e1100000|  0%| F|  |TAMS 0x00000000e1000000, 0x00000000e1000000| Untracked 
| 529|0x00000000e1100000, 0x00000000e1100000, 0x00000000e1200000|  0%| F|  |TAMS 0x00000000e1100000, 0x00000000e1100000| Untracked 
| 530|0x00000000e1200000, 0x00000000e1200000, 0x00000000e1300000|  0%| F|  |TAMS 0x00000000e1200000, 0x00000000e1200000| Untracked 
| 531|0x00000000e1300000, 0x00000000e1300000, 0x00000000e1400000|  0%| F|  |TAMS 0x00000000e1300000, 0x00000000e1300000| Untracked 
| 532|0x00000000e1400000, 0x00000000e1400000, 0x00000000e1500000|  0%| F|  |TAMS 0x00000000e1400000, 0x00000000e1400000| Untracked 
| 533|0x00000000e1500000, 0x00000000e1500000, 0x00000000e1600000|  0%| F|  |TAMS 0x00000000e1500000, 0x00000000e1500000| Untracked 
| 534|0x00000000e1600000, 0x00000000e1600000, 0x00000000e1700000|  0%| F|  |TAMS 0x00000000e1600000, 0x00000000e1600000| Untracked 
| 535|0x00000000e1700000, 0x00000000e1700000, 0x00000000e1800000|  0%| F|  |TAMS 0x00000000e1700000, 0x00000000e1700000| Untracked 
| 536|0x00000000e1800000, 0x00000000e1800000, 0x00000000e1900000|  0%| F|  |TAMS 0x00000000e1800000, 0x00000000e1800000| Untracked 
| 537|0x00000000e1900000, 0x00000000e1900000, 0x00000000e1a00000|  0%| F|  |TAMS 0x00000000e1900000, 0x00000000e1900000| Untracked 
| 538|0x00000000e1a00000, 0x00000000e1a00000, 0x00000000e1b00000|  0%| F|  |TAMS 0x00000000e1a00000, 0x00000000e1a00000| Untracked 
| 539|0x00000000e1b00000, 0x00000000e1b00000, 0x00000000e1c00000|  0%| F|  |TAMS 0x00000000e1b00000, 0x00000000e1b00000| Untracked 
| 540|0x00000000e1c00000, 0x00000000e1c00000, 0x00000000e1d00000|  0%| F|  |TAMS 0x00000000e1c00000, 0x00000000e1c00000| Untracked 
| 541|0x00000000e1d00000, 0x00000000e1d00000, 0x00000000e1e00000|  0%| F|  |TAMS 0x00000000e1d00000, 0x00000000e1d00000| Untracked 
| 542|0x00000000e1e00000, 0x00000000e1e00000, 0x00000000e1f00000|  0%| F|  |TAMS 0x00000000e1e00000, 0x00000000e1e00000| Untracked 
| 543|0x00000000e1f00000, 0x00000000e1f00000, 0x00000000e2000000|  0%| F|  |TAMS 0x00000000e1f00000, 0x00000000e1f00000| Untracked 
| 544|0x00000000e2000000, 0x00000000e2000000, 0x00000000e2100000|  0%| F|  |TAMS 0x00000000e2000000, 0x00000000e2000000| Untracked 
| 545|0x00000000e2100000, 0x00000000e2100000, 0x00000000e2200000|  0%| F|  |TAMS 0x00000000e2100000, 0x00000000e2100000| Untracked 
| 546|0x00000000e2200000, 0x00000000e2200000, 0x00000000e2300000|  0%| F|  |TAMS 0x00000000e2200000, 0x00000000e2200000| Untracked 
| 547|0x00000000e2300000, 0x00000000e2300000, 0x00000000e2400000|  0%| F|  |TAMS 0x00000000e2300000, 0x00000000e2300000| Untracked 
| 548|0x00000000e2400000, 0x00000000e2400000, 0x00000000e2500000|  0%| F|  |TAMS 0x00000000e2400000, 0x00000000e2400000| Untracked 
| 549|0x00000000e2500000, 0x00000000e2500000, 0x00000000e2600000|  0%| F|  |TAMS 0x00000000e2500000, 0x00000000e2500000| Untracked 
| 550|0x00000000e2600000, 0x00000000e2600000, 0x00000000e2700000|  0%| F|  |TAMS 0x00000000e2600000, 0x00000000e2600000| Untracked 
| 551|0x00000000e2700000, 0x00000000e2700000, 0x00000000e2800000|  0%| F|  |TAMS 0x00000000e2700000, 0x00000000e2700000| Untracked 
| 552|0x00000000e2800000, 0x00000000e2800000, 0x00000000e2900000|  0%| F|  |TAMS 0x00000000e2800000, 0x00000000e2800000| Untracked 
| 553|0x00000000e2900000, 0x00000000e2900000, 0x00000000e2a00000|  0%| F|  |TAMS 0x00000000e2900000, 0x00000000e2900000| Untracked 
| 554|0x00000000e2a00000, 0x00000000e2a00000, 0x00000000e2b00000|  0%| F|  |TAMS 0x00000000e2a00000, 0x00000000e2a00000| Untracked 
| 555|0x00000000e2b00000, 0x00000000e2b00000, 0x00000000e2c00000|  0%| F|  |TAMS 0x00000000e2b00000, 0x00000000e2b00000| Untracked 
| 556|0x00000000e2c00000, 0x00000000e2c00000, 0x00000000e2d00000|  0%| F|  |TAMS 0x00000000e2c00000, 0x00000000e2c00000| Untracked 
| 557|0x00000000e2d00000, 0x00000000e2d00000, 0x00000000e2e00000|  0%| F|  |TAMS 0x00000000e2d00000, 0x00000000e2d00000| Untracked 
| 558|0x00000000e2e00000, 0x00000000e2e00000, 0x00000000e2f00000|  0%| F|  |TAMS 0x00000000e2e00000, 0x00000000e2e00000| Untracked 
| 559|0x00000000e2f00000, 0x00000000e2f00000, 0x00000000e3000000|  0%| F|  |TAMS 0x00000000e2f00000, 0x00000000e2f00000| Untracked 
| 560|0x00000000e3000000, 0x00000000e3000000, 0x00000000e3100000|  0%| F|  |TAMS 0x00000000e3000000, 0x00000000e3000000| Untracked 
| 561|0x00000000e3100000, 0x00000000e3100000, 0x00000000e3200000|  0%| F|  |TAMS 0x00000000e3100000, 0x00000000e3100000| Untracked 
| 562|0x00000000e3200000, 0x00000000e3200000, 0x00000000e3300000|  0%| F|  |TAMS 0x00000000e3200000, 0x00000000e3200000| Untracked 
| 563|0x00000000e3300000, 0x00000000e3300000, 0x00000000e3400000|  0%| F|  |TAMS 0x00000000e3300000, 0x00000000e3300000| Untracked 
| 564|0x00000000e3400000, 0x00000000e3400000, 0x00000000e3500000|  0%| F|  |TAMS 0x00000000e3400000, 0x00000000e3400000| Untracked 
| 565|0x00000000e3500000, 0x00000000e3500000, 0x00000000e3600000|  0%| F|  |TAMS 0x00000000e3500000, 0x00000000e3500000| Untracked 
| 566|0x00000000e3600000, 0x00000000e3600000, 0x00000000e3700000|  0%| F|  |TAMS 0x00000000e3600000, 0x00000000e3600000| Untracked 
| 567|0x00000000e3700000, 0x00000000e3700000, 0x00000000e3800000|  0%| F|  |TAMS 0x00000000e3700000, 0x00000000e3700000| Untracked 
| 568|0x00000000e3800000, 0x00000000e3800000, 0x00000000e3900000|  0%| F|  |TAMS 0x00000000e3800000, 0x00000000e3800000| Untracked 
| 569|0x00000000e3900000, 0x00000000e3900000, 0x00000000e3a00000|  0%| F|  |TAMS 0x00000000e3900000, 0x00000000e3900000| Untracked 
| 570|0x00000000e3a00000, 0x00000000e3a00000, 0x00000000e3b00000|  0%| F|  |TAMS 0x00000000e3a00000, 0x00000000e3a00000| Untracked 
| 571|0x00000000e3b00000, 0x00000000e3b00000, 0x00000000e3c00000|  0%| F|  |TAMS 0x00000000e3b00000, 0x00000000e3b00000| Untracked 
| 572|0x00000000e3c00000, 0x00000000e3c00000, 0x00000000e3d00000|  0%| F|  |TAMS 0x00000000e3c00000, 0x00000000e3c00000| Untracked 
| 573|0x00000000e3d00000, 0x00000000e3d00000, 0x00000000e3e00000|  0%| F|  |TAMS 0x00000000e3d00000, 0x00000000e3d00000| Untracked 
| 574|0x00000000e3e00000, 0x00000000e3e00000, 0x00000000e3f00000|  0%| F|  |TAMS 0x00000000e3e00000, 0x00000000e3e00000| Untracked 
| 575|0x00000000e3f00000, 0x00000000e3f00000, 0x00000000e4000000|  0%| F|  |TAMS 0x00000000e3f00000, 0x00000000e3f00000| Untracked 
| 576|0x00000000e4000000, 0x00000000e4000000, 0x00000000e4100000|  0%| F|  |TAMS 0x00000000e4000000, 0x00000000e4000000| Untracked 
| 577|0x00000000e4100000, 0x00000000e4100000, 0x00000000e4200000|  0%| F|  |TAMS 0x00000000e4100000, 0x00000000e4100000| Untracked 
| 578|0x00000000e4200000, 0x00000000e4200000, 0x00000000e4300000|  0%| F|  |TAMS 0x00000000e4200000, 0x00000000e4200000| Untracked 
| 579|0x00000000e4300000, 0x00000000e4300000, 0x00000000e4400000|  0%| F|  |TAMS 0x00000000e4300000, 0x00000000e4300000| Untracked 
| 580|0x00000000e4400000, 0x00000000e4400000, 0x00000000e4500000|  0%| F|  |TAMS 0x00000000e4400000, 0x00000000e4400000| Untracked 
| 581|0x00000000e4500000, 0x00000000e4500000, 0x00000000e4600000|  0%| F|  |TAMS 0x00000000e4500000, 0x00000000e4500000| Untracked 
| 582|0x00000000e4600000, 0x00000000e4600000, 0x00000000e4700000|  0%| F|  |TAMS 0x00000000e4600000, 0x00000000e4600000| Untracked 
| 583|0x00000000e4700000, 0x00000000e4700000, 0x00000000e4800000|  0%| F|  |TAMS 0x00000000e4700000, 0x00000000e4700000| Untracked 
| 584|0x00000000e4800000, 0x00000000e4800000, 0x00000000e4900000|  0%| F|  |TAMS 0x00000000e4800000, 0x00000000e4800000| Untracked 
| 585|0x00000000e4900000, 0x00000000e4900000, 0x00000000e4a00000|  0%| F|  |TAMS 0x00000000e4900000, 0x00000000e4900000| Untracked 
| 586|0x00000000e4a00000, 0x00000000e4a00000, 0x00000000e4b00000|  0%| F|  |TAMS 0x00000000e4a00000, 0x00000000e4a00000| Untracked 
| 587|0x00000000e4b00000, 0x00000000e4b00000, 0x00000000e4c00000|  0%| F|  |TAMS 0x00000000e4b00000, 0x00000000e4b00000| Untracked 
| 588|0x00000000e4c00000, 0x00000000e4c00000, 0x00000000e4d00000|  0%| F|  |TAMS 0x00000000e4c00000, 0x00000000e4c00000| Untracked 
| 589|0x00000000e4d00000, 0x00000000e4d00000, 0x00000000e4e00000|  0%| F|  |TAMS 0x00000000e4d00000, 0x00000000e4d00000| Untracked 
| 590|0x00000000e4e00000, 0x00000000e4e00000, 0x00000000e4f00000|  0%| F|  |TAMS 0x00000000e4e00000, 0x00000000e4e00000| Untracked 
| 591|0x00000000e4f00000, 0x00000000e4f00000, 0x00000000e5000000|  0%| F|  |TAMS 0x00000000e4f00000, 0x00000000e4f00000| Untracked 
| 592|0x00000000e5000000, 0x00000000e5000000, 0x00000000e5100000|  0%| F|  |TAMS 0x00000000e5000000, 0x00000000e5000000| Untracked 
| 593|0x00000000e5100000, 0x00000000e5100000, 0x00000000e5200000|  0%| F|  |TAMS 0x00000000e5100000, 0x00000000e5100000| Untracked 
| 594|0x00000000e5200000, 0x00000000e5200000, 0x00000000e5300000|  0%| F|  |TAMS 0x00000000e5200000, 0x00000000e5200000| Untracked 
| 595|0x00000000e5300000, 0x00000000e5300000, 0x00000000e5400000|  0%| F|  |TAMS 0x00000000e5300000, 0x00000000e5300000| Untracked 
| 596|0x00000000e5400000, 0x00000000e5400000, 0x00000000e5500000|  0%| F|  |TAMS 0x00000000e5400000, 0x00000000e5400000| Untracked 
| 597|0x00000000e5500000, 0x00000000e5500000, 0x00000000e5600000|  0%| F|  |TAMS 0x00000000e5500000, 0x00000000e5500000| Untracked 
| 598|0x00000000e5600000, 0x00000000e5600000, 0x00000000e5700000|  0%| F|  |TAMS 0x00000000e5600000, 0x00000000e5600000| Untracked 
| 599|0x00000000e5700000, 0x00000000e5700000, 0x00000000e5800000|  0%| F|  |TAMS 0x00000000e5700000, 0x00000000e5700000| Untracked 
| 600|0x00000000e5800000, 0x00000000e5800000, 0x00000000e5900000|  0%| F|  |TAMS 0x00000000e5800000, 0x00000000e5800000| Untracked 
| 601|0x00000000e5900000, 0x00000000e5900000, 0x00000000e5a00000|  0%| F|  |TAMS 0x00000000e5900000, 0x00000000e5900000| Untracked 
| 602|0x00000000e5a00000, 0x00000000e5a00000, 0x00000000e5b00000|  0%| F|  |TAMS 0x00000000e5a00000, 0x00000000e5a00000| Untracked 
| 603|0x00000000e5b00000, 0x00000000e5b00000, 0x00000000e5c00000|  0%| F|  |TAMS 0x00000000e5b00000, 0x00000000e5b00000| Untracked 
| 604|0x00000000e5c00000, 0x00000000e5c00000, 0x00000000e5d00000|  0%| F|  |TAMS 0x00000000e5c00000, 0x00000000e5c00000| Untracked 
| 605|0x00000000e5d00000, 0x00000000e5d00000, 0x00000000e5e00000|  0%| F|  |TAMS 0x00000000e5d00000, 0x00000000e5d00000| Untracked 
| 606|0x00000000e5e00000, 0x00000000e5e00000, 0x00000000e5f00000|  0%| F|  |TAMS 0x00000000e5e00000, 0x00000000e5e00000| Untracked 
| 607|0x00000000e5f00000, 0x00000000e5f00000, 0x00000000e6000000|  0%| F|  |TAMS 0x00000000e5f00000, 0x00000000e5f00000| Untracked 
| 608|0x00000000e6000000, 0x00000000e6000000, 0x00000000e6100000|  0%| F|  |TAMS 0x00000000e6000000, 0x00000000e6000000| Untracked 
| 609|0x00000000e6100000, 0x00000000e6100000, 0x00000000e6200000|  0%| F|  |TAMS 0x00000000e6100000, 0x00000000e6100000| Untracked 
| 610|0x00000000e6200000, 0x00000000e6200000, 0x00000000e6300000|  0%| F|  |TAMS 0x00000000e6200000, 0x00000000e6200000| Untracked 
| 611|0x00000000e6300000, 0x00000000e6300000, 0x00000000e6400000|  0%| F|  |TAMS 0x00000000e6300000, 0x00000000e6300000| Untracked 
| 612|0x00000000e6400000, 0x00000000e6400000, 0x00000000e6500000|  0%| F|  |TAMS 0x00000000e6400000, 0x00000000e6400000| Untracked 
| 613|0x00000000e6500000, 0x00000000e6500000, 0x00000000e6600000|  0%| F|  |TAMS 0x00000000e6500000, 0x00000000e6500000| Untracked 
| 614|0x00000000e6600000, 0x00000000e6600000, 0x00000000e6700000|  0%| F|  |TAMS 0x00000000e6600000, 0x00000000e6600000| Untracked 
| 615|0x00000000e6700000, 0x00000000e6700000, 0x00000000e6800000|  0%| F|  |TAMS 0x00000000e6700000, 0x00000000e6700000| Untracked 
| 616|0x00000000e6800000, 0x00000000e6800000, 0x00000000e6900000|  0%| F|  |TAMS 0x00000000e6800000, 0x00000000e6800000| Untracked 
| 617|0x00000000e6900000, 0x00000000e6900000, 0x00000000e6a00000|  0%| F|  |TAMS 0x00000000e6900000, 0x00000000e6900000| Untracked 
| 618|0x00000000e6a00000, 0x00000000e6a04c50, 0x00000000e6b00000|  1%| E|  |TAMS 0x00000000e6a00000, 0x00000000e6a00000| Complete 
| 619|0x00000000e6b00000, 0x00000000e6c00000, 0x00000000e6c00000|100%| E|CS|TAMS 0x00000000e6b00000, 0x00000000e6b00000| Complete 
| 620|0x00000000e6c00000, 0x00000000e6d00000, 0x00000000e6d00000|100%| E|CS|TAMS 0x00000000e6c00000, 0x00000000e6c00000| Complete 
| 621|0x00000000e6d00000, 0x00000000e6e00000, 0x00000000e6e00000|100%| E|CS|TAMS 0x00000000e6d00000, 0x00000000e6d00000| Complete 
| 622|0x00000000e6e00000, 0x00000000e6f00000, 0x00000000e6f00000|100%| E|CS|TAMS 0x00000000e6e00000, 0x00000000e6e00000| Complete 
| 623|0x00000000e6f00000, 0x00000000e7000000, 0x00000000e7000000|100%| E|CS|TAMS 0x00000000e6f00000, 0x00000000e6f00000| Complete 
| 624|0x00000000e7000000, 0x00000000e7100000, 0x00000000e7100000|100%| E|CS|TAMS 0x00000000e7000000, 0x00000000e7000000| Complete 
| 625|0x00000000e7100000, 0x00000000e7200000, 0x00000000e7200000|100%| E|CS|TAMS 0x00000000e7100000, 0x00000000e7100000| Complete 
| 626|0x00000000e7200000, 0x00000000e7300000, 0x00000000e7300000|100%| E|CS|TAMS 0x00000000e7200000, 0x00000000e7200000| Complete 
| 627|0x00000000e7300000, 0x00000000e7400000, 0x00000000e7400000|100%| E|CS|TAMS 0x00000000e7300000, 0x00000000e7300000| Complete 
| 628|0x00000000e7400000, 0x00000000e7500000, 0x00000000e7500000|100%| E|CS|TAMS 0x00000000e7400000, 0x00000000e7400000| Complete 
| 629|0x00000000e7500000, 0x00000000e7600000, 0x00000000e7600000|100%| E|CS|TAMS 0x00000000e7500000, 0x00000000e7500000| Complete 
| 630|0x00000000e7600000, 0x00000000e7700000, 0x00000000e7700000|100%| E|CS|TAMS 0x00000000e7600000, 0x00000000e7600000| Complete 
| 631|0x00000000e7700000, 0x00000000e7800000, 0x00000000e7800000|100%| E|CS|TAMS 0x00000000e7700000, 0x00000000e7700000| Complete 
| 632|0x00000000e7800000, 0x00000000e7900000, 0x00000000e7900000|100%| E|CS|TAMS 0x00000000e7800000, 0x00000000e7800000| Complete 
| 633|0x00000000e7900000, 0x00000000e7a00000, 0x00000000e7a00000|100%| E|CS|TAMS 0x00000000e7900000, 0x00000000e7900000| Complete 
| 634|0x00000000e7a00000, 0x00000000e7b00000, 0x00000000e7b00000|100%| E|CS|TAMS 0x00000000e7a00000, 0x00000000e7a00000| Complete 
| 635|0x00000000e7b00000, 0x00000000e7c00000, 0x00000000e7c00000|100%| E|CS|TAMS 0x00000000e7b00000, 0x00000000e7b00000| Complete 
| 636|0x00000000e7c00000, 0x00000000e7d00000, 0x00000000e7d00000|100%| E|CS|TAMS 0x00000000e7c00000, 0x00000000e7c00000| Complete 
| 637|0x00000000e7d00000, 0x00000000e7e00000, 0x00000000e7e00000|100%| E|CS|TAMS 0x00000000e7d00000, 0x00000000e7d00000| Complete 
| 638|0x00000000e7e00000, 0x00000000e7f00000, 0x00000000e7f00000|100%| E|CS|TAMS 0x00000000e7e00000, 0x00000000e7e00000| Complete 
| 639|0x00000000e7f00000, 0x00000000e8000000, 0x00000000e8000000|100%| E|CS|TAMS 0x00000000e7f00000, 0x00000000e7f00000| Complete 
| 640|0x00000000e8000000, 0x00000000e8100000, 0x00000000e8100000|100%| E|CS|TAMS 0x00000000e8000000, 0x00000000e8000000| Complete 
| 641|0x00000000e8100000, 0x00000000e8200000, 0x00000000e8200000|100%| E|CS|TAMS 0x00000000e8100000, 0x00000000e8100000| Complete 
| 642|0x00000000e8200000, 0x00000000e8300000, 0x00000000e8300000|100%| E|CS|TAMS 0x00000000e8200000, 0x00000000e8200000| Complete 
| 643|0x00000000e8300000, 0x00000000e8400000, 0x00000000e8400000|100%| E|CS|TAMS 0x00000000e8300000, 0x00000000e8300000| Complete 
| 644|0x00000000e8400000, 0x00000000e8500000, 0x00000000e8500000|100%| E|  |TAMS 0x00000000e8400000, 0x00000000e8400000| Complete 
| 645|0x00000000e8500000, 0x00000000e8600000, 0x00000000e8600000|100%| E|CS|TAMS 0x00000000e8500000, 0x00000000e8500000| Complete 
| 646|0x00000000e8600000, 0x00000000e8700000, 0x00000000e8700000|100%| E|CS|TAMS 0x00000000e8600000, 0x00000000e8600000| Complete 
| 647|0x00000000e8700000, 0x00000000e8800000, 0x00000000e8800000|100%| E|CS|TAMS 0x00000000e8700000, 0x00000000e8700000| Complete 
| 648|0x00000000e8800000, 0x00000000e8900000, 0x00000000e8900000|100%| E|CS|TAMS 0x00000000e8800000, 0x00000000e8800000| Complete 
| 649|0x00000000e8900000, 0x00000000e8a00000, 0x00000000e8a00000|100%| E|CS|TAMS 0x00000000e8900000, 0x00000000e8900000| Complete 
| 650|0x00000000e8a00000, 0x00000000e8b00000, 0x00000000e8b00000|100%| E|CS|TAMS 0x00000000e8a00000, 0x00000000e8a00000| Complete 
| 651|0x00000000e8b00000, 0x00000000e8c00000, 0x00000000e8c00000|100%| E|CS|TAMS 0x00000000e8b00000, 0x00000000e8b00000| Complete 
| 652|0x00000000e8c00000, 0x00000000e8d00000, 0x00000000e8d00000|100%| E|CS|TAMS 0x00000000e8c00000, 0x00000000e8c00000| Complete 
| 653|0x00000000e8d00000, 0x00000000e8e00000, 0x00000000e8e00000|100%| E|CS|TAMS 0x00000000e8d00000, 0x00000000e8d00000| Complete 
| 654|0x00000000e8e00000, 0x00000000e8f00000, 0x00000000e8f00000|100%| E|CS|TAMS 0x00000000e8e00000, 0x00000000e8e00000| Complete 
| 655|0x00000000e8f00000, 0x00000000e9000000, 0x00000000e9000000|100%| E|CS|TAMS 0x00000000e8f00000, 0x00000000e8f00000| Complete 
| 656|0x00000000e9000000, 0x00000000e9100000, 0x00000000e9100000|100%| E|CS|TAMS 0x00000000e9000000, 0x00000000e9000000| Complete 
| 657|0x00000000e9100000, 0x00000000e9200000, 0x00000000e9200000|100%| E|CS|TAMS 0x00000000e9100000, 0x00000000e9100000| Complete 
| 658|0x00000000e9200000, 0x00000000e9300000, 0x00000000e9300000|100%| E|CS|TAMS 0x00000000e9200000, 0x00000000e9200000| Complete 
| 659|0x00000000e9300000, 0x00000000e9400000, 0x00000000e9400000|100%| E|CS|TAMS 0x00000000e9300000, 0x00000000e9300000| Complete 
| 660|0x00000000e9400000, 0x00000000e9500000, 0x00000000e9500000|100%| E|CS|TAMS 0x00000000e9400000, 0x00000000e9400000| Complete 
| 661|0x00000000e9500000, 0x00000000e9600000, 0x00000000e9600000|100%| E|CS|TAMS 0x00000000e9500000, 0x00000000e9500000| Complete 
| 662|0x00000000e9600000, 0x00000000e9700000, 0x00000000e9700000|100%| E|CS|TAMS 0x00000000e9600000, 0x00000000e9600000| Complete 
| 663|0x00000000e9700000, 0x00000000e9800000, 0x00000000e9800000|100%| E|CS|TAMS 0x00000000e9700000, 0x00000000e9700000| Complete 
| 664|0x00000000e9800000, 0x00000000e9900000, 0x00000000e9900000|100%| E|CS|TAMS 0x00000000e9800000, 0x00000000e9800000| Complete 
| 665|0x00000000e9900000, 0x00000000e9a00000, 0x00000000e9a00000|100%| E|CS|TAMS 0x00000000e9900000, 0x00000000e9900000| Complete 
| 666|0x00000000e9a00000, 0x00000000e9b00000, 0x00000000e9b00000|100%| E|CS|TAMS 0x00000000e9a00000, 0x00000000e9a00000| Complete 
| 667|0x00000000e9b00000, 0x00000000e9c00000, 0x00000000e9c00000|100%| E|CS|TAMS 0x00000000e9b00000, 0x00000000e9b00000| Complete 
| 668|0x00000000e9c00000, 0x00000000e9d00000, 0x00000000e9d00000|100%| E|CS|TAMS 0x00000000e9c00000, 0x00000000e9c00000| Complete 
| 669|0x00000000e9d00000, 0x00000000e9e00000, 0x00000000e9e00000|100%| E|CS|TAMS 0x00000000e9d00000, 0x00000000e9d00000| Complete 
| 670|0x00000000e9e00000, 0x00000000e9f00000, 0x00000000e9f00000|100%| E|CS|TAMS 0x00000000e9e00000, 0x00000000e9e00000| Complete 
| 671|0x00000000e9f00000, 0x00000000ea000000, 0x00000000ea000000|100%| E|CS|TAMS 0x00000000e9f00000, 0x00000000e9f00000| Complete 
| 672|0x00000000ea000000, 0x00000000ea100000, 0x00000000ea100000|100%| E|CS|TAMS 0x00000000ea000000, 0x00000000ea000000| Complete 
| 673|0x00000000ea100000, 0x00000000ea200000, 0x00000000ea200000|100%| E|CS|TAMS 0x00000000ea100000, 0x00000000ea100000| Complete 
| 674|0x00000000ea200000, 0x00000000ea300000, 0x00000000ea300000|100%| E|CS|TAMS 0x00000000ea200000, 0x00000000ea200000| Complete 
| 675|0x00000000ea300000, 0x00000000ea400000, 0x00000000ea400000|100%| E|CS|TAMS 0x00000000ea300000, 0x00000000ea300000| Complete 
| 676|0x00000000ea400000, 0x00000000ea500000, 0x00000000ea500000|100%| E|CS|TAMS 0x00000000ea400000, 0x00000000ea400000| Complete 
| 677|0x00000000ea500000, 0x00000000ea600000, 0x00000000ea600000|100%| E|CS|TAMS 0x00000000ea500000, 0x00000000ea500000| Complete 
| 678|0x00000000ea600000, 0x00000000ea700000, 0x00000000ea700000|100%| E|CS|TAMS 0x00000000ea600000, 0x00000000ea600000| Complete 
| 679|0x00000000ea700000, 0x00000000ea800000, 0x00000000ea800000|100%| E|CS|TAMS 0x00000000ea700000, 0x00000000ea700000| Complete 
| 680|0x00000000ea800000, 0x00000000ea900000, 0x00000000ea900000|100%| E|CS|TAMS 0x00000000ea800000, 0x00000000ea800000| Complete 
| 681|0x00000000ea900000, 0x00000000eaa00000, 0x00000000eaa00000|100%| E|CS|TAMS 0x00000000ea900000, 0x00000000ea900000| Complete 
| 682|0x00000000eaa00000, 0x00000000eab00000, 0x00000000eab00000|100%| E|CS|TAMS 0x00000000eaa00000, 0x00000000eaa00000| Complete 
| 683|0x00000000eab00000, 0x00000000eac00000, 0x00000000eac00000|100%| E|CS|TAMS 0x00000000eab00000, 0x00000000eab00000| Complete 
| 684|0x00000000eac00000, 0x00000000ead00000, 0x00000000ead00000|100%| E|CS|TAMS 0x00000000eac00000, 0x00000000eac00000| Complete 
| 685|0x00000000ead00000, 0x00000000eae00000, 0x00000000eae00000|100%| E|CS|TAMS 0x00000000ead00000, 0x00000000ead00000| Complete 
| 686|0x00000000eae00000, 0x00000000eaf00000, 0x00000000eaf00000|100%| E|CS|TAMS 0x00000000eae00000, 0x00000000eae00000| Complete 
| 687|0x00000000eaf00000, 0x00000000eb000000, 0x00000000eb000000|100%| E|CS|TAMS 0x00000000eaf00000, 0x00000000eaf00000| Complete 
| 688|0x00000000eb000000, 0x00000000eb100000, 0x00000000eb100000|100%| E|CS|TAMS 0x00000000eb000000, 0x00000000eb000000| Complete 
| 689|0x00000000eb100000, 0x00000000eb200000, 0x00000000eb200000|100%| E|CS|TAMS 0x00000000eb100000, 0x00000000eb100000| Complete 
| 690|0x00000000eb200000, 0x00000000eb300000, 0x00000000eb300000|100%| E|CS|TAMS 0x00000000eb200000, 0x00000000eb200000| Complete 
| 691|0x00000000eb300000, 0x00000000eb400000, 0x00000000eb400000|100%| E|CS|TAMS 0x00000000eb300000, 0x00000000eb300000| Complete 
| 692|0x00000000eb400000, 0x00000000eb500000, 0x00000000eb500000|100%| E|CS|TAMS 0x00000000eb400000, 0x00000000eb400000| Complete 
| 693|0x00000000eb500000, 0x00000000eb600000, 0x00000000eb600000|100%| E|CS|TAMS 0x00000000eb500000, 0x00000000eb500000| Complete 
| 694|0x00000000eb600000, 0x00000000eb700000, 0x00000000eb700000|100%| E|CS|TAMS 0x00000000eb600000, 0x00000000eb600000| Complete 
| 695|0x00000000eb700000, 0x00000000eb800000, 0x00000000eb800000|100%| E|CS|TAMS 0x00000000eb700000, 0x00000000eb700000| Complete 
| 696|0x00000000eb800000, 0x00000000eb900000, 0x00000000eb900000|100%| E|CS|TAMS 0x00000000eb800000, 0x00000000eb800000| Complete 
| 697|0x00000000eb900000, 0x00000000eba00000, 0x00000000eba00000|100%| E|CS|TAMS 0x00000000eb900000, 0x00000000eb900000| Complete 
| 698|0x00000000eba00000, 0x00000000ebb00000, 0x00000000ebb00000|100%| E|CS|TAMS 0x00000000eba00000, 0x00000000eba00000| Complete 
| 699|0x00000000ebb00000, 0x00000000ebc00000, 0x00000000ebc00000|100%| E|CS|TAMS 0x00000000ebb00000, 0x00000000ebb00000| Complete 
| 700|0x00000000ebc00000, 0x00000000ebd00000, 0x00000000ebd00000|100%| E|CS|TAMS 0x00000000ebc00000, 0x00000000ebc00000| Complete 
| 701|0x00000000ebd00000, 0x00000000ebe00000, 0x00000000ebe00000|100%| E|CS|TAMS 0x00000000ebd00000, 0x00000000ebd00000| Complete 
| 702|0x00000000ebe00000, 0x00000000ebf00000, 0x00000000ebf00000|100%| E|CS|TAMS 0x00000000ebe00000, 0x00000000ebe00000| Complete 
| 703|0x00000000ebf00000, 0x00000000ec000000, 0x00000000ec000000|100%| E|CS|TAMS 0x00000000ebf00000, 0x00000000ebf00000| Complete 
| 704|0x00000000ec000000, 0x00000000ec100000, 0x00000000ec100000|100%| E|CS|TAMS 0x00000000ec000000, 0x00000000ec000000| Complete 
| 705|0x00000000ec100000, 0x00000000ec200000, 0x00000000ec200000|100%| E|CS|TAMS 0x00000000ec100000, 0x00000000ec100000| Complete 
| 706|0x00000000ec200000, 0x00000000ec300000, 0x00000000ec300000|100%| E|CS|TAMS 0x00000000ec200000, 0x00000000ec200000| Complete 
| 707|0x00000000ec300000, 0x00000000ec400000, 0x00000000ec400000|100%| E|CS|TAMS 0x00000000ec300000, 0x00000000ec300000| Complete 
| 708|0x00000000ec400000, 0x00000000ec500000, 0x00000000ec500000|100%| E|CS|TAMS 0x00000000ec400000, 0x00000000ec400000| Complete 
| 709|0x00000000ec500000, 0x00000000ec600000, 0x00000000ec600000|100%| E|CS|TAMS 0x00000000ec500000, 0x00000000ec500000| Complete 
| 710|0x00000000ec600000, 0x00000000ec700000, 0x00000000ec700000|100%| E|CS|TAMS 0x00000000ec600000, 0x00000000ec600000| Complete 
| 711|0x00000000ec700000, 0x00000000ec800000, 0x00000000ec800000|100%| E|CS|TAMS 0x00000000ec700000, 0x00000000ec700000| Complete 
| 712|0x00000000ec800000, 0x00000000ec900000, 0x00000000ec900000|100%| E|CS|TAMS 0x00000000ec800000, 0x00000000ec800000| Complete 
| 713|0x00000000ec900000, 0x00000000eca00000, 0x00000000eca00000|100%| E|CS|TAMS 0x00000000ec900000, 0x00000000ec900000| Complete 
| 714|0x00000000eca00000, 0x00000000ecb00000, 0x00000000ecb00000|100%| E|CS|TAMS 0x00000000eca00000, 0x00000000eca00000| Complete 
| 715|0x00000000ecb00000, 0x00000000ecc00000, 0x00000000ecc00000|100%| E|CS|TAMS 0x00000000ecb00000, 0x00000000ecb00000| Complete 
| 716|0x00000000ecc00000, 0x00000000ecd00000, 0x00000000ecd00000|100%| E|CS|TAMS 0x00000000ecc00000, 0x00000000ecc00000| Complete 
| 717|0x00000000ecd00000, 0x00000000ece00000, 0x00000000ece00000|100%| E|CS|TAMS 0x00000000ecd00000, 0x00000000ecd00000| Complete 
| 718|0x00000000ece00000, 0x00000000ecf00000, 0x00000000ecf00000|100%| E|CS|TAMS 0x00000000ece00000, 0x00000000ece00000| Complete 
| 719|0x00000000ecf00000, 0x00000000ed000000, 0x00000000ed000000|100%| E|CS|TAMS 0x00000000ecf00000, 0x00000000ecf00000| Complete 
| 720|0x00000000ed000000, 0x00000000ed100000, 0x00000000ed100000|100%| E|CS|TAMS 0x00000000ed000000, 0x00000000ed000000| Complete 
| 721|0x00000000ed100000, 0x00000000ed200000, 0x00000000ed200000|100%| E|CS|TAMS 0x00000000ed100000, 0x00000000ed100000| Complete 
| 722|0x00000000ed200000, 0x00000000ed300000, 0x00000000ed300000|100%| E|CS|TAMS 0x00000000ed200000, 0x00000000ed200000| Complete 
| 723|0x00000000ed300000, 0x00000000ed400000, 0x00000000ed400000|100%| E|CS|TAMS 0x00000000ed300000, 0x00000000ed300000| Complete 
| 724|0x00000000ed400000, 0x00000000ed500000, 0x00000000ed500000|100%| E|CS|TAMS 0x00000000ed400000, 0x00000000ed400000| Complete 
| 725|0x00000000ed500000, 0x00000000ed600000, 0x00000000ed600000|100%| E|CS|TAMS 0x00000000ed500000, 0x00000000ed500000| Complete 
| 726|0x00000000ed600000, 0x00000000ed700000, 0x00000000ed700000|100%| E|CS|TAMS 0x00000000ed600000, 0x00000000ed600000| Complete 
| 727|0x00000000ed700000, 0x00000000ed800000, 0x00000000ed800000|100%| E|CS|TAMS 0x00000000ed700000, 0x00000000ed700000| Complete 
| 728|0x00000000ed800000, 0x00000000ed900000, 0x00000000ed900000|100%| E|CS|TAMS 0x00000000ed800000, 0x00000000ed800000| Complete 
| 729|0x00000000ed900000, 0x00000000eda00000, 0x00000000eda00000|100%| E|CS|TAMS 0x00000000ed900000, 0x00000000ed900000| Complete 
| 730|0x00000000eda00000, 0x00000000edb00000, 0x00000000edb00000|100%| E|CS|TAMS 0x00000000eda00000, 0x00000000eda00000| Complete 
| 731|0x00000000edb00000, 0x00000000edc00000, 0x00000000edc00000|100%| E|CS|TAMS 0x00000000edb00000, 0x00000000edb00000| Complete 
| 732|0x00000000edc00000, 0x00000000edd00000, 0x00000000edd00000|100%| E|CS|TAMS 0x00000000edc00000, 0x00000000edc00000| Complete 
| 733|0x00000000edd00000, 0x00000000ede00000, 0x00000000ede00000|100%| E|CS|TAMS 0x00000000edd00000, 0x00000000edd00000| Complete 
| 734|0x00000000ede00000, 0x00000000edf00000, 0x00000000edf00000|100%| E|CS|TAMS 0x00000000ede00000, 0x00000000ede00000| Complete 
| 735|0x00000000edf00000, 0x00000000ee000000, 0x00000000ee000000|100%| E|CS|TAMS 0x00000000edf00000, 0x00000000edf00000| Complete 
| 736|0x00000000ee000000, 0x00000000ee100000, 0x00000000ee100000|100%| E|CS|TAMS 0x00000000ee000000, 0x00000000ee000000| Complete 
| 737|0x00000000ee100000, 0x00000000ee200000, 0x00000000ee200000|100%| E|CS|TAMS 0x00000000ee100000, 0x00000000ee100000| Complete 
| 738|0x00000000ee200000, 0x00000000ee300000, 0x00000000ee300000|100%| E|CS|TAMS 0x00000000ee200000, 0x00000000ee200000| Complete 
| 739|0x00000000ee300000, 0x00000000ee400000, 0x00000000ee400000|100%| E|CS|TAMS 0x00000000ee300000, 0x00000000ee300000| Complete 
| 740|0x00000000ee400000, 0x00000000ee500000, 0x00000000ee500000|100%| E|CS|TAMS 0x00000000ee400000, 0x00000000ee400000| Complete 
| 741|0x00000000ee500000, 0x00000000ee600000, 0x00000000ee600000|100%| E|CS|TAMS 0x00000000ee500000, 0x00000000ee500000| Complete 
| 742|0x00000000ee600000, 0x00000000ee700000, 0x00000000ee700000|100%| E|CS|TAMS 0x00000000ee600000, 0x00000000ee600000| Complete 
| 743|0x00000000ee700000, 0x00000000ee7feee0, 0x00000000ee800000| 99%| S|CS|TAMS 0x00000000ee700000, 0x00000000ee700000| Complete 
| 744|0x00000000ee800000, 0x00000000ee900000, 0x00000000ee900000|100%| S|CS|TAMS 0x00000000ee800000, 0x00000000ee800000| Complete 
| 745|0x00000000ee900000, 0x00000000eea00000, 0x00000000eea00000|100%| S|CS|TAMS 0x00000000ee900000, 0x00000000ee900000| Complete 
| 746|0x00000000eea00000, 0x00000000eeb00000, 0x00000000eeb00000|100%| S|CS|TAMS 0x00000000eea00000, 0x00000000eea00000| Complete 
| 747|0x00000000eeb00000, 0x00000000eec00000, 0x00000000eec00000|100%| S|CS|TAMS 0x00000000eeb00000, 0x00000000eeb00000| Complete 
| 748|0x00000000eec00000, 0x00000000eed00000, 0x00000000eed00000|100%| S|CS|TAMS 0x00000000eec00000, 0x00000000eec00000| Complete 
| 749|0x00000000eed00000, 0x00000000eee00000, 0x00000000eee00000|100%| S|CS|TAMS 0x00000000eed00000, 0x00000000eed00000| Complete 
| 750|0x00000000eee00000, 0x00000000eef00000, 0x00000000eef00000|100%| S|CS|TAMS 0x00000000eee00000, 0x00000000eee00000| Complete 
| 751|0x00000000eef00000, 0x00000000ef000000, 0x00000000ef000000|100%| S|CS|TAMS 0x00000000eef00000, 0x00000000eef00000| Complete 
| 752|0x00000000ef000000, 0x00000000ef100000, 0x00000000ef100000|100%| S|CS|TAMS 0x00000000ef000000, 0x00000000ef000000| Complete 
| 753|0x00000000ef100000, 0x00000000ef200000, 0x00000000ef200000|100%| S|CS|TAMS 0x00000000ef100000, 0x00000000ef100000| Complete 
| 754|0x00000000ef200000, 0x00000000ef300000, 0x00000000ef300000|100%| S|CS|TAMS 0x00000000ef200000, 0x00000000ef200000| Complete 
| 755|0x00000000ef300000, 0x00000000ef400000, 0x00000000ef400000|100%| S|CS|TAMS 0x00000000ef300000, 0x00000000ef300000| Complete 
| 756|0x00000000ef400000, 0x00000000ef500000, 0x00000000ef500000|100%| S|CS|TAMS 0x00000000ef400000, 0x00000000ef400000| Complete 
| 757|0x00000000ef500000, 0x00000000ef600000, 0x00000000ef600000|100%| S|CS|TAMS 0x00000000ef500000, 0x00000000ef500000| Complete 
| 758|0x00000000ef600000, 0x00000000ef700000, 0x00000000ef700000|100%| S|CS|TAMS 0x00000000ef600000, 0x00000000ef600000| Complete 
| 759|0x00000000ef700000, 0x00000000ef800000, 0x00000000ef800000|100%| S|CS|TAMS 0x00000000ef700000, 0x00000000ef700000| Complete 
| 760|0x00000000ef800000, 0x00000000ef900000, 0x00000000ef900000|100%| S|CS|TAMS 0x00000000ef800000, 0x00000000ef800000| Complete 
| 761|0x00000000ef900000, 0x00000000efa00000, 0x00000000efa00000|100%| S|CS|TAMS 0x00000000ef900000, 0x00000000ef900000| Complete 
| 762|0x00000000efa00000, 0x00000000efb00000, 0x00000000efb00000|100%| S|CS|TAMS 0x00000000efa00000, 0x00000000efa00000| Complete 
| 763|0x00000000efb00000, 0x00000000efc00000, 0x00000000efc00000|100%| S|CS|TAMS 0x00000000efb00000, 0x00000000efb00000| Complete 
| 764|0x00000000efc00000, 0x00000000efd00000, 0x00000000efd00000|100%| S|CS|TAMS 0x00000000efc00000, 0x00000000efc00000| Complete 
| 765|0x00000000efd00000, 0x00000000efe00000, 0x00000000efe00000|100%| S|CS|TAMS 0x00000000efd00000, 0x00000000efd00000| Complete 
| 766|0x00000000efe00000, 0x00000000eff00000, 0x00000000eff00000|100%| S|CS|TAMS 0x00000000efe00000, 0x00000000efe00000| Complete 
| 767|0x00000000eff00000, 0x00000000f0000000, 0x00000000f0000000|100%| S|CS|TAMS 0x00000000eff00000, 0x00000000eff00000| Complete 
| 768|0x00000000f0000000, 0x00000000f0100000, 0x00000000f0100000|100%| S|CS|TAMS 0x00000000f0000000, 0x00000000f0000000| Complete 
| 769|0x00000000f0100000, 0x00000000f0200000, 0x00000000f0200000|100%| S|CS|TAMS 0x00000000f0100000, 0x00000000f0100000| Complete 
| 770|0x00000000f0200000, 0x00000000f0300000, 0x00000000f0300000|100%| S|CS|TAMS 0x00000000f0200000, 0x00000000f0200000| Complete 
| 771|0x00000000f0300000, 0x00000000f0400000, 0x00000000f0400000|100%| E|CS|TAMS 0x00000000f0300000, 0x00000000f0300000| Complete 
| 772|0x00000000f0400000, 0x00000000f0500000, 0x00000000f0500000|100%| E|CS|TAMS 0x00000000f0400000, 0x00000000f0400000| Complete 
| 773|0x00000000f0500000, 0x00000000f0600000, 0x00000000f0600000|100%| E|CS|TAMS 0x00000000f0500000, 0x00000000f0500000| Complete 
| 774|0x00000000f0600000, 0x00000000f0700000, 0x00000000f0700000|100%| E|CS|TAMS 0x00000000f0600000, 0x00000000f0600000| Complete 
| 775|0x00000000f0700000, 0x00000000f0800000, 0x00000000f0800000|100%| E|CS|TAMS 0x00000000f0700000, 0x00000000f0700000| Complete 
| 776|0x00000000f0800000, 0x00000000f0900000, 0x00000000f0900000|100%| E|CS|TAMS 0x00000000f0800000, 0x00000000f0800000| Complete 
| 777|0x00000000f0900000, 0x00000000f0a00000, 0x00000000f0a00000|100%| E|CS|TAMS 0x00000000f0900000, 0x00000000f0900000| Complete 
| 778|0x00000000f0a00000, 0x00000000f0b00000, 0x00000000f0b00000|100%| E|CS|TAMS 0x00000000f0a00000, 0x00000000f0a00000| Complete 
| 779|0x00000000f0b00000, 0x00000000f0c00000, 0x00000000f0c00000|100%| E|CS|TAMS 0x00000000f0b00000, 0x00000000f0b00000| Complete 
| 780|0x00000000f0c00000, 0x00000000f0d00000, 0x00000000f0d00000|100%| E|CS|TAMS 0x00000000f0c00000, 0x00000000f0c00000| Complete 
| 781|0x00000000f0d00000, 0x00000000f0e00000, 0x00000000f0e00000|100%| E|CS|TAMS 0x00000000f0d00000, 0x00000000f0d00000| Complete 
| 782|0x00000000f0e00000, 0x00000000f0f00000, 0x00000000f0f00000|100%| E|CS|TAMS 0x00000000f0e00000, 0x00000000f0e00000| Complete 
| 783|0x00000000f0f00000, 0x00000000f1000000, 0x00000000f1000000|100%| E|CS|TAMS 0x00000000f0f00000, 0x00000000f0f00000| Complete 
| 784|0x00000000f1000000, 0x00000000f1100000, 0x00000000f1100000|100%| E|CS|TAMS 0x00000000f1000000, 0x00000000f1000000| Complete 
| 785|0x00000000f1100000, 0x00000000f1200000, 0x00000000f1200000|100%| E|CS|TAMS 0x00000000f1100000, 0x00000000f1100000| Complete 
| 786|0x00000000f1200000, 0x00000000f1300000, 0x00000000f1300000|100%| E|CS|TAMS 0x00000000f1200000, 0x00000000f1200000| Complete 
| 787|0x00000000f1300000, 0x00000000f1400000, 0x00000000f1400000|100%| E|CS|TAMS 0x00000000f1300000, 0x00000000f1300000| Complete 
| 788|0x00000000f1400000, 0x00000000f1500000, 0x00000000f1500000|100%| E|CS|TAMS 0x00000000f1400000, 0x00000000f1400000| Complete 
| 789|0x00000000f1500000, 0x00000000f1600000, 0x00000000f1600000|100%| E|CS|TAMS 0x00000000f1500000, 0x00000000f1500000| Complete 
| 790|0x00000000f1600000, 0x00000000f1700000, 0x00000000f1700000|100%| E|CS|TAMS 0x00000000f1600000, 0x00000000f1600000| Complete 
| 791|0x00000000f1700000, 0x00000000f1800000, 0x00000000f1800000|100%| E|CS|TAMS 0x00000000f1700000, 0x00000000f1700000| Complete 
| 792|0x00000000f1800000, 0x00000000f1900000, 0x00000000f1900000|100%| E|CS|TAMS 0x00000000f1800000, 0x00000000f1800000| Complete 
| 793|0x00000000f1900000, 0x00000000f1a00000, 0x00000000f1a00000|100%| E|CS|TAMS 0x00000000f1900000, 0x00000000f1900000| Complete 
| 794|0x00000000f1a00000, 0x00000000f1b00000, 0x00000000f1b00000|100%| E|CS|TAMS 0x00000000f1a00000, 0x00000000f1a00000| Complete 
| 795|0x00000000f1b00000, 0x00000000f1c00000, 0x00000000f1c00000|100%| E|CS|TAMS 0x00000000f1b00000, 0x00000000f1b00000| Complete 
| 796|0x00000000f1c00000, 0x00000000f1d00000, 0x00000000f1d00000|100%| E|CS|TAMS 0x00000000f1c00000, 0x00000000f1c00000| Complete 
| 797|0x00000000f1d00000, 0x00000000f1e00000, 0x00000000f1e00000|100%| E|CS|TAMS 0x00000000f1d00000, 0x00000000f1d00000| Complete 
| 798|0x00000000f1e00000, 0x00000000f1f00000, 0x00000000f1f00000|100%| E|CS|TAMS 0x00000000f1e00000, 0x00000000f1e00000| Complete 
| 799|0x00000000f1f00000, 0x00000000f2000000, 0x00000000f2000000|100%| E|CS|TAMS 0x00000000f1f00000, 0x00000000f1f00000| Complete 
| 800|0x00000000f2000000, 0x00000000f2100000, 0x00000000f2100000|100%| E|CS|TAMS 0x00000000f2000000, 0x00000000f2000000| Complete 
| 801|0x00000000f2100000, 0x00000000f2200000, 0x00000000f2200000|100%| E|CS|TAMS 0x00000000f2100000, 0x00000000f2100000| Complete 
| 802|0x00000000f2200000, 0x00000000f2300000, 0x00000000f2300000|100%| E|CS|TAMS 0x00000000f2200000, 0x00000000f2200000| Complete 
| 803|0x00000000f2300000, 0x00000000f2400000, 0x00000000f2400000|100%| E|CS|TAMS 0x00000000f2300000, 0x00000000f2300000| Complete 
| 804|0x00000000f2400000, 0x00000000f2500000, 0x00000000f2500000|100%| E|CS|TAMS 0x00000000f2400000, 0x00000000f2400000| Complete 
| 805|0x00000000f2500000, 0x00000000f2600000, 0x00000000f2600000|100%| E|CS|TAMS 0x00000000f2500000, 0x00000000f2500000| Complete 
| 806|0x00000000f2600000, 0x00000000f2700000, 0x00000000f2700000|100%| E|CS|TAMS 0x00000000f2600000, 0x00000000f2600000| Complete 
| 807|0x00000000f2700000, 0x00000000f2800000, 0x00000000f2800000|100%| E|CS|TAMS 0x00000000f2700000, 0x00000000f2700000| Complete 
| 808|0x00000000f2800000, 0x00000000f2900000, 0x00000000f2900000|100%| E|CS|TAMS 0x00000000f2800000, 0x00000000f2800000| Complete 
| 809|0x00000000f2900000, 0x00000000f2a00000, 0x00000000f2a00000|100%| E|CS|TAMS 0x00000000f2900000, 0x00000000f2900000| Complete 
| 810|0x00000000f2a00000, 0x00000000f2b00000, 0x00000000f2b00000|100%| E|CS|TAMS 0x00000000f2a00000, 0x00000000f2a00000| Complete 
| 811|0x00000000f2b00000, 0x00000000f2c00000, 0x00000000f2c00000|100%| E|CS|TAMS 0x00000000f2b00000, 0x00000000f2b00000| Complete 
| 812|0x00000000f2c00000, 0x00000000f2d00000, 0x00000000f2d00000|100%| E|CS|TAMS 0x00000000f2c00000, 0x00000000f2c00000| Complete 
| 813|0x00000000f2d00000, 0x00000000f2e00000, 0x00000000f2e00000|100%| E|CS|TAMS 0x00000000f2d00000, 0x00000000f2d00000| Complete 
| 814|0x00000000f2e00000, 0x00000000f2f00000, 0x00000000f2f00000|100%| E|CS|TAMS 0x00000000f2e00000, 0x00000000f2e00000| Complete 
| 815|0x00000000f2f00000, 0x00000000f3000000, 0x00000000f3000000|100%| E|CS|TAMS 0x00000000f2f00000, 0x00000000f2f00000| Complete 
| 816|0x00000000f3000000, 0x00000000f3100000, 0x00000000f3100000|100%| E|CS|TAMS 0x00000000f3000000, 0x00000000f3000000| Complete 
| 817|0x00000000f3100000, 0x00000000f3200000, 0x00000000f3200000|100%| E|CS|TAMS 0x00000000f3100000, 0x00000000f3100000| Complete 
| 818|0x00000000f3200000, 0x00000000f3300000, 0x00000000f3300000|100%| E|CS|TAMS 0x00000000f3200000, 0x00000000f3200000| Complete 
| 819|0x00000000f3300000, 0x00000000f3400000, 0x00000000f3400000|100%| E|CS|TAMS 0x00000000f3300000, 0x00000000f3300000| Complete 
| 820|0x00000000f3400000, 0x00000000f3500000, 0x00000000f3500000|100%| E|CS|TAMS 0x00000000f3400000, 0x00000000f3400000| Complete 
| 821|0x00000000f3500000, 0x00000000f3600000, 0x00000000f3600000|100%| E|CS|TAMS 0x00000000f3500000, 0x00000000f3500000| Complete 
| 822|0x00000000f3600000, 0x00000000f3700000, 0x00000000f3700000|100%| E|CS|TAMS 0x00000000f3600000, 0x00000000f3600000| Complete 
| 823|0x00000000f3700000, 0x00000000f3800000, 0x00000000f3800000|100%| E|CS|TAMS 0x00000000f3700000, 0x00000000f3700000| Complete 
| 824|0x00000000f3800000, 0x00000000f3900000, 0x00000000f3900000|100%| E|CS|TAMS 0x00000000f3800000, 0x00000000f3800000| Complete 
| 825|0x00000000f3900000, 0x00000000f3a00000, 0x00000000f3a00000|100%| E|CS|TAMS 0x00000000f3900000, 0x00000000f3900000| Complete 
| 826|0x00000000f3a00000, 0x00000000f3b00000, 0x00000000f3b00000|100%| E|CS|TAMS 0x00000000f3a00000, 0x00000000f3a00000| Complete 
| 827|0x00000000f3b00000, 0x00000000f3c00000, 0x00000000f3c00000|100%| E|CS|TAMS 0x00000000f3b00000, 0x00000000f3b00000| Complete 
| 828|0x00000000f3c00000, 0x00000000f3d00000, 0x00000000f3d00000|100%| E|CS|TAMS 0x00000000f3c00000, 0x00000000f3c00000| Complete 
| 829|0x00000000f3d00000, 0x00000000f3e00000, 0x00000000f3e00000|100%| E|CS|TAMS 0x00000000f3d00000, 0x00000000f3d00000| Complete 
| 830|0x00000000f3e00000, 0x00000000f3f00000, 0x00000000f3f00000|100%| E|CS|TAMS 0x00000000f3e00000, 0x00000000f3e00000| Complete 
| 831|0x00000000f3f00000, 0x00000000f4000000, 0x00000000f4000000|100%| E|CS|TAMS 0x00000000f3f00000, 0x00000000f3f00000| Complete 
| 832|0x00000000f4000000, 0x00000000f4100000, 0x00000000f4100000|100%| E|CS|TAMS 0x00000000f4000000, 0x00000000f4000000| Complete 
| 833|0x00000000f4100000, 0x00000000f4200000, 0x00000000f4200000|100%| E|CS|TAMS 0x00000000f4100000, 0x00000000f4100000| Complete 
| 834|0x00000000f4200000, 0x00000000f4300000, 0x00000000f4300000|100%| E|CS|TAMS 0x00000000f4200000, 0x00000000f4200000| Complete 
| 835|0x00000000f4300000, 0x00000000f4400000, 0x00000000f4400000|100%| E|CS|TAMS 0x00000000f4300000, 0x00000000f4300000| Complete 
| 836|0x00000000f4400000, 0x00000000f4500000, 0x00000000f4500000|100%| E|CS|TAMS 0x00000000f4400000, 0x00000000f4400000| Complete 
| 837|0x00000000f4500000, 0x00000000f4600000, 0x00000000f4600000|100%| E|CS|TAMS 0x00000000f4500000, 0x00000000f4500000| Complete 
| 838|0x00000000f4600000, 0x00000000f4700000, 0x00000000f4700000|100%| E|CS|TAMS 0x00000000f4600000, 0x00000000f4600000| Complete 
| 839|0x00000000f4700000, 0x00000000f4800000, 0x00000000f4800000|100%| E|CS|TAMS 0x00000000f4700000, 0x00000000f4700000| Complete 
| 840|0x00000000f4800000, 0x00000000f4900000, 0x00000000f4900000|100%| E|CS|TAMS 0x00000000f4800000, 0x00000000f4800000| Complete 
| 841|0x00000000f4900000, 0x00000000f4a00000, 0x00000000f4a00000|100%| E|CS|TAMS 0x00000000f4900000, 0x00000000f4900000| Complete 
| 842|0x00000000f4a00000, 0x00000000f4b00000, 0x00000000f4b00000|100%| E|CS|TAMS 0x00000000f4a00000, 0x00000000f4a00000| Complete 
| 843|0x00000000f4b00000, 0x00000000f4c00000, 0x00000000f4c00000|100%| E|CS|TAMS 0x00000000f4b00000, 0x00000000f4b00000| Complete 
| 844|0x00000000f4c00000, 0x00000000f4d00000, 0x00000000f4d00000|100%| E|CS|TAMS 0x00000000f4c00000, 0x00000000f4c00000| Complete 
| 845|0x00000000f4d00000, 0x00000000f4e00000, 0x00000000f4e00000|100%| E|CS|TAMS 0x00000000f4d00000, 0x00000000f4d00000| Complete 
| 846|0x00000000f4e00000, 0x00000000f4f00000, 0x00000000f4f00000|100%| E|CS|TAMS 0x00000000f4e00000, 0x00000000f4e00000| Complete 
| 847|0x00000000f4f00000, 0x00000000f5000000, 0x00000000f5000000|100%| E|CS|TAMS 0x00000000f4f00000, 0x00000000f4f00000| Complete 
| 848|0x00000000f5000000, 0x00000000f5100000, 0x00000000f5100000|100%| E|CS|TAMS 0x00000000f5000000, 0x00000000f5000000| Complete 
| 849|0x00000000f5100000, 0x00000000f5200000, 0x00000000f5200000|100%| E|CS|TAMS 0x00000000f5100000, 0x00000000f5100000| Complete 
| 850|0x00000000f5200000, 0x00000000f5300000, 0x00000000f5300000|100%| E|CS|TAMS 0x00000000f5200000, 0x00000000f5200000| Complete 
| 851|0x00000000f5300000, 0x00000000f5400000, 0x00000000f5400000|100%| E|CS|TAMS 0x00000000f5300000, 0x00000000f5300000| Complete 
| 852|0x00000000f5400000, 0x00000000f5500000, 0x00000000f5500000|100%| E|CS|TAMS 0x00000000f5400000, 0x00000000f5400000| Complete 
| 853|0x00000000f5500000, 0x00000000f5600000, 0x00000000f5600000|100%| E|CS|TAMS 0x00000000f5500000, 0x00000000f5500000| Complete 
| 854|0x00000000f5600000, 0x00000000f5700000, 0x00000000f5700000|100%| E|CS|TAMS 0x00000000f5600000, 0x00000000f5600000| Complete 
| 855|0x00000000f5700000, 0x00000000f5800000, 0x00000000f5800000|100%| E|CS|TAMS 0x00000000f5700000, 0x00000000f5700000| Complete 
| 856|0x00000000f5800000, 0x00000000f5900000, 0x00000000f5900000|100%| E|CS|TAMS 0x00000000f5800000, 0x00000000f5800000| Complete 
| 857|0x00000000f5900000, 0x00000000f5a00000, 0x00000000f5a00000|100%| E|CS|TAMS 0x00000000f5900000, 0x00000000f5900000| Complete 
| 858|0x00000000f5a00000, 0x00000000f5b00000, 0x00000000f5b00000|100%| E|CS|TAMS 0x00000000f5a00000, 0x00000000f5a00000| Complete 
| 859|0x00000000f5b00000, 0x00000000f5c00000, 0x00000000f5c00000|100%| E|CS|TAMS 0x00000000f5b00000, 0x00000000f5b00000| Complete 
| 860|0x00000000f5c00000, 0x00000000f5d00000, 0x00000000f5d00000|100%| E|CS|TAMS 0x00000000f5c00000, 0x00000000f5c00000| Complete 
| 861|0x00000000f5d00000, 0x00000000f5e00000, 0x00000000f5e00000|100%| E|CS|TAMS 0x00000000f5d00000, 0x00000000f5d00000| Complete 
| 862|0x00000000f5e00000, 0x00000000f5f00000, 0x00000000f5f00000|100%| E|CS|TAMS 0x00000000f5e00000, 0x00000000f5e00000| Complete 
| 863|0x00000000f5f00000, 0x00000000f6000000, 0x00000000f6000000|100%| E|CS|TAMS 0x00000000f5f00000, 0x00000000f5f00000| Complete 

Card table byte_map: [0x000001a05b530000,0x000001a05b730000] _byte_map_base: 0x000001a05af30000

Marking Bits (Prev, Next): (CMBitMap*) 0x000001a0432cfb90, (CMBitMap*) 0x000001a0432cfbd0
 Prev Bits: [0x000001a05b930000, 0x000001a05c930000)
 Next Bits: [0x000001a05c930000, 0x000001a05d930000)

Polling page: 0x000001a043340000

Metaspace:

Usage:
  Non-class:    172.20 MB used.
      Class:     22.82 MB used.
       Both:    195.01 MB used.

Virtual space:
  Non-class space:      192.00 MB reserved,     173.81 MB ( 91%) committed,  3 nodes.
      Class space:        1.00 GB reserved,      24.12 MB (  2%) committed,  1 nodes.
             Both:        1.19 GB reserved,     197.94 MB ( 16%) committed. 

Chunk freelists:
   Non-Class:  1.80 MB
       Class:  7.82 MB
        Both:  9.61 MB

MaxMetaspaceSize: unlimited
CompressedClassSpaceSize: 1.00 GB
Initial GC threshold: 21.00 MB
Current GC threshold: 329.81 MB
CDS: off
MetaspaceReclaimPolicy: balanced
 - commit_granule_bytes: 65536.
 - commit_granule_words: 8192.
 - virtual_space_node_default_size: 8388608.
 - enlarge_chunks_in_place: 1.
 - new_chunks_are_fully_committed: 0.
 - uncommit_free_chunks: 1.
 - use_allocation_guard: 0.
 - handle_deallocations: 1.


Internal statistics:

num_allocs_failed_limit: 18.
num_arena_births: 2056.
num_arena_deaths: 646.
num_vsnodes_births: 4.
num_vsnodes_deaths: 0.
num_space_committed: 3166.
num_space_uncommitted: 0.
num_chunks_returned_to_freelist: 823.
num_chunks_taken_from_freelist: 10894.
num_chunk_merges: 280.
num_chunk_splits: 6674.
num_chunks_enlarged: 4029.
num_inconsistent_stats: 0.

CodeHeap 'non-profiled nmethods': size=120000Kb used=40244Kb max_used=40244Kb free=79755Kb
 bounds [0x000001a053390000, 0x000001a055ae0000, 0x000001a05a8c0000]
CodeHeap 'profiled nmethods': size=120000Kb used=60806Kb max_used=60966Kb free=59193Kb
 bounds [0x000001a04b8c0000, 0x000001a04f480000, 0x000001a052df0000]
CodeHeap 'non-nmethods': size=5760Kb used=1807Kb max_used=1953Kb free=3952Kb
 bounds [0x000001a052df0000, 0x000001a053060000, 0x000001a053390000]
 total_blobs=30483 nmethods=29237 adapters=1151
 compilation: enabled
              stopped_count=0, restarted_count=0
 full_count=0

Compilation events (20 events):
Event: 15746.877 Thread 0x000001a0604a1da0 40494   !   4       sun.nio.ch.WEPollSelectorImpl::doSelect (107 bytes)
Event: 15746.896 Thread 0x000001a0604a1da0 nmethod 40494 0x000001a055ad2810 code [0x000001a055ad2b80, 0x000001a055ad4ec0]
Event: 15748.228 Thread 0x000001a0604a1da0 40495   !   4       org.eclipse.jface.text.source.AnnotationModel::cleanup (199 bytes)
Event: 15748.255 Thread 0x000001a0604a1da0 nmethod 40495 0x000001a055ad6590 code [0x000001a055ad6880, 0x000001a055ad8ea8]
Event: 15775.630 Thread 0x000001a0604a1da0 40496       4       java.util.AbstractMap::values (25 bytes)
Event: 15775.633 Thread 0x000001a0604a1da0 nmethod 40496 0x000001a055ada190 code [0x000001a055ada320, 0x000001a055ada4d8]
Event: 15775.633 Thread 0x000001a0604a1da0 40497       4       java.util.AbstractMap$2::iterator (9 bytes)
Event: 15775.664 Thread 0x000001a0604a1da0 nmethod 40497 0x000001a055ada590 code [0x000001a055ada7c0, 0x000001a055adbc08]
Event: 15798.903 Thread 0x000001a0604a1da0 40498  s    4       com.st.stm32cube.ide.mcu.sfrview.state.ProjectStateManager::getProperties (8 bytes)
Event: 15798.904 Thread 0x000001a0604a1da0 nmethod 40498 0x000001a055adc590 code [0x000001a055adc700, 0x000001a055adc8b8]
Event: 15820.366 Thread 0x000001a0604a1da0 40499       4       java.util.AbstractMap$2$1::hasNext (10 bytes)
Event: 15820.367 Thread 0x000001a0604a1da0 nmethod 40499 0x000001a055adc990 code [0x000001a055adcb20, 0x000001a055adcc38]
Event: 15824.577 Thread 0x000001a0604a1da0 40500       4       com.st.stm32cube.ide.mcu.sfrview.ui.SfrView$LiveUpdater$$Lambda$2228/0x0000000101786b50::<init> (10 bytes)
Event: 15824.579 Thread 0x000001a0604a1da0 nmethod 40500 0x000001a055adcd90 code [0x000001a055adcf00, 0x000001a055add038]
Event: 15977.076 Thread 0x000001a0604a30e0 40501       3       java.util.ComparableTimSort::mergeLo (656 bytes)
Event: 15977.332 Thread 0x000001a0604a30e0 nmethod 40501 0x000001a04e4d3e10 code [0x000001a04e4d41c0, 0x000001a04e4d6818]
Event: 15977.698 Thread 0x000001a0604a30e0 40502   !   3       java.awt.Toolkit::setDesktopProperty (81 bytes)
Event: 15977.708 Thread 0x000001a0604a30e0 nmethod 40502 0x000001a04e30f290 code [0x000001a04e30f4a0, 0x000001a04e30fca8]
Event: 15978.396 Thread 0x000001a0604a30e0 40503       3       org.eclipse.core.runtime.QualifiedName::<init> (45 bytes)
Event: 15978.420 Thread 0x000001a0604a30e0 nmethod 40503 0x000001a04f145810 code [0x000001a04f145a00, 0x000001a04f145fe8]

GC Heap History (20 events):
Event: 15380.178 GC heap before
{Heap before GC invocations=206 (full 1):
 garbage-first heap   total 775168K, used 572348K [0x00000000c0000000, 0x0000000100000000)
  region size 1024K, 270 young (276480K), 4 survivors (4096K)
 Metaspace       used 199404K, committed 202496K, reserved 1245184K
  class space    used 23349K, committed 24704K, reserved 1048576K
}
Event: 15380.184 GC heap after
{Heap after GC invocations=207 (full 1):
 garbage-first heap   total 884736K, used 299834K [0x00000000c0000000, 0x0000000100000000)
  region size 1024K, 3 young (3072K), 3 survivors (3072K)
 Metaspace       used 199404K, committed 202496K, reserved 1245184K
  class space    used 23349K, committed 24704K, reserved 1048576K
}
Event: 15490.009 GC heap before
{Heap before GC invocations=208 (full 1):
 garbage-first heap   total 884736K, used 620948K [0x00000000c0000000, 0x0000000100000000)
  region size 1024K, 369 young (377856K), 3 survivors (3072K)
 Metaspace       used 199475K, committed 202560K, reserved 1245184K
  class space    used 23357K, committed 24704K, reserved 1048576K
}
Event: 15490.040 GC heap after
{Heap after GC invocations=209 (full 1):
 garbage-first heap   total 884736K, used 301180K [0x00000000c0000000, 0x0000000100000000)
  region size 1024K, 47 young (48128K), 47 survivors (48128K)
 Metaspace       used 199475K, committed 202560K, reserved 1245184K
  class space    used 23357K, committed 24704K, reserved 1048576K
}
Event: 15490.042 GC heap before
{Heap before GC invocations=209 (full 1):
 garbage-first heap   total 884736K, used 302204K [0x00000000c0000000, 0x0000000100000000)
  region size 1024K, 48 young (49152K), 47 survivors (48128K)
 Metaspace       used 199475K, committed 202560K, reserved 1245184K
  class space    used 23357K, committed 24704K, reserved 1048576K
}
Event: 15490.064 GC heap after
{Heap after GC invocations=210 (full 1):
 garbage-first heap   total 884736K, used 286638K [0x00000000c0000000, 0x0000000100000000)
  region size 1024K, 1 young (1024K), 1 survivors (1024K)
 Metaspace       used 199475K, committed 202560K, reserved 1245184K
  class space    used 23357K, committed 24704K, reserved 1048576K
}
Event: 15490.133 GC heap before
{Heap before GC invocations=210 (full 1):
 garbage-first heap   total 884736K, used 342958K [0x00000000c0000000, 0x0000000100000000)
  region size 1024K, 57 young (58368K), 1 survivors (1024K)
 Metaspace       used 199475K, committed 202560K, reserved 1245184K
  class space    used 23357K, committed 24704K, reserved 1048576K
}
Event: 15490.140 GC heap after
{Heap after GC invocations=211 (full 1):
 garbage-first heap   total 884736K, used 298351K [0x00000000c0000000, 0x0000000100000000)
  region size 1024K, 13 young (13312K), 13 survivors (13312K)
 Metaspace       used 199475K, committed 202560K, reserved 1245184K
  class space    used 23357K, committed 24704K, reserved 1048576K
}
Event: 15499.571 GC heap before
{Heap before GC invocations=212 (full 1):
 garbage-first heap   total 884736K, used 647127K [0x00000000c0000000, 0x0000000100000000)
  region size 1024K, 376 young (385024K), 13 survivors (13312K)
 Metaspace       used 199508K, committed 202624K, reserved 1245184K
  class space    used 23358K, committed 24704K, reserved 1048576K
}
Event: 15499.607 GC heap after
{Heap after GC invocations=213 (full 1):
 garbage-first heap   total 884736K, used 310529K [0x00000000c0000000, 0x0000000100000000)
  region size 1024K, 46 young (47104K), 46 survivors (47104K)
 Metaspace       used 199508K, committed 202624K, reserved 1245184K
  class space    used 23358K, committed 24704K, reserved 1048576K
}
Event: 15499.609 GC heap before
{Heap before GC invocations=213 (full 1):
 garbage-first heap   total 884736K, used 311553K [0x00000000c0000000, 0x0000000100000000)
  region size 1024K, 47 young (48128K), 46 survivors (47104K)
 Metaspace       used 199508K, committed 202624K, reserved 1245184K
  class space    used 23358K, committed 24704K, reserved 1048576K
}
Event: 15499.650 GC heap after
{Heap after GC invocations=214 (full 1):
 garbage-first heap   total 884736K, used 288907K [0x00000000c0000000, 0x0000000100000000)
  region size 1024K, 2 young (2048K), 2 survivors (2048K)
 Metaspace       used 199508K, committed 202624K, reserved 1245184K
  class space    used 23358K, committed 24704K, reserved 1048576K
}
Event: 15502.858 GC heap before
{Heap before GC invocations=214 (full 1):
 garbage-first heap   total 884736K, used 568459K [0x00000000c0000000, 0x0000000100000000)
  region size 1024K, 276 young (282624K), 2 survivors (2048K)
 Metaspace       used 199549K, committed 202624K, reserved 1245184K
  class space    used 23358K, committed 24704K, reserved 1048576K
}
Event: 15502.871 GC heap after
{Heap after GC invocations=215 (full 1):
 garbage-first heap   total 884736K, used 313196K [0x00000000c0000000, 0x0000000100000000)
  region size 1024K, 26 young (26624K), 26 survivors (26624K)
 Metaspace       used 199549K, committed 202624K, reserved 1245184K
  class space    used 23358K, committed 24704K, reserved 1048576K
}
Event: 15514.537 GC heap before
{Heap before GC invocations=216 (full 1):
 garbage-first heap   total 884736K, used 636663K [0x00000000c0000000, 0x0000000100000000)
  region size 1024K, 378 young (387072K), 26 survivors (26624K)
 Metaspace       used 199606K, committed 202688K, reserved 1245184K
  class space    used 23359K, committed 24704K, reserved 1048576K
}
Event: 15514.564 GC heap after
{Heap after GC invocations=217 (full 1):
 garbage-first heap   total 884736K, used 309711K [0x00000000c0000000, 0x0000000100000000)
  region size 1024K, 34 young (34816K), 34 survivors (34816K)
 Metaspace       used 199606K, committed 202688K, reserved 1245184K
  class space    used 23359K, committed 24704K, reserved 1048576K
}
Event: 15514.591 GC heap before
{Heap before GC invocations=217 (full 1):
 garbage-first heap   total 884736K, used 318927K [0x00000000c0000000, 0x0000000100000000)
  region size 1024K, 43 young (44032K), 34 survivors (34816K)
 Metaspace       used 199606K, committed 202688K, reserved 1245184K
  class space    used 23359K, committed 24704K, reserved 1048576K
}
Event: 15514.611 GC heap after
{Heap after GC invocations=218 (full 1):
 garbage-first heap   total 884736K, used 292459K [0x00000000c0000000, 0x0000000100000000)
  region size 1024K, 6 young (6144K), 6 survivors (6144K)
 Metaspace       used 199606K, committed 202688K, reserved 1245184K
  class space    used 23359K, committed 24704K, reserved 1048576K
}
Event: 15515.290 GC heap before
{Heap before GC invocations=218 (full 1):
 garbage-first heap   total 884736K, used 379499K [0x00000000c0000000, 0x0000000100000000)
  region size 1024K, 93 young (95232K), 6 survivors (6144K)
 Metaspace       used 199608K, committed 202688K, reserved 1245184K
  class space    used 23359K, committed 24704K, reserved 1048576K
}
Event: 15515.304 GC heap after
{Heap after GC invocations=219 (full 1):
 garbage-first heap   total 884736K, used 314983K [0x00000000c0000000, 0x0000000100000000)
  region size 1024K, 28 young (28672K), 28 survivors (28672K)
 Metaspace       used 199608K, committed 202688K, reserved 1245184K
  class space    used 23359K, committed 24704K, reserved 1048576K
}

Dll operation events (20 events):
Event: 3.024 Loaded shared library C:\ST\STM32CubeIDE_1.16.0\STM32CubeIDE\plugins\com.st.stm32cube.ide.jre.win64_3.2.0.202405231314\jre\bin\verify.dll
Event: 5.021 Loaded shared library C:\ST\STM32CubeIDE_1.16.0\STM32CubeIDE\configuration\org.eclipse.osgi\366\0\.cp\swt-win32-4963r5.dll
Event: 5.316 Loaded shared library C:\ST\STM32CubeIDE_1.16.0\STM32CubeIDE\configuration\org.eclipse.osgi\366\0\.cp\swt-gdip-win32-4963r5.dll
Event: 8.198 Loaded shared library C:\ST\STM32CubeIDE_1.16.0\STM32CubeIDE\configuration\org.eclipse.osgi\216\0\.cp\os\win32\x86_64\localfile_1_0_0.dll
Event: 23.949 Loaded shared library C:\Users\fresh\AppData\Local\Temp\jna-97696046\jna9794394705497698294.dll
Event: 25.855 Loaded shared library C:\ST\STM32CubeIDE_1.16.0\STM32CubeIDE\plugins\com.st.stm32cube.ide.jre.win64_3.2.0.202405231314\jre\bin\management.dll
Event: 25.865 Loaded shared library C:\ST\STM32CubeIDE_1.16.0\STM32CubeIDE\plugins\com.st.stm32cube.ide.jre.win64_3.2.0.202405231314\jre\bin\management_ext.dll
Event: 42.311 Loaded shared library C:\ST\STM32CubeIDE_1.16.0\STM32CubeIDE\plugins\com.st.stm32cube.ide.jre.win64_3.2.0.202405231314\jre\bin\prefs.dll
Event: 44.429 Loaded shared library C:\ST\STM32CubeIDE_1.16.0\STM32CubeIDE\plugins\com.st.stm32cube.ide.jre.win64_3.2.0.202405231314\jre\bin\awt.dll
Event: 45.370 Loaded shared library C:\ST\STM32CubeIDE_1.16.0\STM32CubeIDE\plugins\com.st.stm32cube.ide.jre.win64_3.2.0.202405231314\jre\bin\sunmscapi.dll
Event: 45.716 Loaded shared library C:\ST\STM32CubeIDE_1.16.0\STM32CubeIDE\plugins\com.st.stm32cube.ide.jre.win64_3.2.0.202405231314\jre\bin\extnet.dll
Event: 56.557 Loaded shared library C:\ST\STM32CubeIDE_1.16.0\STM32CubeIDE\plugins\com.st.stm32cube.ide.jre.win64_3.2.0.202405231314\jre\bin\rmi.dll
Event: 57.877 Loaded shared library C:\ST\STM32CubeIDE_1.16.0\STM32CubeIDE\plugins\com.st.stm32cube.ide.jre.win64_3.2.0.202405231314\jre\bin\freetype.dll
Event: 57.883 Loaded shared library C:\ST\STM32CubeIDE_1.16.0\STM32CubeIDE\plugins\com.st.stm32cube.ide.jre.win64_3.2.0.202405231314\jre\bin\fontmanager.dll
Event: 80.350 Loaded shared library C:\ST\STM32CubeIDE_1.16.0\STM32CubeIDE\plugins\com.st.stm32cube.ide.jre.win64_3.2.0.202405231314\jre\bin\javajpeg.dll
Event: 80.375 Loaded shared library C:\ST\STM32CubeIDE_1.16.0\STM32CubeIDE\plugins\com.st.stm32cube.ide.jre.win64_3.2.0.202405231314\jre\bin\lcms.dll
Event: 94.154 Loaded shared library C:\Users\fresh\.stm32cubeide\.jxbrowser-7.38.2\Chromium\toolkit64.dll
Event: 95.361 Loaded shared library C:\Users\fresh\.stm32cubeide\.jxbrowser-7.38.2\Chromium\ipc64.dll
Event: 104.897 Loaded shared library C:\ST\STM32CubeIDE_1.16.0\STM32CubeIDE\configuration\org.eclipse.osgi\200\0\.cp\os\win32\x86_64\serial.dll
Event: 2644.580 Loaded shared library C:\ST\STM32CubeIDE_1.16.0\STM32CubeIDE\plugins\org.eclipse.cdt.core.win32.x86_64_11.4.0.202311271618\os\win32\x86_64\spawner.dll

Deoptimization events (20 events):
Event: 15507.406 Thread 0x000001a043293c80 DEOPT PACKING pc=0x000001a054b422ac sp=0x00000013336fd510
Event: 15507.406 Thread 0x000001a043293c80 DEOPT UNPACKING pc=0x000001a052e4a1a3 sp=0x00000013336fd4b0 mode 2
Event: 15511.736 Thread 0x000001a043293c80 DEOPT PACKING pc=0x000001a04eab62ad sp=0x00000013336fdd70
Event: 15511.737 Thread 0x000001a043293c80 DEOPT UNPACKING pc=0x000001a052e4ace3 sp=0x00000013336fd258 mode 0
Event: 15559.482 Thread 0x000001a043293c80 Uncommon trap: trap_request=0xffffff54 fr.pc=0x000001a055a80094 relative=0x0000000000002d94
Event: 15559.482 Thread 0x000001a043293c80 Uncommon trap: reason=speculate_null_assert action=make_not_entrant pc=0x000001a055a80094 method=org.eclipse.cdt.internal.ui.editor.CEditor.getAdapter(Ljava/lang/Class;)Ljava/lang/Object; @ 72 c2
Event: 15559.482 Thread 0x000001a043293c80 DEOPT PACKING pc=0x000001a055a80094 sp=0x00000013336fc510
Event: 15559.482 Thread 0x000001a043293c80 DEOPT UNPACKING pc=0x000001a052e4a1a3 sp=0x00000013336fc550 mode 2
Event: 15565.336 Thread 0x000001a00b307870 Uncommon trap: trap_request=0xffffffde fr.pc=0x000001a0551ccbd0 relative=0x0000000000004610
Event: 15565.336 Thread 0x000001a00b307870 Uncommon trap: reason=class_check action=maybe_recompile pc=0x000001a0551ccbd0 method=org.eclipse.cdt.internal.core.dom.parser.cpp.semantics.BaseClassLookup.lookupInBaseClass(Lorg/eclipse/cdt/internal/core/dom/parser/cpp/semantics/LookupData;Lorg/eclipse/
Event: 15565.336 Thread 0x000001a00b307870 DEOPT PACKING pc=0x000001a0551ccbd0 sp=0x00000013375fc7c0
Event: 15565.336 Thread 0x000001a00b307870 DEOPT UNPACKING pc=0x000001a052e4a1a3 sp=0x00000013375fc770 mode 2
Event: 15974.356 Thread 0x000001a043293c80 Uncommon trap: trap_request=0xffffff45 fr.pc=0x000001a053ec6708 relative=0x00000000000046c8
Event: 15974.362 Thread 0x000001a043293c80 Uncommon trap: reason=unstable_if action=reinterpret pc=0x000001a053ec6708 method=org.eclipse.swt.custom.CTabFolder.computeControlBounds(Lorg/eclipse/swt/graphics/Point;[[Z)[Lorg/eclipse/swt/graphics/Rectangle; @ 1242 c2
Event: 15974.364 Thread 0x000001a043293c80 DEOPT PACKING pc=0x000001a053ec6708 sp=0x00000013336f4410
Event: 15974.367 Thread 0x000001a043293c80 DEOPT UNPACKING pc=0x000001a052e4a1a3 sp=0x00000013336f4380 mode 2
Event: 15975.020 Thread 0x000001a043293c80 Uncommon trap: trap_request=0xffffff45 fr.pc=0x000001a054c6c428 relative=0x0000000000001c88
Event: 15975.022 Thread 0x000001a043293c80 Uncommon trap: reason=unstable_if action=reinterpret pc=0x000001a054c6c428 method=org.eclipse.swt.graphics.Image.init(Lorg/eclipse/swt/graphics/Device;Lorg/eclipse/swt/graphics/Image;Lorg/eclipse/swt/graphics/ImageData;)[J @ 1132 c2
Event: 15975.023 Thread 0x000001a043293c80 DEOPT PACKING pc=0x000001a054c6c428 sp=0x00000013336f3ac0
Event: 15975.024 Thread 0x000001a043293c80 DEOPT UNPACKING pc=0x000001a052e4a1a3 sp=0x00000013336f3a28 mode 2

Classes unloaded (20 events):
Event: 7515.424 Thread 0x000001a0603cec40 Unloading class 0x00000001016e4000 'jdk/internal/reflect/GeneratedMethodAccessor124'
Event: 7515.424 Thread 0x000001a0603cec40 Unloading class 0x0000000100fbd000 'jdk/internal/reflect/GeneratedMethodAccessor123'
Event: 7515.424 Thread 0x000001a0603cec40 Unloading class 0x0000000100fa8800 'jdk/internal/reflect/GeneratedMethodAccessor122'
Event: 7515.424 Thread 0x000001a0603cec40 Unloading class 0x0000000100f0d400 'jdk/internal/reflect/GeneratedConstructorAccessor77'
Event: 7515.424 Thread 0x000001a0603cec40 Unloading class 0x0000000100f1a000 'jdk/internal/reflect/GeneratedConstructorAccessor76'
Event: 8090.830 Thread 0x000001a0603cec40 Unloading class 0x0000000100184000 'jdk/internal/reflect/GeneratedMethodAccessor120'
Event: 8550.533 Thread 0x000001a0603cec40 Unloading class 0x00000001014be000 'java/lang/invoke/LambdaForm$MH+0x00000001014be000'
Event: 8550.533 Thread 0x000001a0603cec40 Unloading class 0x0000000101509c00 'java/lang/invoke/LambdaForm$MH+0x0000000101509c00'
Event: 8550.533 Thread 0x000001a0603cec40 Unloading class 0x00000001016a0800 'java/lang/invoke/LambdaForm$MH+0x00000001016a0800'
Event: 14775.908 Thread 0x000001a0603cec40 Unloading class 0x0000000101820400 'jdk/internal/reflect/GeneratedMethodAccessor165'
Event: 14775.908 Thread 0x000001a0603cec40 Unloading class 0x0000000101819c00 'jdk/internal/reflect/GeneratedMethodAccessor164'
Event: 14775.908 Thread 0x000001a0603cec40 Unloading class 0x0000000101819800 'jdk/internal/reflect/GeneratedMethodAccessor163'
Event: 14775.908 Thread 0x000001a0603cec40 Unloading class 0x0000000101818c00 'jdk/internal/reflect/GeneratedConstructorAccessor95'
Event: 14775.908 Thread 0x000001a0603cec40 Unloading class 0x0000000101818800 'jdk/internal/reflect/GeneratedConstructorAccessor94'
Event: 14775.908 Thread 0x000001a0603cec40 Unloading class 0x0000000101818400 'jdk/internal/reflect/GeneratedConstructorAccessor93'
Event: 14775.908 Thread 0x000001a0603cec40 Unloading class 0x0000000101818000 'jdk/internal/reflect/GeneratedMethodAccessor160'
Event: 14775.908 Thread 0x000001a0603cec40 Unloading class 0x0000000101808800 'jdk/internal/reflect/GeneratedConstructorAccessor92'
Event: 14775.908 Thread 0x000001a0603cec40 Unloading class 0x0000000101805c00 'jdk/internal/reflect/GeneratedMethodAccessor157'
Event: 14838.293 Thread 0x000001a0603cec40 Unloading class 0x00000001014be000 'jdk/internal/reflect/GeneratedMethodAccessor166'
Event: 14888.649 Thread 0x000001a0603cec40 Unloading class 0x0000000101819000 'jdk/internal/reflect/GeneratedMethodAccessor161'

Classes redefined (0 events):
No events

Internal exceptions (20 events):
Event: 15975.167 Thread 0x000001a043293c80 Exception <a 'org/eclipse/swt/SWTError'{0x00000000e6dced08}> (0x00000000e6dced08) 
thrown [s\src\hotspot\share\prims\jni.cpp, line 516]
Event: 15975.167 Thread 0x000001a043293c80 Exception <a 'org/eclipse/swt/SWTError'{0x00000000e6dced08}> (0x00000000e6dced08) 
thrown [s\src\hotspot\share\prims\jni.cpp, line 516]
Event: 15975.168 Thread 0x000001a043293c80 Exception <a 'org/eclipse/swt/SWTError'{0x00000000e6dced08}> (0x00000000e6dced08) 
thrown [s\src\hotspot\share\prims\jni.cpp, line 516]
Event: 15975.168 Thread 0x000001a043293c80 Exception <a 'org/eclipse/swt/SWTError'{0x00000000e6dced08}> (0x00000000e6dced08) 
thrown [s\src\hotspot\share\prims\jni.cpp, line 516]
Event: 15975.168 Thread 0x000001a043293c80 Exception <a 'org/eclipse/swt/SWTError'{0x00000000e6dced08}> (0x00000000e6dced08) 
thrown [s\src\hotspot\share\prims\jni.cpp, line 516]
Event: 15975.168 Thread 0x000001a043293c80 Exception <a 'org/eclipse/swt/SWTError'{0x00000000e6dced08}> (0x00000000e6dced08) 
thrown [s\src\hotspot\share\prims\jni.cpp, line 516]
Event: 15975.168 Thread 0x000001a043293c80 Exception <a 'org/eclipse/swt/SWTError'{0x00000000e6dced08}> (0x00000000e6dced08) 
thrown [s\src\hotspot\share\prims\jni.cpp, line 516]
Event: 15975.168 Thread 0x000001a043293c80 Exception <a 'org/eclipse/swt/SWTError'{0x00000000e6dced08}> (0x00000000e6dced08) 
thrown [s\src\hotspot\share\prims\jni.cpp, line 516]
Event: 15975.168 Thread 0x000001a043293c80 Exception <a 'org/eclipse/swt/SWTError'{0x00000000e6dced08}> (0x00000000e6dced08) 
thrown [s\src\hotspot\share\prims\jni.cpp, line 516]
Event: 15975.168 Thread 0x000001a043293c80 Exception <a 'org/eclipse/swt/SWTError'{0x00000000e6dced08}> (0x00000000e6dced08) 
thrown [s\src\hotspot\share\prims\jni.cpp, line 516]
Event: 15975.168 Thread 0x000001a043293c80 Exception <a 'org/eclipse/swt/SWTError'{0x00000000e6dced08}> (0x00000000e6dced08) 
thrown [s\src\hotspot\share\prims\jni.cpp, line 516]
Event: 15975.168 Thread 0x000001a043293c80 Exception <a 'org/eclipse/swt/SWTError'{0x00000000e6dced08}> (0x00000000e6dced08) 
thrown [s\src\hotspot\share\prims\jni.cpp, line 516]
Event: 15975.168 Thread 0x000001a043293c80 Exception <a 'org/eclipse/swt/SWTError'{0x00000000e6dced08}> (0x00000000e6dced08) 
thrown [s\src\hotspot\share\prims\jni.cpp, line 516]
Event: 15975.168 Thread 0x000001a043293c80 Exception <a 'org/eclipse/swt/SWTError'{0x00000000e6dced08}> (0x00000000e6dced08) 
thrown [s\src\hotspot\share\prims\jni.cpp, line 516]
Event: 15975.168 Thread 0x000001a043293c80 Exception <a 'org/eclipse/swt/SWTError'{0x00000000e6dced08}> (0x00000000e6dced08) 
thrown [s\src\hotspot\share\prims\jni.cpp, line 516]
Event: 15975.168 Thread 0x000001a043293c80 Exception <a 'org/eclipse/swt/SWTError'{0x00000000e6dced08}> (0x00000000e6dced08) 
thrown [s\src\hotspot\share\prims\jni.cpp, line 516]
Event: 15975.169 Thread 0x000001a043293c80 Exception <a 'org/eclipse/swt/SWTError'{0x00000000e6dced08}> (0x00000000e6dced08) 
thrown [s\src\hotspot\share\prims\jni.cpp, line 516]
Event: 15975.169 Thread 0x000001a043293c80 Exception <a 'org/eclipse/swt/SWTError'{0x00000000e6dced08}> (0x00000000e6dced08) 
thrown [s\src\hotspot\share\prims\jni.cpp, line 516]
Event: 15975.169 Thread 0x000001a043293c80 Exception <a 'org/eclipse/swt/SWTError'{0x00000000e6dced08}> (0x00000000e6dced08) 
thrown [s\src\hotspot\share\prims\jni.cpp, line 516]
Event: 15975.169 Thread 0x000001a043293c80 Exception <a 'org/eclipse/swt/SWTError'{0x00000000e6dced08}> (0x00000000e6dced08) 
thrown [s\src\hotspot\share\prims\jni.cpp, line 516]

VM Operations (20 events):
Event: 15592.769 Executing VM operation: Cleanup
Event: 15592.769 Executing VM operation: Cleanup done
Event: 15600.773 Executing VM operation: Cleanup
Event: 15600.773 Executing VM operation: Cleanup done
Event: 15633.952 Executing VM operation: HandshakeAllThreads
Event: 15633.952 Executing VM operation: HandshakeAllThreads done
Event: 15694.097 Executing VM operation: HandshakeAllThreads
Event: 15694.097 Executing VM operation: HandshakeAllThreads done
Event: 15754.300 Executing VM operation: HandshakeAllThreads
Event: 15754.300 Executing VM operation: HandshakeAllThreads done
Event: 15814.420 Executing VM operation: HandshakeAllThreads
Event: 15814.420 Executing VM operation: HandshakeAllThreads done
Event: 15874.620 Executing VM operation: HandshakeAllThreads
Event: 15874.681 Executing VM operation: HandshakeAllThreads done
Event: 15934.817 Executing VM operation: HandshakeAllThreads
Event: 15934.984 Executing VM operation: HandshakeAllThreads done
Event: 15975.393 Executing VM operation: Cleanup
Event: 15975.753 Executing VM operation: Cleanup done
Event: 15977.753 Executing VM operation: Cleanup
Event: 15978.166 Executing VM operation: Cleanup done

Events (20 events):
Event: 15564.510 Thread 0x000001a078a7c990 Thread added: 0x000001a078a7c990
Event: 15564.511 Thread 0x000001a078a7c990 Thread exited: 0x000001a078a7c990
Event: 15564.739 Thread 0x000001a00af27de0 Thread added: 0x000001a00af27de0
Event: 15564.739 Thread 0x000001a00af27de0 Thread exited: 0x000001a00af27de0
Event: 15565.207 Thread 0x000001a00af25a70 Thread exited: 0x000001a00af25a70
Event: 15565.343 Thread 0x000001a00af25a70 Thread added: 0x000001a00af25a70
Event: 15565.343 Thread 0x000001a00af25a70 Thread exited: 0x000001a00af25a70
Event: 15591.818 Thread 0x000001a06f0d1ec0 Thread added: 0x000001a06f0d1ec0
Event: 15591.819 Thread 0x000001a06f0d1ec0 Thread exited: 0x000001a06f0d1ec0
Event: 15625.208 Thread 0x000001a00af278d0 Thread exited: 0x000001a00af278d0
Event: 15690.720 Thread 0x000001a06f0d28e0 Thread exited: 0x000001a06f0d28e0
Event: 15690.720 Thread 0x000001a00af25f80 Thread exited: 0x000001a00af25f80
Event: 15690.720 Thread 0x000001a078a7cea0 Thread exited: 0x000001a078a7cea0
Event: 15690.751 Thread 0x000001a06f0d0f90 Thread exited: 0x000001a06f0d0f90
Event: 15690.751 Thread 0x000001a06e69fe00 Thread exited: 0x000001a06e69fe00
Event: 15958.884 loading class sun/net/ConnectionResetException
Event: 15958.969 loading class sun/net/ConnectionResetException done
Event: 15959.494 Thread 0x000001a00a501de0 Thread exited: 0x000001a00a501de0
Event: 15959.593 Thread 0x000001a00a505aa0 Thread exited: 0x000001a00a505aa0
Event: 15959.628 Thread 0x000001a00a504660 Thread exited: 0x000001a00a504660


Dynamic libraries:
0x00007ff6f5c60000 - 0x00007ff6f5ce4000 	C:\ST\STM32CubeIDE_1.16.0\STM32CubeIDE\stm32cubeide.exe
0x00007ffef3030000 - 0x00007ffef3228000 	C:\Windows\SYSTEM32\ntdll.dll
0x00007ffef2550000 - 0x00007ffef2611000 	C:\Windows\System32\KERNEL32.DLL
0x00007ffef0770000 - 0x00007ffef0a6d000 	C:\Windows\System32\KERNELBASE.dll
0x00007ffef1c40000 - 0x00007ffef1ddd000 	C:\Windows\System32\USER32.dll
0x00007ffef1030000 - 0x00007ffef1052000 	C:\Windows\System32\win32u.dll
0x00007ffef2620000 - 0x00007ffef264b000 	C:\Windows\System32\GDI32.dll
0x00007ffef0aa0000 - 0x00007ffef0bb7000 	C:\Windows\System32\gdi32full.dll
0x00007ffef0f90000 - 0x00007ffef102d000 	C:\Windows\System32\msvcp_win.dll
0x00007ffef0e40000 - 0x00007ffef0f40000 	C:\Windows\System32\ucrtbase.dll
0x00007ffed6680000 - 0x00007ffed691a000 	C:\Windows\WinSxS\amd64_microsoft.windows.common-controls_6595b64144ccf1df_6.0.19041.4355_none_60b8b9eb71f62e16\COMCTL32.dll
0x00007ffef1b40000 - 0x00007ffef1bde000 	C:\Windows\System32\msvcrt.dll
0x00007ffef18e0000 - 0x00007ffef190f000 	C:\Windows\System32\IMM32.DLL
0x00007ffe4d9c0000 - 0x00007ffe4d9fe000 	C:\ST\STM32CubeIDE_1.16.0\STM32CubeIDE\plugins\org.eclipse.equinox.launcher.win32.win32.x86_64_1.2.800.v20231003-1442\eclipse_11802.dll
0x00007ffef1700000 - 0x00007ffef17b0000 	C:\Windows\System32\ADVAPI32.dll
0x00007ffef1fa0000 - 0x00007ffef2040000 	C:\Windows\System32\sechost.dll
0x00007ffef17b0000 - 0x00007ffef18d3000 	C:\Windows\System32\RPCRT4.dll
0x00007ffef0a70000 - 0x00007ffef0a97000 	C:\Windows\System32\bcrypt.dll
0x00007ffef1e50000 - 0x00007ffef1f7b000 	C:\Windows\System32\ole32.dll
0x00007ffef2040000 - 0x00007ffef2393000 	C:\Windows\System32\combase.dll
0x00007ffee21e0000 - 0x00007ffee21ea000 	C:\Windows\SYSTEM32\VERSION.dll
0x00007ffe4dad0000 - 0x00007ffe4e732000 	C:\ST\STM32CubeIDE_1.16.0\STM32CubeIDE\plugins\com.st.stm32cube.ide.jre.win64_3.2.0.202405231314\jre\bin\server\jvm.dll
0x00007ffeb74e0000 - 0x00007ffeb74e9000 	C:\Windows\SYSTEM32\WSOCK32.dll
0x00007ffed8f80000 - 0x00007ffed8f9d000 	C:\Windows\SYSTEM32\VCRUNTIME140.dll
0x00007ffeefbd0000 - 0x00007ffeefc1b000 	C:\Windows\SYSTEM32\POWRPROF.dll
0x00007ffedfac0000 - 0x00007ffedfae7000 	C:\Windows\SYSTEM32\WINMM.dll
0x00007ffef1de0000 - 0x00007ffef1e4b000 	C:\Windows\System32\WS2_32.dll
0x00007ffeca4f0000 - 0x00007ffeca4fc000 	C:\Windows\SYSTEM32\VCRUNTIME140_1.dll
0x00007ffeefa90000 - 0x00007ffeefaa2000 	C:\Windows\SYSTEM32\UMPDC.dll
0x00007ffeabdf0000 - 0x00007ffeabdfa000 	C:\ST\STM32CubeIDE_1.16.0\STM32CubeIDE\plugins\com.st.stm32cube.ide.jre.win64_3.2.0.202405231314\jre\bin\jimage.dll
0x00007ffeedf00000 - 0x00007ffeee0e4000 	C:\Windows\SYSTEM32\DBGHELP.DLL
0x00007ffed6990000 - 0x00007ffed69c4000 	C:\Windows\SYSTEM32\dbgcore.DLL
0x00007ffef06e0000 - 0x00007ffef0762000 	C:\Windows\System32\bcryptPrimitives.dll
0x00007ffeaad20000 - 0x00007ffeaad45000 	C:\ST\STM32CubeIDE_1.16.0\STM32CubeIDE\plugins\com.st.stm32cube.ide.jre.win64_3.2.0.202405231314\jre\bin\java.dll
0x00007ffeeeea0000 - 0x00007ffeeeeb2000 	C:\Windows\SYSTEM32\kernel.appcore.dll
0x00007ffe4ea90000 - 0x00007ffe4eb67000 	C:\ST\STM32CubeIDE_1.16.0\STM32CubeIDE\plugins\com.st.stm32cube.ide.jre.win64_3.2.0.202405231314\jre\bin\jsvml.dll
0x00007ffef2820000 - 0x00007ffef2f8f000 	C:\Windows\System32\SHELL32.dll
0x00007ffeee700000 - 0x00007ffeeee9f000 	C:\Windows\SYSTEM32\windows.storage.dll
0x00007ffef0020000 - 0x00007ffef004e000 	C:\Windows\SYSTEM32\Wldp.dll
0x00007ffef23a0000 - 0x00007ffef246d000 	C:\Windows\System32\OLEAUT32.dll
0x00007ffef1a90000 - 0x00007ffef1b3d000 	C:\Windows\System32\SHCORE.dll
0x00007ffef2f90000 - 0x00007ffef2fe5000 	C:\Windows\System32\shlwapi.dll
0x00007ffef0610000 - 0x00007ffef0634000 	C:\Windows\SYSTEM32\profapi.dll
0x00007ffed2a00000 - 0x00007ffed2a19000 	C:\ST\STM32CubeIDE_1.16.0\STM32CubeIDE\plugins\com.st.stm32cube.ide.jre.win64_3.2.0.202405231314\jre\bin\net.dll
0x00007ffee8960000 - 0x00007ffee8a6d000 	C:\Windows\SYSTEM32\WINHTTP.dll
0x00007ffeefe00000 - 0x00007ffeefe6a000 	C:\Windows\system32\mswsock.dll
0x00007ffe54a90000 - 0x00007ffe54aa6000 	C:\ST\STM32CubeIDE_1.16.0\STM32CubeIDE\plugins\com.st.stm32cube.ide.jre.win64_3.2.0.202405231314\jre\bin\nio.dll
0x00007ffe4ea70000 - 0x00007ffe4ea88000 	C:\ST\STM32CubeIDE_1.16.0\STM32CubeIDE\plugins\com.st.stm32cube.ide.jre.win64_3.2.0.202405231314\jre\bin\zip.dll
0x00007ffeedb80000 - 0x00007ffeedc1e000 	C:\Windows\system32\uxtheme.dll
0x00007ffef2650000 - 0x00007ffef2764000 	C:\Windows\System32\MSCTF.dll
0x00007ffef1910000 - 0x00007ffef19b9000 	C:\Windows\System32\clbcatq.dll
0x00007ffed56b0000 - 0x00007ffed57a9000 	C:\Windows\SYSTEM32\textinputframework.dll
0x00007ffee6130000 - 0x00007ffee648b000 	C:\Windows\System32\CoreUIComponents.dll
0x00007ffee8000000 - 0x00007ffee80f2000 	C:\Windows\System32\CoreMessaging.dll
0x00007ffeef7f0000 - 0x00007ffeef823000 	C:\Windows\SYSTEM32\ntmarta.dll
0x00007ffeec720000 - 0x00007ffeec877000 	C:\Windows\SYSTEM32\wintypes.dll
0x00007ffee91c0000 - 0x00007ffee91d0000 	C:\ST\STM32CubeIDE_1.16.0\STM32CubeIDE\plugins\com.st.stm32cube.ide.jre.win64_3.2.0.202405231314\jre\bin\verify.dll
0x00007ffe4e9a0000 - 0x00007ffe4ea66000 	C:\ST\STM32CubeIDE_1.16.0\STM32CubeIDE\configuration\org.eclipse.osgi\366\0\.cp\swt-win32-4963r5.dll
0x00007ffef2470000 - 0x00007ffef254a000 	C:\Windows\System32\COMDLG32.dll
0x00007ffed6a10000 - 0x00007ffed6ab4000 	C:\Windows\SYSTEM32\WINSPOOL.DRV
0x00007ffed7e60000 - 0x00007ffed7ec6000 	C:\Windows\SYSTEM32\OLEACC.dll
0x00007ffebd150000 - 0x00007ffebd169000 	C:\Windows\SYSTEM32\USP10.dll
0x00007ffebc6b0000 - 0x00007ffebcb88000 	C:\Windows\SYSTEM32\WININET.dll
0x00007ffeed040000 - 0x00007ffeed136000 	C:\Windows\SYSTEM32\PROPSYS.dll
0x00007ffed3da0000 - 0x00007ffed3f8c000 	C:\Windows\SYSTEM32\urlmon.dll
0x00007ffed8f70000 - 0x00007ffed8f77000 	C:\Windows\SYSTEM32\MSIMG32.dll
0x00007ffeee120000 - 0x00007ffeee14f000 	C:\Windows\SYSTEM32\dwmapi.dll
0x00007ffed8500000 - 0x00007ffed87be000 	C:\Windows\SYSTEM32\iertutil.dll
0x00007ffee3f60000 - 0x00007ffee3f88000 	C:\Windows\SYSTEM32\srvcli.dll
0x00007ffeefbc0000 - 0x00007ffeefbcc000 	C:\Windows\SYSTEM32\netutils.dll
0x00007ffef0ce0000 - 0x00007ffef0e3e000 	C:\Windows\System32\CRYPT32.dll
0x00007ffef0f40000 - 0x00007ffef0f8e000 	C:\Windows\System32\cfgmgr32.dll
0x00007ffef0060000 - 0x00007ffef0078000 	C:\Windows\SYSTEM32\cryptsp.dll
0x00007ffed2a70000 - 0x00007ffed2a98000 	C:\ST\STM32CubeIDE_1.16.0\STM32CubeIDE\configuration\org.eclipse.osgi\366\0\.cp\swt-gdip-win32-4963r5.dll
0x00007ffed7a20000 - 0x00007ffed7bc5000 	C:\Windows\WinSxS\amd64_microsoft.windows.gdiplus_6595b64144ccf1df_1.1.19041.4597_none_91a78020cc854124\gdiplus.dll
0x00007ffeed930000 - 0x00007ffeedae6000 	C:\Windows\SYSTEM32\WindowsCodecs.dll
0x00007ffed2ee0000 - 0x00007ffed2f8c000 	C:\Windows\SYSTEM32\TextShaping.dll
0x00007ffea9050000 - 0x00007ffea9092000 	C:\Windows\system32\mlang.dll
0x0000000180000000 - 0x0000000180012000 	C:\ST\STM32CubeIDE_1.16.0\STM32CubeIDE\configuration\org.eclipse.osgi\216\0\.cp\os\win32\x86_64\localfile_1_0_0.dll
0x00007ffeef6d0000 - 0x00007ffeef704000 	C:\Windows\system32\rsaenh.dll
0x00007ffef05c0000 - 0x00007ffef05ee000 	C:\Windows\SYSTEM32\USERENV.dll
0x00007ffeeff90000 - 0x00007ffeeff9c000 	C:\Windows\SYSTEM32\CRYPTBASE.dll
0x00007ffeefab0000 - 0x00007ffeefaeb000 	C:\Windows\SYSTEM32\IPHLPAPI.DLL
0x00007ffef1f90000 - 0x00007ffef1f98000 	C:\Windows\System32\NSI.dll
0x00007ffee7fe0000 - 0x00007ffee7ff7000 	C:\Windows\SYSTEM32\dhcpcsvc6.DLL
0x00007ffee7f50000 - 0x00007ffee7f6d000 	C:\Windows\SYSTEM32\dhcpcsvc.DLL
0x00007ffeefaf0000 - 0x00007ffeefbba000 	C:\Windows\SYSTEM32\DNSAPI.dll
0x00007ffe8ffa0000 - 0x00007ffe8ffe5000 	C:\Users\fresh\AppData\Local\Temp\jna-97696046\jna9794394705497698294.dll
0x00007ffef1f80000 - 0x00007ffef1f88000 	C:\Windows\System32\PSAPI.DLL
0x00007ffeaf4c0000 - 0x00007ffeaf4c9000 	C:\ST\STM32CubeIDE_1.16.0\STM32CubeIDE\plugins\com.st.stm32cube.ide.jre.win64_3.2.0.202405231314\jre\bin\management.dll
0x00007ffe9a7d0000 - 0x00007ffe9a7db000 	C:\ST\STM32CubeIDE_1.16.0\STM32CubeIDE\plugins\com.st.stm32cube.ide.jre.win64_3.2.0.202405231314\jre\bin\management_ext.dll
0x00007ffeb4740000 - 0x00007ffeb4757000 	C:\Windows\system32\napinsp.dll
0x00007ffeb4480000 - 0x00007ffeb449b000 	C:\Windows\system32\pnrpnsp.dll
0x00007ffee9040000 - 0x00007ffee9055000 	C:\Windows\system32\wshbth.dll
0x00007ffee8a70000 - 0x00007ffee8a8d000 	C:\Windows\system32\NLAapi.dll
0x00007ffeb00a0000 - 0x00007ffeb00b2000 	C:\Windows\System32\winrnr.dll
0x000000005c3e0000 - 0x000000005c3eb000 	C:\Program Files\National Instruments\Shared\mDNS Responder\nimdnsNSP.dll
0x000000005c3c0000 - 0x000000005c3d1000 	C:\Windows\SYSTEM32\nimdnsResponder.dll
0x00007ffee56e0000 - 0x00007ffee56ea000 	C:\Windows\System32\rasadhlp.dll
0x00007ffee3ad0000 - 0x00007ffee3b50000 	C:\Windows\System32\fwpuclnt.dll
0x00007ffe9a210000 - 0x00007ffe9a24e000 	C:\Windows\system32\dataexchange.dll
0x00007ffee6490000 - 0x00007ffee6674000 	C:\Windows\system32\dcomp.dll
0x00007ffee9740000 - 0x00007ffee99a3000 	C:\Windows\system32\d3d11.dll
0x00007ffeeef20000 - 0x00007ffeef016000 	C:\Windows\system32\dxgi.dll
0x00007ffee6c50000 - 0x00007ffee6e53000 	C:\Windows\system32\twinapi.appcore.dll
0x00007ffed3b20000 - 0x00007ffed3d9f000 	C:\Windows\SYSTEM32\DWrite.dll
0x00007ffe99fc0000 - 0x00007ffe9a209000 	C:\Windows\system32\explorerframe.dll
0x00007ffed2ed0000 - 0x00007ffed2ed9000 	C:\ST\STM32CubeIDE_1.16.0\STM32CubeIDE\plugins\com.st.stm32cube.ide.jre.win64_3.2.0.202405231314\jre\bin\prefs.dll
0x00007ffebe430000 - 0x00007ffebe5c0000 	C:\ST\STM32CubeIDE_1.16.0\STM32CubeIDE\plugins\com.st.stm32cube.ide.jre.win64_3.2.0.202405231314\jre\bin\awt.dll
0x00007ffeca500000 - 0x00007ffeca58d000 	C:\Windows\SYSTEM32\MSVCP140.dll
0x00007ffee6f50000 - 0x00007ffee6fe4000 	C:\Windows\SYSTEM32\apphelp.dll
0x00007ffed2ec0000 - 0x00007ffed2ece000 	C:\ST\STM32CubeIDE_1.16.0\STM32CubeIDE\plugins\com.st.stm32cube.ide.jre.win64_3.2.0.202405231314\jre\bin\sunmscapi.dll
0x00007ffef0170000 - 0x00007ffef0199000 	C:\Windows\SYSTEM32\ncrypt.dll
0x00007ffef0130000 - 0x00007ffef016b000 	C:\Windows\SYSTEM32\NTASN1.dll
0x00007ffef0290000 - 0x00007ffef02a2000 	C:\Windows\System32\MSASN1.dll
0x00007ffeeeed0000 - 0x00007ffeeeef3000 	C:\Windows\SYSTEM32\gpapi.dll
0x00007ffed84a0000 - 0x00007ffed84fc000 	C:\Windows\system32\ncryptprov.dll
0x00007ffed2eb0000 - 0x00007ffed2eb9000 	C:\ST\STM32CubeIDE_1.16.0\STM32CubeIDE\plugins\com.st.stm32cube.ide.jre.win64_3.2.0.202405231314\jre\bin\extnet.dll
0x00007ffeb03a0000 - 0x00007ffeb03c4000 	C:\Windows\SYSTEM32\edputil.dll
0x00007ffed2ea0000 - 0x00007ffed2ea7000 	C:\ST\STM32CubeIDE_1.16.0\STM32CubeIDE\plugins\com.st.stm32cube.ide.jre.win64_3.2.0.202405231314\jre\bin\rmi.dll
0x00007ffed2d00000 - 0x00007ffed2d87000 	C:\ST\STM32CubeIDE_1.16.0\STM32CubeIDE\plugins\com.st.stm32cube.ide.jre.win64_3.2.0.202405231314\jre\bin\freetype.dll
0x00007ffebdff0000 - 0x00007ffebe0d2000 	C:\ST\STM32CubeIDE_1.16.0\STM32CubeIDE\plugins\com.st.stm32cube.ide.jre.win64_3.2.0.202405231314\jre\bin\fontmanager.dll
0x00007ffecc220000 - 0x00007ffecc348000 	C:\Windows\system32\opengl32.dll
0x00007ffecb3f0000 - 0x00007ffecb41c000 	C:\Windows\SYSTEM32\GLU32.dll
0x00007ffebcf80000 - 0x00007ffebd150000 	C:\Windows\system32\d3d9.dll
0x00007ffe87010000 - 0x00007ffe87274000 	C:\Windows\System32\DriverStore\FileRepository\iigd_dch.inf_amd64_0955b895c8fb702b\igdumdim64.dll
0x00007ffe85ac0000 - 0x00007ffe87009000 	C:\Windows\System32\DriverStore\FileRepository\iigd_dch.inf_amd64_0955b895c8fb702b\igd9dxva64.dll
0x00007ffef1060000 - 0x00007ffef14ce000 	C:\Windows\System32\SETUPAPI.dll

dbghelp: loaded successfully - version: 4.0.5 - missing functions: none
symbol engine: initialized successfully - sym options: 0x614 - pdb path: .;C:\ST\STM32CubeIDE_1.16.0\STM32CubeIDE;C:\Windows\SYSTEM32;C:\Windows\WinSxS\amd64_microsoft.windows.common-controls_6595b64144ccf1df_6.0.19041.4355_none_60b8b9eb71f62e16;C:\ST\STM32CubeIDE_1.16.0\STM32CubeIDE\plugins\org.eclipse.equinox.launcher.win32.win32.x86_64_1.2.800.v20231003-1442;C:\ST\STM32CubeIDE_1.16.0\STM32CubeIDE\plugins\com.st.stm32cube.ide.jre.win64_3.2.0.202405231314\jre\bin\server;C:\ST\STM32CubeIDE_1.16.0\STM32CubeIDE\plugins\com.st.stm32cube.ide.jre.win64_3.2.0.202405231314\jre\bin;C:\ST\STM32CubeIDE_1.16.0\STM32CubeIDE\configuration\org.eclipse.osgi\366\0\.cp;C:\Windows\WinSxS\amd64_microsoft.windows.gdiplus_6595b64144ccf1df_1.1.19041.4597_none_91a78020cc854124;C:\ST\STM32CubeIDE_1.16.0\STM32CubeIDE\configuration\org.eclipse.osgi\216\0\.cp\os\win32\x86_64;C:\Users\fresh\AppData\Local\Temp\jna-97696046;C:\Program Files\National Instruments\Shared\mDNS Responder;C:\Windows\System32\DriverStore\FileRepository\iigd_dch.inf_amd64_0955b895c8fb702b;C:\Windows\System32\DriverStore\FileRepository\u0390451.inf_amd64_39377efdd62734d1\B390182;C:\Users\fresh\.stm32cubeide\.jxbrowser-7.38.2\Chromium;C:\ST\STM32CubeIDE_1.16.0\STM32CubeIDE\configuration\org.eclipse.osgi\200\0\.cp\os\win32\x86_64;C:\ST\STM32CubeIDE_1.16.0\STM32CubeIDE\plugins\org.eclipse.cdt.core.win32.x86_64_11.4.0.202311271618\os\win32\x86_64

VM Arguments:
jvm_args: -Dosgi.requiredJavaVersion=1.8 -Dosgi.instance.area.default=@user.home/STM32CubeIDE/workspace_1.16.0 -Declipse.buildId=Version 1.16.0 -DproductMaturityGrade=mm -Djdk.http.auth.tunneling.disabledSchemes= -XX:+UseG1GC -XX:+UseStringDeduplication -Xms256m -Xmx1024m -Djavax.net.ssl.trustStoreType=WINDOWS-ROOT 
java_command: <unknown>
java_class_path (initial): C:\ST\STM32CubeIDE_1.16.0\STM32CubeIDE\\plugins/org.eclipse.equinox.launcher_1.6.600.v20231106-1826.jar
Launcher Type: generic

[Global flags]
     intx CICompilerCount                          = 4                                         {product} {ergonomic}
     uint ConcGCThreads                            = 2                                         {product} {ergonomic}
     uint G1ConcRefinementThreads                  = 8                                         {product} {ergonomic}
   size_t G1HeapRegionSize                         = 1048576                                   {product} {ergonomic}
    uintx GCDrainStackTargetSize                   = 64                                        {product} {ergonomic}
   size_t InitialHeapSize                          = 268435456                                 {product} {command line}
   size_t MarkStackSize                            = 4194304                                   {product} {ergonomic}
   size_t MaxHeapSize                              = 1073741824                                {product} {command line}
   size_t MaxNewSize                               = 643825664                                 {product} {ergonomic}
   size_t MinHeapDeltaBytes                        = 1048576                                   {product} {ergonomic}
   size_t MinHeapSize                              = 268435456                                 {product} {command line}
    uintx NonNMethodCodeHeapSize                   = 5839372                                {pd product} {ergonomic}
    uintx NonProfiledCodeHeapSize                  = 122909434                              {pd product} {ergonomic}
    uintx ProfiledCodeHeapSize                     = 122909434                              {pd product} {ergonomic}
    uintx ReservedCodeCacheSize                    = 251658240                              {pd product} {ergonomic}
     bool SegmentedCodeCache                       = true                                      {product} {ergonomic}
   size_t SoftMaxHeapSize                          = 1073741824                             {manageable} {ergonomic}
     bool UseCompressedClassPointers               = true                           {product lp64_product} {ergonomic}
     bool UseCompressedOops                        = true                           {product lp64_product} {ergonomic}
     bool UseG1GC                                  = true                                      {product} {command line}
     bool UseLargePagesIndividualAllocation        = false                                  {pd product} {ergonomic}
     bool UseStringDeduplication                   = true                                      {product} {command line}

Logging:
Log output configuration:
 #0: stdout all=warning uptime,level,tags
 #1: stderr all=off uptime,level,tags

Environment Variables:
CLASSPATH=C:\Program Files\swipl\lib\jpl.jar;C:\Program Files\swipl\lib\
PATH=C:\Program Files (x86)\Common Files\Oracle\Java\java8path;C:\Program Files (x86)\Common Files\Oracle\Java\javapath;C:\Python312\Scripts\;C:\Python312\;C:\Program Files\Eclipse Foundation\jdk-8.0.302.8-hotspot\bin;C:\Program Files\Microsoft MPI\Bin\;C:\Windows\system32;C:\Windows;C:\Windows\System32\Wbem;C:\Windows\System32\WindowsPowerShell\v1.0;C:\Windows\System32\OpenSSH;C:\msys64\clang64\bin;C:\msys64\mingw64\x86_64-w64-mingw32\bin;C:\msys64\mingw64\bin;C:\Program Files\OpenSSL-Win64\bin;C:\Program Files\dotnet;C:\opencv-3.4.6-vc16.VS2019\opencv\x64\vc16\bin;C:\Program Files\CMake\bin;C:\Program Files\Graphviz\bin;C:\Program Files\swipl\bin;C:\Program Files\PuTTY;C:\Program Files\PuTTY\;C:\Program Files\dotnet\;C:\Program Files\Nordic Semiconductor\nrf-command-line-tools\bin\;C:\Program Files (x86)\Windows Kits\10\Windows Performance Toolkit\;C:\pypy\pypy3.10-v7.3.16-win64\pypy3.10-v7.3.16-win64;C:\msys64\usr\bin;C:\Program Files\Git\cmd;C:\Program Files\PowerShell\7\;C:\_projects\Enterra\arm\10 2021.10\bin;C:\Program Files\LLVM\bin;C:\Users\fresh\.utils\llvm-mingw\bin;C:\Users\fresh\AppData\Local\Programs\Microsoft VS Code\bin;C:\Users\fresh\AppData\Local\gitkraken\bin;
USERNAME=fresh
OS=Windows_NT
PROCESSOR_IDENTIFIER=Intel64 Family 6 Model 140 Stepping 1, GenuineIntel
TMP=C:\Users\fresh\AppData\Local\Temp
TEMP=C:\Users\fresh\AppData\Local\Temp



Periodic native trim disabled


---------------  S Y S T E M  ---------------

OS:
 Windows 10 , 64 bit Build 19041 (10.0.19041.4717)
OS uptime: 0 days 4:28 hours
Hyper-V role detected

CPU: total 8 (initial active 8) (4 cores per cpu, 2 threads per core) family 6 model 140 stepping 1 microcode 0xb6, cx8, cmov, fxsr, ht, mmx, 3dnowpref, sse, sse2, sse3, ssse3, sse4.1, sse4.2, popcnt, lzcnt, tsc, tscinvbit, avx, avx2, aes, erms, clmul, bmi1, bmi2, adx, avx512f, avx512dq, avx512cd, avx512bw, avx512vl, sha, fma, vzeroupper, avx512_vpopcntdq, avx512_vpclmulqdq, avx512_vaes, avx512_vnni, clflush, clflushopt, clwb, avx512_vbmi2, avx512_vbmi, hv
Processor Information for all 8 processors :
  Max Mhz: 2803, Current Mhz: 1201, Mhz Limit: 1177

Memory: 4k page, system-wide physical 16103M (891M free)
TotalPageFile size 65255M (AvailPageFile size 0M)
current process WorkingSet (physical memory assigned to process): 56M, peak: 1497M
current process commit charge ("private bytes"): 1518M, peak: 1665M

vm_info: OpenJDK 64-Bit Server VM (17.0.11+9) for windows-amd64 JRE (17.0.11+9), built on Apr 17 2024 06:07:48 by "admin" with MS VC++ 16.10 / 16.11 (VS2019)

END.
