#
# There is insufficient memory for the Java Runtime Environment to continue.
# Native memory allocation (malloc) failed to allocate 808736 bytes. Error detail: Chunk::new
# Possible reasons:
#   The system is out of physical RAM or swap space
#   This process is running with CompressedOops enabled, and the Java Heap may be blocking the growth of the native heap
# Possible solutions:
#   Reduce memory load on the system
#   Increase physical memory or swap space
#   Check if swap backing store is full
#   Decrease Java heap size (-Xmx/-Xms)
#
#  Out of Memory Error
#
# Command Line: -Djavax.net.ssl.trustStoreType=WINDOWS-ROOT -Dsun.java2d.d3d=false com.st.microxplorer.maingui.STM32CubeMX C:\Users\fresh\STM32CubeIDE\workspace_1.16.0\project3\project3.ioc

Host: 11th Gen Intel(R) Core(TM) i7-1165G7 @ 2.80GHz, 8 cores, 15G,  Windows 10 , 64 bit Build 19041 (10.0.19041.4717)
Time: Tue Aug 20 00:54:09 2024 Pacific Daylight Time elapsed time: 15906.386976 seconds (0d 4h 25m 6s)

---------------  T H R E A D  ---------------

Current thread (0x0000023e5c3d5c10):  JavaThread "C2 CompilerThread0" daemon [_thread_in_native, id=10672, stack(0x000000bec4100000,0x000000bec4200000)]


Current CompileTask:
C2:15906387 19940       4       sun.java2d.marlin.MarlinTileGenerator::getAlphaRLE (1749 bytes)

Stack: [0x000000bec4100000,0x000000bec4200000]
Native frames: (J=compiled Java code, j=interpreted, Vv=VM code, C=native code)
V  [jvm.dll+0x67d429]
V  [jvm.dll+0x834b7a]
V  [jvm.dll+0x83663e]
V  [jvm.dll+0x836ca3]
V  [jvm.dll+0x247dbf]
V  [jvm.dll+0xac534]
V  [jvm.dll+0xacb7c]
V  [jvm.dll+0x2af2cf]
V  [jvm.dll+0x5848b7]
V  [jvm.dll+0x222d82]
V  [jvm.dll+0x22317f]
V  [jvm.dll+0x21c2a0]
V  [jvm.dll+0x2197a1]
V  [jvm.dll+0x1a534d]
V  [jvm.dll+0x2295cd]
V  [jvm.dll+0x22779c]
V  [jvm.dll+0x7e9d07]
V  [jvm.dll+0x7e410a]
V  [jvm.dll+0x67c315]
C  [ucrtbase.dll+0x21bb2]
C  [KERNEL32.DLL+0x17374]
C  [ntdll.dll+0x4cc91]


---------------  P R O C E S S  ---------------

Threads class SMR info:
_java_thread_list=0x0000023e66c330a0, length=80, elements={
0x0000023e5c3a0250, 0x0000023e5c3a15b0, 0x0000023e5c3d0a20, 0x0000023e5c3d1b90,
0x0000023e5c3d4560, 0x0000023e5c3d4f20, 0x0000023e5c3d5c10, 0x0000023e5c411340,
0x0000023e5c44cf20, 0x0000023e5c569ce0, 0x0000023e5c570e40, 0x0000023e61546ec0,
0x0000023e6155a4f0, 0x0000023e6148b860, 0x0000023e61557300, 0x0000023e65d43430,
0x0000023e65d415d0, 0x0000023e669ce760, 0x0000023e669cec70, 0x0000023e65d41ae0,
0x0000023e65d42500, 0x0000023e65d44870, 0x0000023e65d42a10, 0x0000023e65d43940,
0x0000023e63d08e30, 0x0000023e63d08920, 0x0000023e63d0c0d0, 0x0000023e63d0c5e0,
0x0000023e63d08410, 0x0000023e63d079f0, 0x0000023e63d09850, 0x0000023e63d07f00,
0x0000023e63d0bbc0, 0x0000023e63d09340, 0x0000023e63d09d60, 0x0000023e63d06fd0,
0x0000023e63d0caf0, 0x0000023e63d0a270, 0x0000023e63d0df30, 0x0000023e63d0a780,
0x0000023e63d0e440, 0x0000023e63d074e0, 0x0000023e63d0e950, 0x0000023e63d0ac90,
0x0000023e63d0d510, 0x0000023e669cd320, 0x0000023e669cdd40, 0x0000023e671028e0,
0x0000023e67105670, 0x0000023e67104230, 0x0000023e67100060, 0x0000023e67100f90,
0x0000023e67102df0, 0x0000023e671014a0, 0x0000023e67104740, 0x0000023e67100570,
0x0000023e67104c50, 0x0000023e67101ec0, 0x0000023e671019b0, 0x0000023e67103300,
0x0000023e67106090, 0x0000023e671023d0, 0x0000023e671065a0, 0x0000023e67105160,
0x0000023e67103810, 0x0000023e67106fc0, 0x0000023e67106ab0, 0x0000023e671074d0,
0x0000023e671079e0, 0x0000023e67100a80, 0x0000023e67103d20, 0x0000023e67105b80,
0x0000023e669cb9d0, 0x0000023e67ff00c0, 0x0000023e6e8bd070, 0x0000023e62af9090,
0x0000023e6845ebf0, 0x0000023e68461e90, 0x0000023e68461980, 0x0000023e667b3420
}

Java Threads: ( => current thread )
  0x0000023e5c3a0250 JavaThread "Reference Handler" daemon [_thread_blocked, id=21884, stack(0x000000bec3b00000,0x000000bec3c00000)]
  0x0000023e5c3a15b0 JavaThread "Finalizer" daemon [_thread_blocked, id=5768, stack(0x000000bec3c00000,0x000000bec3d00000)]
  0x0000023e5c3d0a20 JavaThread "Signal Dispatcher" daemon [_thread_blocked, id=13112, stack(0x000000bec3d00000,0x000000bec3e00000)]
  0x0000023e5c3d1b90 JavaThread "Attach Listener" daemon [_thread_blocked, id=10656, stack(0x000000bec3e00000,0x000000bec3f00000)]
  0x0000023e5c3d4560 JavaThread "Service Thread" daemon [_thread_blocked, id=10668, stack(0x000000bec3f00000,0x000000bec4000000)]
  0x0000023e5c3d4f20 JavaThread "Monitor Deflation Thread" daemon [_thread_blocked, id=9804, stack(0x000000bec4000000,0x000000bec4100000)]
=>0x0000023e5c3d5c10 JavaThread "C2 CompilerThread0" daemon [_thread_in_native, id=10672, stack(0x000000bec4100000,0x000000bec4200000)]
  0x0000023e5c411340 JavaThread "C1 CompilerThread0" daemon [_thread_blocked, id=9948, stack(0x000000bec4200000,0x000000bec4300000)]
  0x0000023e5c44cf20 JavaThread "Sweeper thread" daemon [_thread_blocked, id=10064, stack(0x000000bec4300000,0x000000bec4400000)]
  0x0000023e5c569ce0 JavaThread "Notification Thread" daemon [_thread_blocked, id=18184, stack(0x000000bec4400000,0x000000bec4500000)]
  0x0000023e5c570e40 JavaThread "Common-Cleaner" daemon [_thread_blocked, id=6628, stack(0x000000bec4600000,0x000000bec4700000)]
  0x0000023e61546ec0 JavaThread "Java2D Disposer" daemon [_thread_blocked, id=15904, stack(0x000000bec4f00000,0x000000bec5000000)]
  0x0000023e6155a4f0 JavaThread "AWT-Shutdown" [_thread_blocked, id=976, stack(0x000000bec5100000,0x000000bec5200000)]
  0x0000023e6148b860 JavaThread "AWT-Windows" daemon [_thread_in_native, id=14124, stack(0x000000bec5200000,0x000000bec5300000)]
  0x0000023e61557300 JavaThread "AWT-EventQueue-0" [_thread_blocked, id=9744, stack(0x000000bec5000000,0x000000bec5100000)]
  0x0000023e65d43430 JavaThread "DestroyJavaVM" [_thread_blocked, id=8036, stack(0x000000bec3400000,0x000000bec3500000)]
  0x0000023e65d415d0 JavaThread "TimerQueue" daemon [_thread_blocked, id=19576, stack(0x000000bec5500000,0x000000bec5600000)]
  0x0000023e669ce760 JavaThread "IPC Server Thread" daemon [_thread_in_native, id=13800, stack(0x000000bec6300000,0x000000bec6400000)]
  0x0000023e669cec70 JavaThread "Chromium Process Thread" [_thread_in_native, id=13804, stack(0x000000bec6400000,0x000000bec6500000)]
  0x0000023e65d41ae0 JavaThread "Chromium Process Logger" daemon [_thread_in_native, id=18648, stack(0x000000bec6600000,0x000000bec6700000)]
  0x0000023e65d42500 JavaThread "SwingWorker-pool-2-thread-1" daemon [_thread_blocked, id=19424, stack(0x000000bec5900000,0x000000bec5a00000)]
  0x0000023e65d44870 JavaThread "Thread-22" daemon [_thread_blocked, id=17776, stack(0x000000bec5400000,0x000000bec5500000)]
  0x0000023e65d42a10 JavaThread "Thread-35" daemon [_thread_blocked, id=20536, stack(0x000000bec6700000,0x000000bec6800000)]
  0x0000023e65d43940 JavaThread "Thread-85" daemon [_thread_blocked, id=21500, stack(0x000000bec6800000,0x000000bec6900000)]
  0x0000023e63d08e30 JavaThread "Thread-88" daemon [_thread_blocked, id=20508, stack(0x000000bec6900000,0x000000bec6a00000)]
  0x0000023e63d08920 JavaThread "Thread-90" daemon [_thread_blocked, id=6264, stack(0x000000bec6a00000,0x000000bec6b00000)]
  0x0000023e63d0c0d0 JavaThread "Thread-93" daemon [_thread_blocked, id=6500, stack(0x000000bec6b00000,0x000000bec6c00000)]
  0x0000023e63d0c5e0 JavaThread "Thread-97" daemon [_thread_blocked, id=5740, stack(0x000000bec6d00000,0x000000bec6e00000)]
  0x0000023e63d08410 JavaThread "Thread-104" daemon [_thread_blocked, id=8480, stack(0x000000bec5f00000,0x000000bec6000000)]
  0x0000023e63d079f0 JavaThread "Thread-106" daemon [_thread_blocked, id=18320, stack(0x000000bec5700000,0x000000bec5800000)]
  0x0000023e63d09850 JavaThread "IPC Memory Reader Thread" [_thread_in_native, id=18288, stack(0x000000bec6f00000,0x000000bec7000000)]
  0x0000023e63d07f00 JavaThread "Browser Thread: fc31809b-add6-4042-98c4-3bfedf5c9a64" daemon [_thread_blocked, id=22736, stack(0x000000bec7000000,0x000000bec7100000)]
  0x0000023e63d0bbc0 JavaThread "Socket Connection Checker: fc31809b-add6-4042-98c4-3bfedf5c9a64" [_thread_in_native, id=15344, stack(0x000000bec7100000,0x000000bec7200000)]
  0x0000023e63d09340 JavaThread "Thread-113" daemon [_thread_blocked, id=16600, stack(0x000000bec7200000,0x000000bec7300000)]
  0x0000023e63d09d60 JavaThread "Thread-117" daemon [_thread_blocked, id=22372, stack(0x000000bec5c00000,0x000000bec5d00000)]
  0x0000023e63d06fd0 JavaThread "Thread-123" daemon [_thread_blocked, id=15264, stack(0x000000bec5e00000,0x000000bec5f00000)]
  0x0000023e63d0caf0 JavaThread "Thread-135" daemon [_thread_blocked, id=22772, stack(0x000000bec7300000,0x000000bec7400000)]
  0x0000023e63d0a270 JavaThread "Thread-142" daemon [_thread_blocked, id=22324, stack(0x000000bec6c00000,0x000000bec6d00000)]
  0x0000023e63d0df30 JavaThread "Thread-146" daemon [_thread_blocked, id=1628, stack(0x000000bec7400000,0x000000bec7500000)]
  0x0000023e63d0a780 JavaThread "Render Thread: 21f28a20-892b-41d3-a13d-89be2c8331d8" daemon [_thread_blocked, id=4416, stack(0x000000bec7700000,0x000000bec7800000)]
  0x0000023e63d0e440 JavaThread "IPC Memory Reader Thread" [_thread_in_native, id=22764, stack(0x000000bec7600000,0x000000bec7700000)]
  0x0000023e63d074e0 JavaThread "Socket Connection Checker: 21f28a20-892b-41d3-a13d-89be2c8331d8" [_thread_in_native, id=1840, stack(0x000000bec7800000,0x000000bec7900000)]
  0x0000023e63d0e950 JavaThread "Thread-152" daemon [_thread_blocked, id=23056, stack(0x000000bec7900000,0x000000bec7a00000)]
  0x0000023e63d0ac90 JavaThread "Thread-162" daemon [_thread_blocked, id=696, stack(0x000000bec7e00000,0x000000bec7f00000)]
  0x0000023e63d0d510 JavaThread "Thread-164" daemon [_thread_blocked, id=4692, stack(0x000000bec7f00000,0x000000bec8000000)]
  0x0000023e669cd320 JavaThread "Thread-166" daemon [_thread_blocked, id=15784, stack(0x000000bec8100000,0x000000bec8200000)]
  0x0000023e669cdd40 JavaThread "Thread-170" daemon [_thread_blocked, id=18308, stack(0x000000bec8200000,0x000000bec8300000)]
  0x0000023e671028e0 JavaThread "Thread-174" daemon [_thread_blocked, id=22804, stack(0x000000bec8600000,0x000000bec8700000)]
  0x0000023e67105670 JavaThread "Thread-176" daemon [_thread_blocked, id=15056, stack(0x000000bec8700000,0x000000bec8800000)]
  0x0000023e67104230 JavaThread "Thread-186" daemon [_thread_blocked, id=4120, stack(0x000000bec8800000,0x000000bec8900000)]
  0x0000023e67100060 JavaThread "Thread-189" daemon [_thread_blocked, id=1112, stack(0x000000bec8900000,0x000000bec8a00000)]
  0x0000023e67100f90 JavaThread "Thread-202" daemon [_thread_blocked, id=16652, stack(0x000000bec8b00000,0x000000bec8c00000)]
  0x0000023e67102df0 JavaThread "Thread-213" daemon [_thread_blocked, id=23560, stack(0x000000bec5800000,0x000000bec5900000)]
  0x0000023e671014a0 JavaThread "Thread-217" daemon [_thread_blocked, id=23580, stack(0x000000bec5d00000,0x000000bec5e00000)]
  0x0000023e67104740 JavaThread "Thread-236" daemon [_thread_blocked, id=23656, stack(0x000000bec8a00000,0x000000bec8b00000)]
  0x0000023e67100570 JavaThread "Thread-240" daemon [_thread_blocked, id=23672, stack(0x000000bec8c00000,0x000000bec8d00000)]
  0x0000023e67104c50 JavaThread "Thread-244" daemon [_thread_blocked, id=23688, stack(0x000000bec8d00000,0x000000bec8e00000)]
  0x0000023e67101ec0 JavaThread "Thread-250" daemon [_thread_blocked, id=23712, stack(0x000000bec8e00000,0x000000bec8f00000)]
  0x0000023e671019b0 JavaThread "Thread-254" daemon [_thread_blocked, id=23728, stack(0x000000bec8f00000,0x000000bec9000000)]
  0x0000023e67103300 JavaThread "Thread-389" daemon [_thread_blocked, id=11636, stack(0x000000bec9100000,0x000000bec9200000)]
  0x0000023e67106090 JavaThread "Render Thread: 25c19fcf-4213-4803-98ab-e863da57bbf0" daemon [_thread_blocked, id=18148, stack(0x000000bec9400000,0x000000bec9500000)]
  0x0000023e671023d0 JavaThread "IPC Memory Reader Thread" [_thread_in_native, id=24340, stack(0x000000bec9300000,0x000000bec9400000)]
  0x0000023e671065a0 JavaThread "Socket Connection Checker: 25c19fcf-4213-4803-98ab-e863da57bbf0" [_thread_in_native, id=6188, stack(0x000000bec9500000,0x000000bec9600000)]
  0x0000023e67105160 JavaThread "Thread-417" daemon [_thread_blocked, id=14040, stack(0x000000bec9000000,0x000000bec9100000)]
  0x0000023e67103810 JavaThread "Thread-422" daemon [_thread_blocked, id=24496, stack(0x000000bec9600000,0x000000bec9700000)]
  0x0000023e67106fc0 JavaThread "Thread-480" daemon [_thread_blocked, id=2608, stack(0x000000bec9800000,0x000000bec9900000)]
  0x0000023e67106ab0 JavaThread "Thread-554" daemon [_thread_blocked, id=9064, stack(0x000000bec9700000,0x000000bec9800000)]
  0x0000023e671074d0 JavaThread "Thread-586" daemon [_thread_blocked, id=3252, stack(0x000000bec9b00000,0x000000bec9c00000)]
  0x0000023e671079e0 JavaThread "Thread-588" daemon [_thread_blocked, id=22080, stack(0x000000bec9a00000,0x000000bec9b00000)]
  0x0000023e67100a80 JavaThread "Thread-600" daemon [_thread_blocked, id=21584, stack(0x000000bec8000000,0x000000bec8100000)]
  0x0000023e67103d20 JavaThread "Thread-736" daemon [_thread_blocked, id=22052, stack(0x000000bec8300000,0x000000bec8400000)]
  0x0000023e67105b80 JavaThread "Thread-1210" daemon [_thread_blocked, id=17352, stack(0x000000bec8400000,0x000000bec8500000)]
  0x0000023e669cb9d0 JavaThread "Thread-1342" daemon [_thread_blocked, id=23652, stack(0x000000bec8500000,0x000000bec8600000)]
  0x0000023e67ff00c0 JavaThread "SwingWorker-pool-2-thread-2" daemon [_thread_blocked, id=12008, stack(0x000000bec9c00000,0x000000bec9d00000)]
  0x0000023e6e8bd070 JavaThread "Browser Widget Thread" [_thread_blocked, id=22912, stack(0x000000bec9e00000,0x000000bec9f00000)]
  0x0000023e62af9090 JavaThread "RMI TCP Accept-59625" daemon [_thread_in_native, id=7328, stack(0x000000bec3200000,0x000000bec3300000)]
  0x0000023e6845ebf0 JavaThread "RMI TCP Accept-0" daemon [_thread_in_native, id=26476, stack(0x000000bec9f00000,0x000000beca000000)]
  0x0000023e68461e90 JavaThread "RMI Reaper" [_thread_blocked, id=25732, stack(0x000000beca000000,0x000000beca100000)]
  0x0000023e68461980 JavaThread "RMI GC Daemon" daemon [_thread_blocked, id=5244, stack(0x000000beca100000,0x000000beca200000)]
  0x0000023e667b3420 JavaThread "RMI Scheduler(0)" daemon [_thread_blocked, id=10676, stack(0x000000beca200000,0x000000beca300000)]

Other Threads:
  0x0000023e5c37f130 VMThread "VM Thread" [stack: 0x000000bec3a00000,0x000000bec3b00000] [id=6404]
  0x0000023e5c56a9d0 WatcherThread [stack: 0x000000bec4500000,0x000000bec4600000] [id=17564]
  0x0000023e36e48030 GCTaskThread "GC Thread#0" [stack: 0x000000bec3500000,0x000000bec3600000] [id=16572]
  0x0000023e6161d1b0 GCTaskThread "GC Thread#1" [stack: 0x000000bec4800000,0x000000bec4900000] [id=7964]
  0x0000023e612fc220 GCTaskThread "GC Thread#2" [stack: 0x000000bec4900000,0x000000bec4a00000] [id=13856]
  0x0000023e612fc4e0 GCTaskThread "GC Thread#3" [stack: 0x000000bec4a00000,0x000000bec4b00000] [id=16084]
  0x0000023e612fc7a0 GCTaskThread "GC Thread#4" [stack: 0x000000bec4b00000,0x000000bec4c00000] [id=14568]
  0x0000023e612fca60 GCTaskThread "GC Thread#5" [stack: 0x000000bec4c00000,0x000000bec4d00000] [id=12404]
  0x0000023e6142ea00 GCTaskThread "GC Thread#6" [stack: 0x000000bec4d00000,0x000000bec4e00000] [id=15272]
  0x0000023e6142ecc0 GCTaskThread "GC Thread#7" [stack: 0x000000bec4e00000,0x000000bec4f00000] [id=15908]
  0x0000023e36e58b10 ConcurrentGCThread "G1 Main Marker" [stack: 0x000000bec3600000,0x000000bec3700000] [id=7660]
  0x0000023e36e59530 ConcurrentGCThread "G1 Conc#0" [stack: 0x000000bec3700000,0x000000bec3800000] [id=11248]
  0x0000023e61529720 ConcurrentGCThread "G1 Conc#1" [stack: 0x000000bec5300000,0x000000bec5400000] [id=10808]
  0x0000023e36e8e640 ConcurrentGCThread "G1 Refine#0" [stack: 0x000000bec3800000,0x000000bec3900000] [id=9032]
  0x0000023e66612c00 ConcurrentGCThread "G1 Refine#1" [stack: 0x000000bec5600000,0x000000bec5700000] [id=11376]
  0x0000023e63b38150 ConcurrentGCThread "G1 Refine#2" [stack: 0x000000bec6500000,0x000000bec6600000] [id=18584]
  0x0000023e63b369d0 ConcurrentGCThread "G1 Refine#3" [stack: 0x000000bec9d00000,0x000000bec9e00000] [id=17052]
  0x0000023e63b37e60 ConcurrentGCThread "G1 Refine#4" [stack: 0x000000bec4700000,0x000000bec4800000] [id=26180]
  0x0000023e63b38730 ConcurrentGCThread "G1 Refine#5" [stack: 0x000000bec6100000,0x000000bec6200000] [id=24680]
  0x0000023e63b38a20 ConcurrentGCThread "G1 Refine#6" [stack: 0x000000bec6200000,0x000000bec6300000] [id=24232]
  0x0000023e63b38d10 ConcurrentGCThread "G1 Refine#7" [stack: 0x000000bec9900000,0x000000bec9a00000] [id=24040]
  0x0000023e5c1d2a70 ConcurrentGCThread "G1 Service" [stack: 0x000000bec3900000,0x000000bec3a00000] [id=17432]

Threads with active compile tasks:
C2 CompilerThread0  15906479 19940       4       sun.java2d.marlin.MarlinTileGenerator::getAlphaRLE (1749 bytes)

VM state: not at safepoint (normal execution)

VM Mutex/Monitor currently owned by a thread: None

Heap address: 0x0000000704600000, size: 4026 MB, Compressed Oops mode: Zero based, Oop shift amount: 3

CDS archive(s) not mapped
Compressed class space mapped at: 0x0000000800000000-0x0000000840000000, reserved size: 1073741824
Narrow klass base: 0x0000000800000000, Narrow klass shift: 0, Narrow klass range: 0x40000000

GC Precious Log:
 CPUs: 8 total, 8 available
 Memory: 16103M
 Large Page Support: Disabled
 NUMA Support: Disabled
 Compressed Oops: Enabled (Zero based)
 Heap Region Size: 2M
 Heap Min Capacity: 8M
 Heap Initial Capacity: 252M
 Heap Max Capacity: 4026M
 Pre-touch: Disabled
 Parallel Workers: 8
 Concurrent Workers: 2
 Concurrent Refinement Workers: 8
 Periodic GC: Disabled

Heap:
 garbage-first heap   total 667648K, used 531294K [0x0000000704600000, 0x0000000800000000)
  region size 2048K, 102 young (208896K), 2 survivors (4096K)
 Metaspace       used 111139K, committed 112832K, reserved 1179648K
  class space    used 12272K, committed 13120K, reserved 1048576K

Heap Regions: E=young(eden), S=young(survivor), O=old, HS=humongous(starts), HC=humongous(continues), CS=collection set, F=free, OA=open archive, CA=closed archive, TAMS=top-at-mark-start (previous, next)
|   0|0x0000000704600000, 0x0000000704800000, 0x0000000704800000|100%|HS|  |TAMS 0x0000000704800000, 0x0000000704600000| Untracked 
|   1|0x0000000704800000, 0x0000000704a00000, 0x0000000704a00000|100%|HC|  |TAMS 0x0000000704a00000, 0x0000000704800000| Untracked 
|   2|0x0000000704a00000, 0x0000000704c00000, 0x0000000704c00000|100%|HC|  |TAMS 0x0000000704c00000, 0x0000000704a00000| Untracked 
|   3|0x0000000704c00000, 0x0000000704dffff0, 0x0000000704e00000| 99%| O|  |TAMS 0x0000000704c00000, 0x0000000704c00000| Untracked 
|   4|0x0000000704e00000, 0x0000000704ffff78, 0x0000000705000000| 99%| O|  |TAMS 0x0000000704e00000, 0x0000000704e00000| Untracked 
|   5|0x0000000705000000, 0x00000007051ff3c0, 0x0000000705200000| 99%| O|  |TAMS 0x0000000705000000, 0x0000000705000000| Untracked 
|   6|0x0000000705200000, 0x00000007053ff770, 0x0000000705400000| 99%| O|  |TAMS 0x0000000705200000, 0x0000000705200000| Untracked 
|   7|0x0000000705400000, 0x0000000705600000, 0x0000000705600000|100%|HS|  |TAMS 0x0000000705600000, 0x0000000705400000| Untracked 
|   8|0x0000000705600000, 0x0000000705800000, 0x0000000705800000|100%|HC|  |TAMS 0x0000000705800000, 0x0000000705600000| Untracked 
|   9|0x0000000705800000, 0x0000000705a00000, 0x0000000705a00000|100%|HC|  |TAMS 0x0000000705a00000, 0x0000000705800000| Untracked 
|  10|0x0000000705a00000, 0x0000000705bfffc0, 0x0000000705c00000| 99%| O|  |TAMS 0x0000000705a00000, 0x0000000705a00000| Untracked 
|  11|0x0000000705c00000, 0x0000000705dff8c8, 0x0000000705e00000| 99%| O|  |TAMS 0x0000000705c00000, 0x0000000705c00000| Untracked 
|  12|0x0000000705e00000, 0x0000000705ffff70, 0x0000000706000000| 99%| O|  |TAMS 0x0000000705e00000, 0x0000000705e00000| Untracked 
|  13|0x0000000706000000, 0x00000007061ef780, 0x0000000706200000| 96%| O|  |TAMS 0x0000000706000000, 0x0000000706000000| Untracked 
|  14|0x0000000706200000, 0x00000007063ffff8, 0x0000000706400000| 99%| O|  |TAMS 0x0000000706200000, 0x0000000706200000| Untracked 
|  15|0x0000000706400000, 0x0000000706600000, 0x0000000706600000|100%| O|  |TAMS 0x0000000706400000, 0x0000000706400000| Untracked 
|  16|0x0000000706600000, 0x00000007067ffee0, 0x0000000706800000| 99%| O|  |TAMS 0x0000000706600000, 0x0000000706600000| Untracked 
|  17|0x0000000706800000, 0x00000007069ffff0, 0x0000000706a00000| 99%| O|  |TAMS 0x0000000706800000, 0x0000000706800000| Untracked 
|  18|0x0000000706a00000, 0x0000000706c00000, 0x0000000706c00000|100%|HS|  |TAMS 0x0000000706c00000, 0x0000000706a00000| Untracked 
|  19|0x0000000706c00000, 0x0000000706dffff0, 0x0000000706e00000| 99%| O|  |TAMS 0x0000000706c00000, 0x0000000706c00000| Untracked 
|  20|0x0000000706e00000, 0x0000000707000000, 0x0000000707000000|100%| O|  |TAMS 0x0000000707000000, 0x0000000706e00000| Untracked 
|  21|0x0000000707000000, 0x0000000707200000, 0x0000000707200000|100%| O|  |TAMS 0x0000000707000000, 0x0000000707000000| Untracked 
|  22|0x0000000707200000, 0x00000007073ffff8, 0x0000000707400000| 99%| O|  |TAMS 0x0000000707200000, 0x0000000707200000| Untracked 
|  23|0x0000000707400000, 0x0000000707600000, 0x0000000707600000|100%|HS|  |TAMS 0x0000000707600000, 0x0000000707400000| Untracked 
|  24|0x0000000707600000, 0x0000000707800000, 0x0000000707800000|100%|HS|  |TAMS 0x0000000707800000, 0x0000000707600000| Untracked 
|  25|0x0000000707800000, 0x0000000707a00000, 0x0000000707a00000|100%|HC|  |TAMS 0x0000000707a00000, 0x0000000707800000| Untracked 
|  26|0x0000000707a00000, 0x0000000707c00000, 0x0000000707c00000|100%|HS|  |TAMS 0x0000000707c00000, 0x0000000707a00000| Untracked 
|  27|0x0000000707c00000, 0x0000000707e00000, 0x0000000707e00000|100%|HC|  |TAMS 0x0000000707e00000, 0x0000000707c00000| Untracked 
|  28|0x0000000707e00000, 0x0000000708000000, 0x0000000708000000|100%|HS|  |TAMS 0x0000000708000000, 0x0000000707e00000| Untracked 
|  29|0x0000000708000000, 0x0000000708200000, 0x0000000708200000|100%|HC|  |TAMS 0x0000000708200000, 0x0000000708000000| Untracked 
|  30|0x0000000708200000, 0x0000000708400000, 0x0000000708400000|100%|HS|  |TAMS 0x0000000708400000, 0x0000000708200000| Untracked 
|  31|0x0000000708400000, 0x0000000708600000, 0x0000000708600000|100%|HC|  |TAMS 0x0000000708600000, 0x0000000708400000| Untracked 
|  32|0x0000000708600000, 0x0000000708800000, 0x0000000708800000|100%|HS|  |TAMS 0x0000000708800000, 0x0000000708600000| Untracked 
|  33|0x0000000708800000, 0x0000000708a00000, 0x0000000708a00000|100%|HC|  |TAMS 0x0000000708a00000, 0x0000000708800000| Untracked 
|  34|0x0000000708a00000, 0x0000000708c00000, 0x0000000708c00000|100%|HS|  |TAMS 0x0000000708c00000, 0x0000000708a00000| Untracked 
|  35|0x0000000708c00000, 0x0000000708e00000, 0x0000000708e00000|100%|HC|  |TAMS 0x0000000708e00000, 0x0000000708c00000| Untracked 
|  36|0x0000000708e00000, 0x0000000709000000, 0x0000000709000000|100%|HS|  |TAMS 0x0000000709000000, 0x0000000708e00000| Untracked 
|  37|0x0000000709000000, 0x0000000709200000, 0x0000000709200000|100%|HC|  |TAMS 0x0000000709200000, 0x0000000709000000| Untracked 
|  38|0x0000000709200000, 0x0000000709400000, 0x0000000709400000|100%|HS|  |TAMS 0x0000000709400000, 0x0000000709200000| Untracked 
|  39|0x0000000709400000, 0x0000000709600000, 0x0000000709600000|100%|HC|  |TAMS 0x0000000709600000, 0x0000000709400000| Untracked 
|  40|0x0000000709600000, 0x0000000709800000, 0x0000000709800000|100%|HS|  |TAMS 0x0000000709800000, 0x0000000709600000| Untracked 
|  41|0x0000000709800000, 0x0000000709a00000, 0x0000000709a00000|100%|HC|  |TAMS 0x0000000709a00000, 0x0000000709800000| Untracked 
|  42|0x0000000709a00000, 0x0000000709c00000, 0x0000000709c00000|100%|HS|  |TAMS 0x0000000709c00000, 0x0000000709a00000| Untracked 
|  43|0x0000000709c00000, 0x0000000709e00000, 0x0000000709e00000|100%|HC|  |TAMS 0x0000000709e00000, 0x0000000709c00000| Untracked 
|  44|0x0000000709e00000, 0x000000070a000000, 0x000000070a000000|100%| O|  |TAMS 0x000000070a000000, 0x0000000709e00000| Untracked 
|  45|0x000000070a000000, 0x000000070a200000, 0x000000070a200000|100%| O|  |TAMS 0x000000070a200000, 0x000000070a000000| Untracked 
|  46|0x000000070a200000, 0x000000070a3ffff0, 0x000000070a400000| 99%| O|  |TAMS 0x000000070a200000, 0x000000070a200000| Untracked 
|  47|0x000000070a400000, 0x000000070a600000, 0x000000070a600000|100%| O|  |TAMS 0x000000070a600000, 0x000000070a400000| Untracked 
|  48|0x000000070a600000, 0x000000070a7ffff8, 0x000000070a800000| 99%| O|  |TAMS 0x000000070a600000, 0x000000070a600000| Untracked 
|  49|0x000000070a800000, 0x000000070a9ffff0, 0x000000070aa00000| 99%| O|  |TAMS 0x000000070a800000, 0x000000070a800000| Untracked 
|  50|0x000000070aa00000, 0x000000070ac00000, 0x000000070ac00000|100%| O|  |TAMS 0x000000070aa00000, 0x000000070aa00000| Untracked 
|  51|0x000000070ac00000, 0x000000070adffff8, 0x000000070ae00000| 99%| O|  |TAMS 0x000000070ac00000, 0x000000070ac00000| Untracked 
|  52|0x000000070ae00000, 0x000000070afffff0, 0x000000070b000000| 99%| O|  |TAMS 0x000000070ae00000, 0x000000070ae00000| Untracked 
|  53|0x000000070b000000, 0x000000070b1baad0, 0x000000070b200000| 86%| O|  |TAMS 0x000000070b000000, 0x000000070b000000| Untracked 
|  54|0x000000070b200000, 0x000000070b400000, 0x000000070b400000|100%| O|  |TAMS 0x000000070b400000, 0x000000070b200000| Untracked 
|  55|0x000000070b400000, 0x000000070b600000, 0x000000070b600000|100%| O|  |TAMS 0x000000070b400000, 0x000000070b400000| Untracked 
|  56|0x000000070b600000, 0x000000070b7fffd0, 0x000000070b800000| 99%| O|  |TAMS 0x000000070b600000, 0x000000070b600000| Untracked 
|  57|0x000000070b800000, 0x000000070b9fffe0, 0x000000070ba00000| 99%| O|  |TAMS 0x000000070b800000, 0x000000070b800000| Untracked 
|  58|0x000000070ba00000, 0x000000070bc00000, 0x000000070bc00000|100%| O|  |TAMS 0x000000070ba00000, 0x000000070ba00000| Untracked 
|  59|0x000000070bc00000, 0x000000070bdffff0, 0x000000070be00000| 99%| O|  |TAMS 0x000000070bc00000, 0x000000070bc00000| Untracked 
|  60|0x000000070be00000, 0x000000070c000000, 0x000000070c000000|100%| O|  |TAMS 0x000000070be00000, 0x000000070be00000| Untracked 
|  61|0x000000070c000000, 0x000000070c200000, 0x000000070c200000|100%| O|  |TAMS 0x000000070c000000, 0x000000070c000000| Untracked 
|  62|0x000000070c200000, 0x000000070c200000, 0x000000070c400000|  0%| F|  |TAMS 0x000000070c200000, 0x000000070c200000| Untracked 
|  63|0x000000070c400000, 0x000000070c5fffe0, 0x000000070c600000| 99%| O|  |TAMS 0x000000070c400000, 0x000000070c400000| Untracked 
|  64|0x000000070c600000, 0x000000070c7ff318, 0x000000070c800000| 99%| O|  |TAMS 0x000000070c600000, 0x000000070c600000| Untracked 
|  65|0x000000070c800000, 0x000000070ca00000, 0x000000070ca00000|100%| O|  |TAMS 0x000000070ca00000, 0x000000070c800000| Untracked 
|  66|0x000000070ca00000, 0x000000070cbfe078, 0x000000070cc00000| 99%| O|  |TAMS 0x000000070ca00000, 0x000000070ca00000| Untracked 
|  67|0x000000070cc00000, 0x000000070cdfffe0, 0x000000070ce00000| 99%| O|  |TAMS 0x000000070cc00000, 0x000000070cc00000| Untracked 
|  68|0x000000070ce00000, 0x000000070cfce550, 0x000000070d000000| 90%| O|  |TAMS 0x000000070ce00000, 0x000000070ce00000| Untracked 
|  69|0x000000070d000000, 0x000000070d1fffb8, 0x000000070d200000| 99%| O|  |TAMS 0x000000070d000000, 0x000000070d000000| Untracked 
|  70|0x000000070d200000, 0x000000070d3ffdd8, 0x000000070d400000| 99%| O|  |TAMS 0x000000070d200000, 0x000000070d200000| Untracked 
|  71|0x000000070d400000, 0x000000070d600000, 0x000000070d600000|100%| O|  |TAMS 0x000000070d600000, 0x000000070d400000| Untracked 
|  72|0x000000070d600000, 0x000000070d800000, 0x000000070d800000|100%| O|  |TAMS 0x000000070d800000, 0x000000070d600000| Untracked 
|  73|0x000000070d800000, 0x000000070da00000, 0x000000070da00000|100%| O|  |TAMS 0x000000070da00000, 0x000000070d800000| Untracked 
|  74|0x000000070da00000, 0x000000070dc00000, 0x000000070dc00000|100%| O|  |TAMS 0x000000070dc00000, 0x000000070da00000| Untracked 
|  75|0x000000070dc00000, 0x000000070de00000, 0x000000070de00000|100%| O|  |TAMS 0x000000070de00000, 0x000000070dc00000| Untracked 
|  76|0x000000070de00000, 0x000000070e000000, 0x000000070e000000|100%| O|  |TAMS 0x000000070e000000, 0x000000070de00000| Untracked 
|  77|0x000000070e000000, 0x000000070e200000, 0x000000070e200000|100%| O|  |TAMS 0x000000070e200000, 0x000000070e000000| Untracked 
|  78|0x000000070e200000, 0x000000070e400000, 0x000000070e400000|100%| O|  |TAMS 0x000000070e400000, 0x000000070e200000| Untracked 
|  79|0x000000070e400000, 0x000000070e600000, 0x000000070e600000|100%| O|  |TAMS 0x000000070e600000, 0x000000070e400000| Untracked 
|  80|0x000000070e600000, 0x000000070e800000, 0x000000070e800000|100%| O|  |TAMS 0x000000070e800000, 0x000000070e600000| Untracked 
|  81|0x000000070e800000, 0x000000070ea00000, 0x000000070ea00000|100%| O|  |TAMS 0x000000070ea00000, 0x000000070e800000| Untracked 
|  82|0x000000070ea00000, 0x000000070ec00000, 0x000000070ec00000|100%| O|  |TAMS 0x000000070ec00000, 0x000000070ea00000| Untracked 
|  83|0x000000070ec00000, 0x000000070ee00000, 0x000000070ee00000|100%| O|  |TAMS 0x000000070ee00000, 0x000000070ec00000| Untracked 
|  84|0x000000070ee00000, 0x000000070f000000, 0x000000070f000000|100%| O|  |TAMS 0x000000070f000000, 0x000000070ee00000| Untracked 
|  85|0x000000070f000000, 0x000000070f200000, 0x000000070f200000|100%| O|  |TAMS 0x000000070f200000, 0x000000070f000000| Untracked 
|  86|0x000000070f200000, 0x000000070f400000, 0x000000070f400000|100%| O|  |TAMS 0x000000070f400000, 0x000000070f200000| Untracked 
|  87|0x000000070f400000, 0x000000070f600000, 0x000000070f600000|100%| O|  |TAMS 0x000000070f600000, 0x000000070f400000| Untracked 
|  88|0x000000070f600000, 0x000000070f7ffff8, 0x000000070f800000| 99%| O|  |TAMS 0x000000070f7ffff8, 0x000000070f600000| Untracked 
|  89|0x000000070f800000, 0x000000070fa00000, 0x000000070fa00000|100%| O|  |TAMS 0x000000070fa00000, 0x000000070f800000| Untracked 
|  90|0x000000070fa00000, 0x000000070fc00000, 0x000000070fc00000|100%| O|  |TAMS 0x000000070fc00000, 0x000000070fa00000| Untracked 
|  91|0x000000070fc00000, 0x000000070fd63808, 0x000000070fe00000| 69%| O|  |TAMS 0x000000070fc00000, 0x000000070fc00000| Untracked 
|  92|0x000000070fe00000, 0x0000000710000000, 0x0000000710000000|100%|HS|  |TAMS 0x0000000710000000, 0x000000070fe00000| Untracked 
|  93|0x0000000710000000, 0x0000000710200000, 0x0000000710200000|100%|HC|  |TAMS 0x0000000710200000, 0x0000000710000000| Untracked 
|  94|0x0000000710200000, 0x0000000710400000, 0x0000000710400000|100%|HC|  |TAMS 0x0000000710400000, 0x0000000710200000| Untracked 
|  95|0x0000000710400000, 0x0000000710600000, 0x0000000710600000|100%|HC|  |TAMS 0x0000000710600000, 0x0000000710400000| Untracked 
|  96|0x0000000710600000, 0x0000000710800000, 0x0000000710800000|100%|HC|  |TAMS 0x0000000710800000, 0x0000000710600000| Untracked 
|  97|0x0000000710800000, 0x0000000710a00000, 0x0000000710a00000|100%|HC|  |TAMS 0x0000000710a00000, 0x0000000710800000| Untracked 
|  98|0x0000000710a00000, 0x0000000710c00000, 0x0000000710c00000|100%|HC|  |TAMS 0x0000000710c00000, 0x0000000710a00000| Untracked 
|  99|0x0000000710c00000, 0x0000000710e00000, 0x0000000710e00000|100%|HC|  |TAMS 0x0000000710e00000, 0x0000000710c00000| Untracked 
| 100|0x0000000710e00000, 0x0000000711000000, 0x0000000711000000|100%|HC|  |TAMS 0x0000000711000000, 0x0000000710e00000| Untracked 
| 101|0x0000000711000000, 0x0000000711200000, 0x0000000711200000|100%|HC|  |TAMS 0x0000000711200000, 0x0000000711000000| Untracked 
| 102|0x0000000711200000, 0x0000000711400000, 0x0000000711400000|100%| O|  |TAMS 0x0000000711400000, 0x0000000711200000| Untracked 
| 103|0x0000000711400000, 0x0000000711600000, 0x0000000711600000|100%| O|  |TAMS 0x0000000711600000, 0x0000000711400000| Untracked 
| 104|0x0000000711600000, 0x0000000711800000, 0x0000000711800000|100%| O|  |TAMS 0x0000000711800000, 0x0000000711600000| Untracked 
| 105|0x0000000711800000, 0x0000000711a00000, 0x0000000711a00000|100%| O|  |TAMS 0x0000000711a00000, 0x0000000711800000| Untracked 
| 106|0x0000000711a00000, 0x0000000711c00000, 0x0000000711c00000|100%| O|  |TAMS 0x0000000711c00000, 0x0000000711a00000| Untracked 
| 107|0x0000000711c00000, 0x0000000711e00000, 0x0000000711e00000|100%| O|  |TAMS 0x0000000711e00000, 0x0000000711c00000| Untracked 
| 108|0x0000000711e00000, 0x0000000711e00000, 0x0000000712000000|  0%| F|  |TAMS 0x0000000711e00000, 0x0000000711e00000| Untracked 
| 109|0x0000000712000000, 0x000000071218ac50, 0x0000000712200000| 77%| O|  |TAMS 0x0000000712000000, 0x0000000712000000| Untracked 
| 110|0x0000000712200000, 0x0000000712400000, 0x0000000712400000|100%| O|  |TAMS 0x0000000712400000, 0x0000000712200000| Untracked 
| 111|0x0000000712400000, 0x0000000712600000, 0x0000000712600000|100%| O|  |TAMS 0x0000000712600000, 0x0000000712400000| Untracked 
| 112|0x0000000712600000, 0x0000000712800000, 0x0000000712800000|100%| O|  |TAMS 0x0000000712800000, 0x0000000712600000| Untracked 
| 113|0x0000000712800000, 0x0000000712a00000, 0x0000000712a00000|100%| O|  |TAMS 0x0000000712a00000, 0x0000000712800000| Untracked 
| 114|0x0000000712a00000, 0x0000000712c00000, 0x0000000712c00000|100%| O|  |TAMS 0x0000000712c00000, 0x0000000712a00000| Untracked 
| 115|0x0000000712c00000, 0x0000000712e00000, 0x0000000712e00000|100%| O|  |TAMS 0x0000000712e00000, 0x0000000712c00000| Untracked 
| 116|0x0000000712e00000, 0x0000000713000000, 0x0000000713000000|100%| O|  |TAMS 0x0000000713000000, 0x0000000712e00000| Untracked 
| 117|0x0000000713000000, 0x00000007131ffff0, 0x0000000713200000| 99%| O|  |TAMS 0x0000000713000000, 0x0000000713000000| Untracked 
| 118|0x0000000713200000, 0x0000000713400000, 0x0000000713400000|100%|HS|  |TAMS 0x0000000713400000, 0x0000000713200000| Untracked 
| 119|0x0000000713400000, 0x0000000713600000, 0x0000000713600000|100%|HC|  |TAMS 0x0000000713600000, 0x0000000713400000| Untracked 
| 120|0x0000000713600000, 0x0000000713800000, 0x0000000713800000|100%|HC|  |TAMS 0x0000000713800000, 0x0000000713600000| Untracked 
| 121|0x0000000713800000, 0x00000007139ad278, 0x0000000713a00000| 83%| O|  |TAMS 0x0000000713800000, 0x0000000713800000| Untracked 
| 122|0x0000000713a00000, 0x0000000713a5fbe8, 0x0000000713c00000| 18%| O|  |TAMS 0x0000000713a00000, 0x0000000713a00000| Untracked 
| 123|0x0000000713c00000, 0x0000000713e00000, 0x0000000713e00000|100%| O|  |TAMS 0x0000000713e00000, 0x0000000713c00000| Untracked 
| 124|0x0000000713e00000, 0x0000000714000000, 0x0000000714000000|100%| O|  |TAMS 0x0000000714000000, 0x0000000713e00000| Untracked 
| 125|0x0000000714000000, 0x0000000714200000, 0x0000000714200000|100%| O|  |TAMS 0x0000000714200000, 0x0000000714000000| Untracked 
| 126|0x0000000714200000, 0x0000000714400000, 0x0000000714400000|100%| O|  |TAMS 0x0000000714400000, 0x0000000714200000| Untracked 
| 127|0x0000000714400000, 0x0000000714600000, 0x0000000714600000|100%| O|  |TAMS 0x0000000714600000, 0x0000000714400000| Untracked 
| 128|0x0000000714600000, 0x0000000714800000, 0x0000000714800000|100%| O|  |TAMS 0x0000000714800000, 0x0000000714600000| Untracked 
| 129|0x0000000714800000, 0x0000000714a00000, 0x0000000714a00000|100%| O|  |TAMS 0x0000000714a00000, 0x0000000714800000| Untracked 
| 130|0x0000000714a00000, 0x0000000714a00000, 0x0000000714c00000|  0%| F|  |TAMS 0x0000000714a00000, 0x0000000714a00000| Untracked 
| 131|0x0000000714c00000, 0x0000000714d804b8, 0x0000000714e00000| 75%| O|  |TAMS 0x0000000714c00000, 0x0000000714c00000| Untracked 
| 132|0x0000000714e00000, 0x0000000714ec7a98, 0x0000000715000000| 38%| O|  |TAMS 0x0000000714e00000, 0x0000000714e00000| Untracked 
| 133|0x0000000715000000, 0x0000000715000000, 0x0000000715200000|  0%| F|  |TAMS 0x0000000715000000, 0x0000000715000000| Untracked 
| 134|0x0000000715200000, 0x0000000715400000, 0x0000000715400000|100%| O|  |TAMS 0x0000000715400000, 0x0000000715200000| Untracked 
| 135|0x0000000715400000, 0x0000000715400000, 0x0000000715600000|  0%| F|  |TAMS 0x0000000715400000, 0x0000000715400000| Untracked 
| 136|0x0000000715600000, 0x0000000715800000, 0x0000000715800000|100%| O|  |TAMS 0x0000000715800000, 0x0000000715600000| Untracked 
| 137|0x0000000715800000, 0x0000000715a00000, 0x0000000715a00000|100%| O|  |TAMS 0x0000000715a00000, 0x0000000715800000| Untracked 
| 138|0x0000000715a00000, 0x0000000715c00000, 0x0000000715c00000|100%| O|  |TAMS 0x0000000715c00000, 0x0000000715a00000| Untracked 
| 139|0x0000000715c00000, 0x0000000715e00000, 0x0000000715e00000|100%| O|  |TAMS 0x0000000715e00000, 0x0000000715c00000| Untracked 
| 140|0x0000000715e00000, 0x0000000716000000, 0x0000000716000000|100%| O|  |TAMS 0x0000000716000000, 0x0000000715e00000| Untracked 
| 141|0x0000000716000000, 0x0000000716200000, 0x0000000716200000|100%| O|  |TAMS 0x0000000716200000, 0x0000000716000000| Untracked 
| 142|0x0000000716200000, 0x0000000716400000, 0x0000000716400000|100%| O|  |TAMS 0x0000000716400000, 0x0000000716200000| Untracked 
| 143|0x0000000716400000, 0x0000000716600000, 0x0000000716600000|100%| O|  |TAMS 0x0000000716600000, 0x0000000716400000| Untracked 
| 144|0x0000000716600000, 0x0000000716800000, 0x0000000716800000|100%| O|  |TAMS 0x0000000716800000, 0x0000000716600000| Untracked 
| 145|0x0000000716800000, 0x0000000716a00000, 0x0000000716a00000|100%| O|  |TAMS 0x0000000716a00000, 0x0000000716800000| Untracked 
| 146|0x0000000716a00000, 0x0000000716c00000, 0x0000000716c00000|100%| O|  |TAMS 0x0000000716c00000, 0x0000000716a00000| Untracked 
| 147|0x0000000716c00000, 0x0000000716e00000, 0x0000000716e00000|100%| O|  |TAMS 0x0000000716e00000, 0x0000000716c00000| Untracked 
| 148|0x0000000716e00000, 0x0000000716e00000, 0x0000000717000000|  0%| F|  |TAMS 0x0000000716e00000, 0x0000000716e00000| Untracked 
| 149|0x0000000717000000, 0x0000000717000000, 0x0000000717200000|  0%| F|  |TAMS 0x0000000717000000, 0x0000000717000000| Untracked 
| 150|0x0000000717200000, 0x0000000717200000, 0x0000000717400000|  0%| F|  |TAMS 0x0000000717200000, 0x0000000717200000| Untracked 
| 151|0x0000000717400000, 0x0000000717400000, 0x0000000717600000|  0%| F|  |TAMS 0x0000000717400000, 0x0000000717400000| Untracked 
| 152|0x0000000717600000, 0x0000000717600000, 0x0000000717800000|  0%| F|  |TAMS 0x0000000717600000, 0x0000000717600000| Untracked 
| 153|0x0000000717800000, 0x0000000717800000, 0x0000000717a00000|  0%| F|  |TAMS 0x0000000717800000, 0x0000000717800000| Untracked 
| 154|0x0000000717a00000, 0x0000000717a00000, 0x0000000717c00000|  0%| F|  |TAMS 0x0000000717a00000, 0x0000000717a00000| Untracked 
| 155|0x0000000717c00000, 0x0000000717c00000, 0x0000000717e00000|  0%| F|  |TAMS 0x0000000717c00000, 0x0000000717c00000| Untracked 
| 156|0x0000000717e00000, 0x0000000717e00000, 0x0000000718000000|  0%| F|  |TAMS 0x0000000717e00000, 0x0000000717e00000| Untracked 
| 157|0x0000000718000000, 0x0000000718000000, 0x0000000718200000|  0%| F|  |TAMS 0x0000000718000000, 0x0000000718000000| Untracked 
| 158|0x0000000718200000, 0x0000000718200000, 0x0000000718400000|  0%| F|  |TAMS 0x0000000718200000, 0x0000000718200000| Untracked 
| 159|0x0000000718400000, 0x0000000718600000, 0x0000000718600000|100%| O|  |TAMS 0x0000000718600000, 0x0000000718400000| Untracked 
| 160|0x0000000718600000, 0x0000000718800000, 0x0000000718800000|100%| O|  |TAMS 0x0000000718800000, 0x0000000718600000| Untracked 
| 161|0x0000000718800000, 0x0000000718a00000, 0x0000000718a00000|100%| O|  |TAMS 0x0000000718a00000, 0x0000000718800000| Untracked 
| 162|0x0000000718a00000, 0x0000000718c00000, 0x0000000718c00000|100%|HS|  |TAMS 0x0000000718a00000, 0x0000000718a00000| Complete 
| 163|0x0000000718c00000, 0x0000000718e00000, 0x0000000718e00000|100%|HC|  |TAMS 0x0000000718c00000, 0x0000000718c00000| Complete 
| 164|0x0000000718e00000, 0x0000000719000000, 0x0000000719000000|100%|HC|  |TAMS 0x0000000718e00000, 0x0000000718e00000| Complete 
| 165|0x0000000719000000, 0x0000000719200000, 0x0000000719200000|100%|HC|  |TAMS 0x0000000719000000, 0x0000000719000000| Complete 
| 166|0x0000000719200000, 0x0000000719400000, 0x0000000719400000|100%|HC|  |TAMS 0x0000000719200000, 0x0000000719200000| Complete 
| 167|0x0000000719400000, 0x0000000719600000, 0x0000000719600000|100%|HC|  |TAMS 0x0000000719400000, 0x0000000719400000| Complete 
| 168|0x0000000719600000, 0x0000000719800000, 0x0000000719800000|100%|HC|  |TAMS 0x0000000719600000, 0x0000000719600000| Complete 
| 169|0x0000000719800000, 0x0000000719a00000, 0x0000000719a00000|100%|HC|  |TAMS 0x0000000719800000, 0x0000000719800000| Complete 
| 170|0x0000000719a00000, 0x0000000719c00000, 0x0000000719c00000|100%|HC|  |TAMS 0x0000000719a00000, 0x0000000719a00000| Complete 
| 171|0x0000000719c00000, 0x0000000719e00000, 0x0000000719e00000|100%|HC|  |TAMS 0x0000000719c00000, 0x0000000719c00000| Complete 
| 172|0x0000000719e00000, 0x000000071a000000, 0x000000071a000000|100%|HC|  |TAMS 0x0000000719e00000, 0x0000000719e00000| Complete 
| 173|0x000000071a000000, 0x000000071a200000, 0x000000071a200000|100%|HC|  |TAMS 0x000000071a000000, 0x000000071a000000| Complete 
| 174|0x000000071a200000, 0x000000071a400000, 0x000000071a400000|100%|HC|  |TAMS 0x000000071a200000, 0x000000071a200000| Complete 
| 175|0x000000071a400000, 0x000000071a600000, 0x000000071a600000|100%|HC|  |TAMS 0x000000071a400000, 0x000000071a400000| Complete 
| 176|0x000000071a600000, 0x000000071a800000, 0x000000071a800000|100%|HC|  |TAMS 0x000000071a600000, 0x000000071a600000| Complete 
| 177|0x000000071a800000, 0x000000071a800000, 0x000000071aa00000|  0%| F|  |TAMS 0x000000071a800000, 0x000000071a800000| Untracked 
| 178|0x000000071aa00000, 0x000000071aa00000, 0x000000071ac00000|  0%| F|  |TAMS 0x000000071aa00000, 0x000000071aa00000| Untracked 
| 179|0x000000071ac00000, 0x000000071ac00000, 0x000000071ae00000|  0%| F|  |TAMS 0x000000071ac00000, 0x000000071ac00000| Untracked 
| 180|0x000000071ae00000, 0x000000071ae00000, 0x000000071b000000|  0%| F|  |TAMS 0x000000071ae00000, 0x000000071ae00000| Untracked 
| 181|0x000000071b000000, 0x000000071b000000, 0x000000071b200000|  0%| F|  |TAMS 0x000000071b000000, 0x000000071b000000| Untracked 
| 182|0x000000071b200000, 0x000000071b200000, 0x000000071b400000|  0%| F|  |TAMS 0x000000071b200000, 0x000000071b200000| Untracked 
| 183|0x000000071b400000, 0x000000071b400000, 0x000000071b600000|  0%| F|  |TAMS 0x000000071b400000, 0x000000071b400000| Untracked 
| 184|0x000000071b600000, 0x000000071b600000, 0x000000071b800000|  0%| F|  |TAMS 0x000000071b600000, 0x000000071b600000| Untracked 
| 185|0x000000071b800000, 0x000000071b800000, 0x000000071ba00000|  0%| F|  |TAMS 0x000000071b800000, 0x000000071b800000| Untracked 
| 186|0x000000071ba00000, 0x000000071ba00000, 0x000000071bc00000|  0%| F|  |TAMS 0x000000071ba00000, 0x000000071ba00000| Untracked 
| 187|0x000000071bc00000, 0x000000071bc00000, 0x000000071be00000|  0%| F|  |TAMS 0x000000071bc00000, 0x000000071bc00000| Untracked 
| 188|0x000000071be00000, 0x000000071be21020, 0x000000071c000000|  6%| S|CS|TAMS 0x000000071be00000, 0x000000071be00000| Complete 
| 189|0x000000071c000000, 0x000000071c200000, 0x000000071c200000|100%| S|CS|TAMS 0x000000071c000000, 0x000000071c000000| Complete 
| 190|0x000000071c200000, 0x000000071c200000, 0x000000071c400000|  0%| F|  |TAMS 0x000000071c200000, 0x000000071c200000| Untracked 
| 191|0x000000071c400000, 0x000000071c400000, 0x000000071c600000|  0%| F|  |TAMS 0x000000071c400000, 0x000000071c400000| Untracked 
| 192|0x000000071c600000, 0x000000071c600000, 0x000000071c800000|  0%| F|  |TAMS 0x000000071c600000, 0x000000071c600000| Untracked 
| 193|0x000000071c800000, 0x000000071c800000, 0x000000071ca00000|  0%| F|  |TAMS 0x000000071c800000, 0x000000071c800000| Untracked 
| 194|0x000000071ca00000, 0x000000071ca00000, 0x000000071cc00000|  0%| F|  |TAMS 0x000000071ca00000, 0x000000071ca00000| Untracked 
| 195|0x000000071cc00000, 0x000000071cc00000, 0x000000071ce00000|  0%| F|  |TAMS 0x000000071cc00000, 0x000000071cc00000| Untracked 
| 196|0x000000071ce00000, 0x000000071ce00000, 0x000000071d000000|  0%| F|  |TAMS 0x000000071ce00000, 0x000000071ce00000| Untracked 
| 197|0x000000071d000000, 0x000000071d000000, 0x000000071d200000|  0%| F|  |TAMS 0x000000071d000000, 0x000000071d000000| Untracked 
| 198|0x000000071d200000, 0x000000071d200000, 0x000000071d400000|  0%| F|  |TAMS 0x000000071d200000, 0x000000071d200000| Untracked 
| 199|0x000000071d400000, 0x000000071d400000, 0x000000071d600000|  0%| F|  |TAMS 0x000000071d400000, 0x000000071d400000| Untracked 
| 200|0x000000071d600000, 0x000000071d600000, 0x000000071d800000|  0%| F|  |TAMS 0x000000071d600000, 0x000000071d600000| Untracked 
| 201|0x000000071d800000, 0x000000071d800000, 0x000000071da00000|  0%| F|  |TAMS 0x000000071d800000, 0x000000071d800000| Untracked 
| 202|0x000000071da00000, 0x000000071da00000, 0x000000071dc00000|  0%| F|  |TAMS 0x000000071da00000, 0x000000071da00000| Untracked 
| 203|0x000000071dc00000, 0x000000071dc00000, 0x000000071de00000|  0%| F|  |TAMS 0x000000071dc00000, 0x000000071dc00000| Untracked 
| 204|0x000000071de00000, 0x000000071de00000, 0x000000071e000000|  0%| F|  |TAMS 0x000000071de00000, 0x000000071de00000| Untracked 
| 205|0x000000071e000000, 0x000000071e200000, 0x000000071e200000|100%| O|  |TAMS 0x000000071e200000, 0x000000071e000000| Untracked 
| 206|0x000000071e200000, 0x000000071e200000, 0x000000071e400000|  0%| F|  |TAMS 0x000000071e200000, 0x000000071e200000| Untracked 
| 207|0x000000071e400000, 0x000000071e400000, 0x000000071e600000|  0%| F|  |TAMS 0x000000071e400000, 0x000000071e400000| Untracked 
| 208|0x000000071e600000, 0x000000071e600000, 0x000000071e800000|  0%| F|  |TAMS 0x000000071e600000, 0x000000071e600000| Untracked 
| 209|0x000000071e800000, 0x000000071e800000, 0x000000071ea00000|  0%| F|  |TAMS 0x000000071e800000, 0x000000071e800000| Untracked 
| 210|0x000000071ea00000, 0x000000071ea00000, 0x000000071ec00000|  0%| F|  |TAMS 0x000000071ea00000, 0x000000071ea00000| Untracked 
| 211|0x000000071ec00000, 0x000000071ec00000, 0x000000071ee00000|  0%| F|  |TAMS 0x000000071ec00000, 0x000000071ec00000| Untracked 
| 212|0x000000071ee00000, 0x000000071ee00000, 0x000000071f000000|  0%| F|  |TAMS 0x000000071ee00000, 0x000000071ee00000| Untracked 
| 213|0x000000071f000000, 0x000000071f000000, 0x000000071f200000|  0%| F|  |TAMS 0x000000071f000000, 0x000000071f000000| Untracked 
| 214|0x000000071f200000, 0x000000071f200000, 0x000000071f400000|  0%| F|  |TAMS 0x000000071f200000, 0x000000071f200000| Untracked 
| 215|0x000000071f400000, 0x000000071f400000, 0x000000071f600000|  0%| F|  |TAMS 0x000000071f400000, 0x000000071f400000| Untracked 
| 216|0x000000071f600000, 0x000000071f600000, 0x000000071f800000|  0%| F|  |TAMS 0x000000071f600000, 0x000000071f600000| Untracked 
| 217|0x000000071f800000, 0x000000071f800000, 0x000000071fa00000|  0%| F|  |TAMS 0x000000071f800000, 0x000000071f800000| Untracked 
| 218|0x000000071fa00000, 0x000000071fa00000, 0x000000071fc00000|  0%| F|  |TAMS 0x000000071fa00000, 0x000000071fa00000| Untracked 
| 219|0x000000071fc00000, 0x000000071fc00000, 0x000000071fe00000|  0%| F|  |TAMS 0x000000071fc00000, 0x000000071fc00000| Untracked 
| 220|0x000000071fe00000, 0x000000071fe00000, 0x0000000720000000|  0%| F|  |TAMS 0x000000071fe00000, 0x000000071fe00000| Untracked 
| 221|0x0000000720000000, 0x0000000720000000, 0x0000000720200000|  0%| F|  |TAMS 0x0000000720000000, 0x0000000720000000| Untracked 
| 222|0x0000000720200000, 0x0000000720200000, 0x0000000720400000|  0%| F|  |TAMS 0x0000000720200000, 0x0000000720200000| Untracked 
| 223|0x0000000720400000, 0x0000000720400000, 0x0000000720600000|  0%| F|  |TAMS 0x0000000720400000, 0x0000000720400000| Untracked 
| 224|0x0000000720600000, 0x0000000720600000, 0x0000000720800000|  0%| F|  |TAMS 0x0000000720600000, 0x0000000720600000| Untracked 
| 225|0x0000000720800000, 0x0000000720800000, 0x0000000720a00000|  0%| F|  |TAMS 0x0000000720800000, 0x0000000720800000| Untracked 
| 226|0x0000000720a00000, 0x0000000720c00000, 0x0000000720c00000|100%| E|  |TAMS 0x0000000720a00000, 0x0000000720a00000| Complete 
| 227|0x0000000720c00000, 0x0000000720e00000, 0x0000000720e00000|100%| E|CS|TAMS 0x0000000720c00000, 0x0000000720c00000| Complete 
| 228|0x0000000720e00000, 0x0000000721000000, 0x0000000721000000|100%| E|CS|TAMS 0x0000000720e00000, 0x0000000720e00000| Complete 
| 229|0x0000000721000000, 0x0000000721200000, 0x0000000721200000|100%| E|CS|TAMS 0x0000000721000000, 0x0000000721000000| Complete 
| 230|0x0000000721200000, 0x0000000721400000, 0x0000000721400000|100%| E|CS|TAMS 0x0000000721200000, 0x0000000721200000| Complete 
| 231|0x0000000721400000, 0x0000000721600000, 0x0000000721600000|100%| E|CS|TAMS 0x0000000721400000, 0x0000000721400000| Complete 
| 232|0x0000000721600000, 0x0000000721800000, 0x0000000721800000|100%| E|CS|TAMS 0x0000000721600000, 0x0000000721600000| Complete 
| 233|0x0000000721800000, 0x0000000721a00000, 0x0000000721a00000|100%| E|CS|TAMS 0x0000000721800000, 0x0000000721800000| Complete 
| 234|0x0000000721a00000, 0x0000000721c00000, 0x0000000721c00000|100%| E|CS|TAMS 0x0000000721a00000, 0x0000000721a00000| Complete 
| 235|0x0000000721c00000, 0x0000000721e00000, 0x0000000721e00000|100%| E|CS|TAMS 0x0000000721c00000, 0x0000000721c00000| Complete 
| 236|0x0000000721e00000, 0x0000000722000000, 0x0000000722000000|100%| E|CS|TAMS 0x0000000721e00000, 0x0000000721e00000| Complete 
| 237|0x0000000722000000, 0x0000000722200000, 0x0000000722200000|100%| E|CS|TAMS 0x0000000722000000, 0x0000000722000000| Complete 
| 238|0x0000000722200000, 0x0000000722400000, 0x0000000722400000|100%| E|CS|TAMS 0x0000000722200000, 0x0000000722200000| Complete 
| 239|0x0000000722400000, 0x0000000722600000, 0x0000000722600000|100%| E|CS|TAMS 0x0000000722400000, 0x0000000722400000| Complete 
| 240|0x0000000722600000, 0x0000000722800000, 0x0000000722800000|100%| E|CS|TAMS 0x0000000722600000, 0x0000000722600000| Complete 
| 241|0x0000000722800000, 0x0000000722a00000, 0x0000000722a00000|100%| E|CS|TAMS 0x0000000722800000, 0x0000000722800000| Complete 
| 242|0x0000000722a00000, 0x0000000722c00000, 0x0000000722c00000|100%| E|CS|TAMS 0x0000000722a00000, 0x0000000722a00000| Complete 
| 243|0x0000000722c00000, 0x0000000722e00000, 0x0000000722e00000|100%| E|CS|TAMS 0x0000000722c00000, 0x0000000722c00000| Complete 
| 244|0x0000000722e00000, 0x0000000723000000, 0x0000000723000000|100%| E|CS|TAMS 0x0000000722e00000, 0x0000000722e00000| Complete 
| 245|0x0000000723000000, 0x0000000723200000, 0x0000000723200000|100%| E|CS|TAMS 0x0000000723000000, 0x0000000723000000| Complete 
| 246|0x0000000723200000, 0x0000000723400000, 0x0000000723400000|100%| E|CS|TAMS 0x0000000723200000, 0x0000000723200000| Complete 
| 247|0x0000000723400000, 0x0000000723600000, 0x0000000723600000|100%| E|CS|TAMS 0x0000000723400000, 0x0000000723400000| Complete 
| 248|0x0000000723600000, 0x0000000723800000, 0x0000000723800000|100%| E|CS|TAMS 0x0000000723600000, 0x0000000723600000| Complete 
| 249|0x0000000723800000, 0x0000000723a00000, 0x0000000723a00000|100%| E|CS|TAMS 0x0000000723800000, 0x0000000723800000| Complete 
| 250|0x0000000723a00000, 0x0000000723c00000, 0x0000000723c00000|100%| E|CS|TAMS 0x0000000723a00000, 0x0000000723a00000| Complete 
| 251|0x0000000723c00000, 0x0000000723e00000, 0x0000000723e00000|100%| E|CS|TAMS 0x0000000723c00000, 0x0000000723c00000| Complete 
| 252|0x0000000723e00000, 0x0000000724000000, 0x0000000724000000|100%| E|CS|TAMS 0x0000000723e00000, 0x0000000723e00000| Complete 
| 253|0x0000000724000000, 0x0000000724200000, 0x0000000724200000|100%| E|CS|TAMS 0x0000000724000000, 0x0000000724000000| Complete 
| 254|0x0000000724200000, 0x0000000724400000, 0x0000000724400000|100%| E|CS|TAMS 0x0000000724200000, 0x0000000724200000| Complete 
| 255|0x0000000724400000, 0x0000000724600000, 0x0000000724600000|100%| E|CS|TAMS 0x0000000724400000, 0x0000000724400000| Complete 
| 256|0x0000000724600000, 0x0000000724800000, 0x0000000724800000|100%| E|CS|TAMS 0x0000000724600000, 0x0000000724600000| Complete 
| 257|0x0000000724800000, 0x0000000724a00000, 0x0000000724a00000|100%| E|CS|TAMS 0x0000000724800000, 0x0000000724800000| Complete 
| 258|0x0000000724a00000, 0x0000000724c00000, 0x0000000724c00000|100%| E|CS|TAMS 0x0000000724a00000, 0x0000000724a00000| Complete 
| 259|0x0000000724c00000, 0x0000000724e00000, 0x0000000724e00000|100%| E|CS|TAMS 0x0000000724c00000, 0x0000000724c00000| Complete 
| 260|0x0000000724e00000, 0x0000000725000000, 0x0000000725000000|100%| E|CS|TAMS 0x0000000724e00000, 0x0000000724e00000| Complete 
| 261|0x0000000725000000, 0x0000000725200000, 0x0000000725200000|100%| E|CS|TAMS 0x0000000725000000, 0x0000000725000000| Complete 
| 262|0x0000000725200000, 0x0000000725400000, 0x0000000725400000|100%| E|CS|TAMS 0x0000000725200000, 0x0000000725200000| Complete 
| 263|0x0000000725400000, 0x0000000725600000, 0x0000000725600000|100%| E|CS|TAMS 0x0000000725400000, 0x0000000725400000| Complete 
| 264|0x0000000725600000, 0x0000000725800000, 0x0000000725800000|100%| E|CS|TAMS 0x0000000725600000, 0x0000000725600000| Complete 
| 265|0x0000000725800000, 0x0000000725a00000, 0x0000000725a00000|100%| E|CS|TAMS 0x0000000725800000, 0x0000000725800000| Complete 
| 266|0x0000000725a00000, 0x0000000725c00000, 0x0000000725c00000|100%| E|CS|TAMS 0x0000000725a00000, 0x0000000725a00000| Complete 
| 267|0x0000000725c00000, 0x0000000725e00000, 0x0000000725e00000|100%| E|CS|TAMS 0x0000000725c00000, 0x0000000725c00000| Complete 
| 268|0x0000000725e00000, 0x0000000726000000, 0x0000000726000000|100%| E|CS|TAMS 0x0000000725e00000, 0x0000000725e00000| Complete 
| 269|0x0000000726000000, 0x0000000726200000, 0x0000000726200000|100%| E|CS|TAMS 0x0000000726000000, 0x0000000726000000| Complete 
| 270|0x0000000726200000, 0x0000000726400000, 0x0000000726400000|100%| E|CS|TAMS 0x0000000726200000, 0x0000000726200000| Complete 
| 271|0x0000000726400000, 0x0000000726600000, 0x0000000726600000|100%| E|CS|TAMS 0x0000000726400000, 0x0000000726400000| Complete 
| 272|0x0000000726600000, 0x0000000726800000, 0x0000000726800000|100%| E|CS|TAMS 0x0000000726600000, 0x0000000726600000| Complete 
| 273|0x0000000726800000, 0x0000000726a00000, 0x0000000726a00000|100%| E|CS|TAMS 0x0000000726800000, 0x0000000726800000| Complete 
| 274|0x0000000726a00000, 0x0000000726c00000, 0x0000000726c00000|100%| E|CS|TAMS 0x0000000726a00000, 0x0000000726a00000| Complete 
| 275|0x0000000726c00000, 0x0000000726e00000, 0x0000000726e00000|100%| E|CS|TAMS 0x0000000726c00000, 0x0000000726c00000| Complete 
| 276|0x0000000726e00000, 0x0000000727000000, 0x0000000727000000|100%| E|CS|TAMS 0x0000000726e00000, 0x0000000726e00000| Complete 
| 277|0x0000000727000000, 0x0000000727200000, 0x0000000727200000|100%| E|CS|TAMS 0x0000000727000000, 0x0000000727000000| Complete 
| 278|0x0000000727200000, 0x0000000727400000, 0x0000000727400000|100%| E|CS|TAMS 0x0000000727200000, 0x0000000727200000| Complete 
| 279|0x0000000727400000, 0x0000000727600000, 0x0000000727600000|100%| E|CS|TAMS 0x0000000727400000, 0x0000000727400000| Complete 
| 280|0x0000000727600000, 0x0000000727800000, 0x0000000727800000|100%| E|CS|TAMS 0x0000000727600000, 0x0000000727600000| Complete 
| 281|0x0000000727800000, 0x0000000727a00000, 0x0000000727a00000|100%| E|CS|TAMS 0x0000000727800000, 0x0000000727800000| Complete 
| 282|0x0000000727a00000, 0x0000000727c00000, 0x0000000727c00000|100%| E|CS|TAMS 0x0000000727a00000, 0x0000000727a00000| Complete 
| 283|0x0000000727c00000, 0x0000000727e00000, 0x0000000727e00000|100%| E|CS|TAMS 0x0000000727c00000, 0x0000000727c00000| Complete 
| 284|0x0000000727e00000, 0x0000000728000000, 0x0000000728000000|100%| E|CS|TAMS 0x0000000727e00000, 0x0000000727e00000| Complete 
| 285|0x0000000728000000, 0x0000000728200000, 0x0000000728200000|100%| E|CS|TAMS 0x0000000728000000, 0x0000000728000000| Complete 
| 286|0x0000000728200000, 0x0000000728400000, 0x0000000728400000|100%| E|CS|TAMS 0x0000000728200000, 0x0000000728200000| Complete 
| 287|0x0000000728400000, 0x0000000728600000, 0x0000000728600000|100%| E|CS|TAMS 0x0000000728400000, 0x0000000728400000| Complete 
| 288|0x0000000728600000, 0x0000000728800000, 0x0000000728800000|100%| E|CS|TAMS 0x0000000728600000, 0x0000000728600000| Complete 
| 289|0x0000000728800000, 0x0000000728a00000, 0x0000000728a00000|100%| E|CS|TAMS 0x0000000728800000, 0x0000000728800000| Complete 
| 290|0x0000000728a00000, 0x0000000728c00000, 0x0000000728c00000|100%| E|CS|TAMS 0x0000000728a00000, 0x0000000728a00000| Complete 
| 291|0x0000000728c00000, 0x0000000728e00000, 0x0000000728e00000|100%| E|CS|TAMS 0x0000000728c00000, 0x0000000728c00000| Complete 
| 292|0x0000000728e00000, 0x0000000729000000, 0x0000000729000000|100%| E|CS|TAMS 0x0000000728e00000, 0x0000000728e00000| Complete 
| 293|0x0000000729000000, 0x0000000729200000, 0x0000000729200000|100%| E|CS|TAMS 0x0000000729000000, 0x0000000729000000| Complete 
| 294|0x0000000729200000, 0x0000000729400000, 0x0000000729400000|100%| E|CS|TAMS 0x0000000729200000, 0x0000000729200000| Complete 
| 295|0x0000000729400000, 0x0000000729600000, 0x0000000729600000|100%| E|CS|TAMS 0x0000000729400000, 0x0000000729400000| Complete 
| 296|0x0000000729600000, 0x0000000729800000, 0x0000000729800000|100%| E|CS|TAMS 0x0000000729600000, 0x0000000729600000| Complete 
| 297|0x0000000729800000, 0x0000000729a00000, 0x0000000729a00000|100%| E|CS|TAMS 0x0000000729800000, 0x0000000729800000| Complete 
| 298|0x0000000729a00000, 0x0000000729c00000, 0x0000000729c00000|100%| E|CS|TAMS 0x0000000729a00000, 0x0000000729a00000| Complete 
| 299|0x0000000729c00000, 0x0000000729e00000, 0x0000000729e00000|100%| E|CS|TAMS 0x0000000729c00000, 0x0000000729c00000| Complete 
| 300|0x0000000729e00000, 0x000000072a000000, 0x000000072a000000|100%| E|CS|TAMS 0x0000000729e00000, 0x0000000729e00000| Complete 
| 301|0x000000072a000000, 0x000000072a200000, 0x000000072a200000|100%| E|CS|TAMS 0x000000072a000000, 0x000000072a000000| Complete 
| 302|0x000000072a200000, 0x000000072a400000, 0x000000072a400000|100%| E|CS|TAMS 0x000000072a200000, 0x000000072a200000| Complete 
| 303|0x000000072a400000, 0x000000072a600000, 0x000000072a600000|100%| E|CS|TAMS 0x000000072a400000, 0x000000072a400000| Complete 
| 304|0x000000072a600000, 0x000000072a800000, 0x000000072a800000|100%| E|CS|TAMS 0x000000072a600000, 0x000000072a600000| Complete 
| 305|0x000000072a800000, 0x000000072aa00000, 0x000000072aa00000|100%| E|CS|TAMS 0x000000072a800000, 0x000000072a800000| Complete 
| 306|0x000000072aa00000, 0x000000072ac00000, 0x000000072ac00000|100%| E|CS|TAMS 0x000000072aa00000, 0x000000072aa00000| Complete 
| 307|0x000000072ac00000, 0x000000072ae00000, 0x000000072ae00000|100%| E|CS|TAMS 0x000000072ac00000, 0x000000072ac00000| Complete 
| 308|0x000000072ae00000, 0x000000072b000000, 0x000000072b000000|100%| E|CS|TAMS 0x000000072ae00000, 0x000000072ae00000| Complete 
| 309|0x000000072b000000, 0x000000072b200000, 0x000000072b200000|100%| E|CS|TAMS 0x000000072b000000, 0x000000072b000000| Complete 
| 310|0x000000072b200000, 0x000000072b400000, 0x000000072b400000|100%| E|CS|TAMS 0x000000072b200000, 0x000000072b200000| Complete 
| 311|0x000000072b400000, 0x000000072b600000, 0x000000072b600000|100%| E|CS|TAMS 0x000000072b400000, 0x000000072b400000| Complete 
| 312|0x000000072b600000, 0x000000072b800000, 0x000000072b800000|100%| E|CS|TAMS 0x000000072b600000, 0x000000072b600000| Complete 
| 313|0x000000072b800000, 0x000000072ba00000, 0x000000072ba00000|100%| E|CS|TAMS 0x000000072b800000, 0x000000072b800000| Complete 
| 314|0x000000072ba00000, 0x000000072bc00000, 0x000000072bc00000|100%| E|CS|TAMS 0x000000072ba00000, 0x000000072ba00000| Complete 
| 315|0x000000072bc00000, 0x000000072be00000, 0x000000072be00000|100%| E|CS|TAMS 0x000000072bc00000, 0x000000072bc00000| Complete 
| 316|0x000000072be00000, 0x000000072c000000, 0x000000072c000000|100%| E|CS|TAMS 0x000000072be00000, 0x000000072be00000| Complete 
| 317|0x000000072c000000, 0x000000072c200000, 0x000000072c200000|100%| E|CS|TAMS 0x000000072c000000, 0x000000072c000000| Complete 
| 318|0x000000072c200000, 0x000000072c400000, 0x000000072c400000|100%| E|CS|TAMS 0x000000072c200000, 0x000000072c200000| Complete 
| 319|0x000000072c400000, 0x000000072c600000, 0x000000072c600000|100%| E|CS|TAMS 0x000000072c400000, 0x000000072c400000| Complete 
| 320|0x000000072c600000, 0x000000072c800000, 0x000000072c800000|100%| E|CS|TAMS 0x000000072c600000, 0x000000072c600000| Complete 
| 321|0x000000072c800000, 0x000000072ca00000, 0x000000072ca00000|100%| E|CS|TAMS 0x000000072c800000, 0x000000072c800000| Complete 
| 322|0x000000072ca00000, 0x000000072cc00000, 0x000000072cc00000|100%| E|CS|TAMS 0x000000072ca00000, 0x000000072ca00000| Complete 
| 323|0x000000072cc00000, 0x000000072ce00000, 0x000000072ce00000|100%| E|CS|TAMS 0x000000072cc00000, 0x000000072cc00000| Complete 
| 324|0x000000072ce00000, 0x000000072d000000, 0x000000072d000000|100%| E|CS|TAMS 0x000000072ce00000, 0x000000072ce00000| Complete 
| 325|0x000000072d000000, 0x000000072d200000, 0x000000072d200000|100%| E|CS|TAMS 0x000000072d000000, 0x000000072d000000| Complete 

Card table byte_map: [0x0000023e50a70000,0x0000023e51250000] _byte_map_base: 0x0000023e4d24d000

Marking Bits (Prev, Next): (CMBitMap*) 0x0000023e36e48650, (CMBitMap*) 0x0000023e36e48690
 Prev Bits: [0x0000023e51a30000, 0x0000023e55918000)
 Next Bits: [0x0000023e55920000, 0x0000023e59808000)

Polling page: 0x0000023e407f0000

Metaspace:

Usage:
  Non-class:     96.55 MB used.
      Class:     11.98 MB used.
       Both:    108.53 MB used.

Virtual space:
  Non-class space:      128.00 MB reserved,      97.38 MB ( 76%) committed,  2 nodes.
      Class space:        1.00 GB reserved,      12.81 MB (  1%) committed,  1 nodes.
             Both:        1.12 GB reserved,     110.19 MB ( 10%) committed. 

Chunk freelists:
   Non-Class:  14.89 MB
       Class:  3.55 MB
        Both:  18.44 MB

MaxMetaspaceSize: unlimited
CompressedClassSpaceSize: 1.00 GB
Initial GC threshold: 21.00 MB
Current GC threshold: 182.75 MB
CDS: off
MetaspaceReclaimPolicy: balanced
 - commit_granule_bytes: 65536.
 - commit_granule_words: 8192.
 - virtual_space_node_default_size: 8388608.
 - enlarge_chunks_in_place: 1.
 - new_chunks_are_fully_committed: 0.
 - uncommit_free_chunks: 1.
 - use_allocation_guard: 0.
 - handle_deallocations: 1.


Internal statistics:

num_allocs_failed_limit: 3.
num_arena_births: 1746.
num_arena_deaths: 746.
num_vsnodes_births: 3.
num_vsnodes_deaths: 0.
num_space_committed: 1770.
num_space_uncommitted: 8.
num_chunks_returned_to_freelist: 990.
num_chunks_taken_from_freelist: 5069.
num_chunk_merges: 407.
num_chunk_splits: 3449.
num_chunks_enlarged: 2362.
num_inconsistent_stats: 0.

CodeHeap 'non-profiled nmethods': size=120000Kb used=17876Kb max_used=17876Kb free=102123Kb
 bounds [0x0000023e482e0000, 0x0000023e49470000, 0x0000023e4f810000]
CodeHeap 'profiled nmethods': size=120000Kb used=30796Kb max_used=31509Kb free=89203Kb
 bounds [0x0000023e40810000, 0x0000023e426e0000, 0x0000023e47d40000]
CodeHeap 'non-nmethods': size=5760Kb used=1666Kb max_used=1735Kb free=4094Kb
 bounds [0x0000023e47d40000, 0x0000023e47fb0000, 0x0000023e482e0000]
 total_blobs=15893 nmethods=14829 adapters=973
 compilation: enabled
              stopped_count=0, restarted_count=0
 full_count=0

Compilation events (20 events):
Event: 15905.404 Thread 0x0000023e5c411340 nmethod 19934 0x0000023e425ad010 code [0x0000023e425ad240, 0x0000023e425ad9f8]
Event: 15905.404 Thread 0x0000023e5c411340 19935       3       sun.java2d.marlin.Stroker::init (251 bytes)
Event: 15905.406 Thread 0x0000023e5c411340 nmethod 19935 0x0000023e425ac710 code [0x0000023e425ac900, 0x0000023e425ace28]
Event: 15905.455 Thread 0x0000023e5c411340 19937       3       java.util.IdentityHashMap$ValueIterator::next (12 bytes)
Event: 15905.456 Thread 0x0000023e5c411340 nmethod 19937 0x0000023e42540690 code [0x0000023e42540840, 0x0000023e42540a48]
Event: 15905.456 Thread 0x0000023e5c411340 19938   !   3       java.awt.Toolkit::setDesktopProperty (81 bytes)
Event: 15905.461 Thread 0x0000023e5c411340 nmethod 19938 0x0000023e425aba10 code [0x0000023e425abc20, 0x0000023e425ac488]
Event: 15905.839 Thread 0x0000023e5c411340 19939       3       jdk.internal.math.FloatingDecimal$BinaryToASCIIBuffer::dtoa (1509 bytes)
Event: 15905.895 Thread 0x0000023e5c411340 nmethod 19939 0x0000023e42650190 code [0x0000023e42650620, 0x0000023e42652eb8]
Event: 15906.206 Thread 0x0000023e5c3d5c10 19940       4       sun.java2d.marlin.MarlinTileGenerator::getAlphaRLE (1749 bytes)
Event: 15906.209 Thread 0x0000023e5c411340 19941       3       sun.java2d.marlin.TransformingPathConsumer2D$ClosedPathDetector::moveTo (17 bytes)
Event: 15906.212 Thread 0x0000023e5c411340 nmethod 19941 0x0000023e425ab410 code [0x0000023e425ab5c0, 0x0000023e425ab878]
Event: 15906.212 Thread 0x0000023e5c411340 19942       3       sun.java2d.marlin.TransformingPathConsumer2D$ClosedPathDetector::pathDone (19 bytes)
Event: 15906.213 Thread 0x0000023e5c411340 nmethod 19942 0x0000023e42508f10 code [0x0000023e425090e0, 0x0000023e42509428]
Event: 15906.223 Thread 0x0000023e5c411340 19943       3       javax.swing.ScrollPaneLayout::minimumLayoutSize (339 bytes)
Event: 15906.243 Thread 0x0000023e5c411340 nmethod 19943 0x0000023e4264e610 code [0x0000023e4264e8a0, 0x0000023e4264fba8]
Event: 15906.245 Thread 0x0000023e5c411340 19944       3       com.st.microxplorer.peripheralpanel.IPContextTable$IPContextTableModel::getColumnIndexByName (34 bytes)
Event: 15906.247 Thread 0x0000023e5c411340 nmethod 19944 0x0000023e4264e090 code [0x0000023e4264e240, 0x0000023e4264e4e8]
Event: 15906.248 Thread 0x0000023e5c411340 19945       1       javax.swing.tree.AbstractLayoutCache::isRootVisible (5 bytes)
Event: 15906.248 Thread 0x0000023e5c411340 nmethod 19945 0x0000023e49268a90 code [0x0000023e49268c20, 0x0000023e49268cf8]

GC Heap History (20 events):
Event: 10773.821 GC heap before
{Heap before GC invocations=109 (full 0):
 garbage-first heap   total 667648K, used 582032K [0x0000000704600000, 0x0000000800000000)
  region size 2048K, 159 young (325632K), 8 survivors (16384K)
 Metaspace       used 103734K, committed 105024K, reserved 1179648K
  class space    used 11504K, committed 12096K, reserved 1048576K
}
Event: 10773.831 GC heap after
{Heap after GC invocations=110 (full 0):
 garbage-first heap   total 667648K, used 272839K [0x0000000704600000, 0x0000000800000000)
  region size 2048K, 8 young (16384K), 8 survivors (16384K)
 Metaspace       used 103734K, committed 105024K, reserved 1179648K
  class space    used 11504K, committed 12096K, reserved 1048576K
}
Event: 15173.815 GC heap before
{Heap before GC invocations=110 (full 0):
 garbage-first heap   total 667648K, used 582087K [0x0000000704600000, 0x0000000800000000)
  region size 2048K, 159 young (325632K), 8 survivors (16384K)
 Metaspace       used 104543K, committed 105984K, reserved 1179648K
  class space    used 11575K, committed 12224K, reserved 1048576K
}
Event: 15173.850 GC heap after
{Heap after GC invocations=111 (full 0):
 garbage-first heap   total 667648K, used 309247K [0x0000000704600000, 0x0000000800000000)
  region size 2048K, 20 young (40960K), 20 survivors (40960K)
 Metaspace       used 104543K, committed 105984K, reserved 1179648K
  class space    used 11575K, committed 12224K, reserved 1048576K
}
Event: 15174.942 GC heap before
{Heap before GC invocations=111 (full 0):
 garbage-first heap   total 667648K, used 546815K [0x0000000704600000, 0x0000000800000000)
  region size 2048K, 137 young (280576K), 20 survivors (40960K)
 Metaspace       used 109566K, committed 111040K, reserved 1179648K
  class space    used 12178K, committed 12800K, reserved 1048576K
}
Event: 15174.972 GC heap after
{Heap after GC invocations=112 (full 0):
 garbage-first heap   total 667648K, used 317941K [0x0000000704600000, 0x0000000800000000)
  region size 2048K, 4 young (8192K), 4 survivors (8192K)
 Metaspace       used 109566K, committed 111040K, reserved 1179648K
  class space    used 12178K, committed 12800K, reserved 1048576K
}
Event: 15175.372 GC heap before
{Heap before GC invocations=112 (full 0):
 garbage-first heap   total 667648K, used 555509K [0x0000000704600000, 0x0000000800000000)
  region size 2048K, 120 young (245760K), 4 survivors (8192K)
 Metaspace       used 109639K, committed 111104K, reserved 1179648K
  class space    used 12178K, committed 12800K, reserved 1048576K
}
Event: 15175.376 GC heap after
{Heap after GC invocations=113 (full 0):
 garbage-first heap   total 667648K, used 318265K [0x0000000704600000, 0x0000000800000000)
  region size 2048K, 4 young (8192K), 4 survivors (8192K)
 Metaspace       used 109639K, committed 111104K, reserved 1179648K
  class space    used 12178K, committed 12800K, reserved 1048576K
}
Event: 15175.703 GC heap before
{Heap before GC invocations=113 (full 0):
 garbage-first heap   total 667648K, used 561977K [0x0000000704600000, 0x0000000800000000)
  region size 2048K, 123 young (251904K), 4 survivors (8192K)
 Metaspace       used 109685K, committed 111104K, reserved 1179648K
  class space    used 12178K, committed 12800K, reserved 1048576K
}
Event: 15175.708 GC heap after
{Heap after GC invocations=114 (full 0):
 garbage-first heap   total 667648K, used 321844K [0x0000000704600000, 0x0000000800000000)
  region size 2048K, 6 young (12288K), 6 survivors (12288K)
 Metaspace       used 109685K, committed 111104K, reserved 1179648K
  class space    used 12178K, committed 12800K, reserved 1048576K
}
Event: 15176.232 GC heap before
{Heap before GC invocations=114 (full 0):
 garbage-first heap   total 667648K, used 565556K [0x0000000704600000, 0x0000000800000000)
  region size 2048K, 125 young (256000K), 6 survivors (12288K)
 Metaspace       used 109815K, committed 111296K, reserved 1179648K
  class space    used 12184K, committed 12864K, reserved 1048576K
}
Event: 15176.237 GC heap after
{Heap after GC invocations=115 (full 0):
 garbage-first heap   total 667648K, used 323903K [0x0000000704600000, 0x0000000800000000)
  region size 2048K, 7 young (14336K), 7 survivors (14336K)
 Metaspace       used 109815K, committed 111296K, reserved 1179648K
  class space    used 12184K, committed 12864K, reserved 1048576K
}
Event: 15177.114 GC heap before
{Heap before GC invocations=115 (full 0):
 garbage-first heap   total 667648K, used 567615K [0x0000000704600000, 0x0000000800000000)
  region size 2048K, 127 young (260096K), 7 survivors (14336K)
 Metaspace       used 110235K, committed 111808K, reserved 1179648K
  class space    used 12223K, committed 12928K, reserved 1048576K
}
Event: 15177.121 GC heap after
{Heap after GC invocations=116 (full 0):
 garbage-first heap   total 667648K, used 328523K [0x0000000704600000, 0x0000000800000000)
  region size 2048K, 9 young (18432K), 9 survivors (18432K)
 Metaspace       used 110235K, committed 111808K, reserved 1179648K
  class space    used 12223K, committed 12928K, reserved 1048576K
}
Event: 15178.599 GC heap before
{Heap before GC invocations=116 (full 0):
 garbage-first heap   total 667648K, used 570187K [0x0000000704600000, 0x0000000800000000)
  region size 2048K, 128 young (262144K), 9 survivors (18432K)
 Metaspace       used 110441K, committed 111936K, reserved 1179648K
  class space    used 12242K, committed 12928K, reserved 1048576K
}
Event: 15178.605 GC heap after
{Heap after GC invocations=117 (full 0):
 garbage-first heap   total 667648K, used 326288K [0x0000000704600000, 0x0000000800000000)
  region size 2048K, 6 young (12288K), 6 survivors (12288K)
 Metaspace       used 110441K, committed 111936K, reserved 1179648K
  class space    used 12242K, committed 12928K, reserved 1048576K
}
Event: 15179.241 GC heap before
{Heap before GC invocations=117 (full 0):
 garbage-first heap   total 667648K, used 549520K [0x0000000704600000, 0x0000000800000000)
  region size 2048K, 117 young (239616K), 6 survivors (12288K)
 Metaspace       used 111148K, committed 112768K, reserved 1179648K
  class space    used 12330K, committed 13056K, reserved 1048576K
}
Event: 15179.443 GC heap after
{Heap after GC invocations=118 (full 1):
 garbage-first heap   total 667648K, used 295642K [0x0000000704600000, 0x0000000800000000)
  region size 2048K, 0 young (0K), 0 survivors (0K)
 Metaspace       used 109331K, committed 112256K, reserved 1179648K
  class space    used 12078K, committed 13056K, reserved 1048576K
}
Event: 15525.331 GC heap before
{Heap before GC invocations=118 (full 1):
 garbage-first heap   total 667648K, used 572122K [0x0000000704600000, 0x0000000800000000)
  region size 2048K, 135 young (276480K), 0 survivors (0K)
 Metaspace       used 111116K, committed 112832K, reserved 1179648K
  class space    used 12271K, committed 13120K, reserved 1048576K
}
Event: 15525.332 GC heap after
{Heap after GC invocations=119 (full 1):
 garbage-first heap   total 667648K, used 297822K [0x0000000704600000, 0x0000000800000000)
  region size 2048K, 2 young (4096K), 2 survivors (4096K)
 Metaspace       used 111116K, committed 112832K, reserved 1179648K
  class space    used 12271K, committed 13120K, reserved 1048576K
}

Dll operation events (20 events):
Event: 0.035 Loaded shared library C:\Program Files\STMicroelectronics\STM32Cube\STM32CubeMX\jre\bin\java.dll
Event: 0.147 Loaded shared library C:\Program Files\STMicroelectronics\STM32Cube\STM32CubeMX\jre\bin\jsvml.dll
Event: 0.353 Loaded shared library C:\Program Files\STMicroelectronics\STM32Cube\STM32CubeMX\jre\bin\net.dll
Event: 0.359 Loaded shared library C:\Program Files\STMicroelectronics\STM32Cube\STM32CubeMX\jre\bin\nio.dll
Event: 0.453 Loaded shared library C:\Program Files\STMicroelectronics\STM32Cube\STM32CubeMX\jre\bin\zip.dll
Event: 0.594 Loaded shared library C:\Program Files\STMicroelectronics\STM32Cube\STM32CubeMX\jre\bin\jimage.dll
Event: 1.243 Loaded shared library C:\Program Files\STMicroelectronics\STM32Cube\STM32CubeMX\jre\bin\management.dll
Event: 1.263 Loaded shared library C:\Program Files\STMicroelectronics\STM32Cube\STM32CubeMX\jre\bin\management_ext.dll
Event: 2.769 Loaded shared library C:\Program Files\STMicroelectronics\STM32Cube\STM32CubeMX\jre\bin\awt.dll
Event: 3.559 Loaded shared library C:\Program Files\STMicroelectronics\STM32Cube\STM32CubeMX\jre\bin\freetype.dll
Event: 3.562 Loaded shared library C:\Program Files\STMicroelectronics\STM32Cube\STM32CubeMX\jre\bin\fontmanager.dll
Event: 4.002 Loaded shared library C:\Program Files\STMicroelectronics\STM32Cube\STM32CubeMX\jre\bin\verify.dll
Event: 4.413 Loaded shared library C:\Program Files\STMicroelectronics\STM32Cube\STM32CubeMX\jre\bin\prefs.dll
Event: 20.904 Loaded shared library C:\Program Files\STMicroelectronics\STM32Cube\STM32CubeMX\jre\bin\sunmscapi.dll
Event: 22.233 Loaded shared library C:\Program Files\STMicroelectronics\STM32Cube\STM32CubeMX\jre\bin\extnet.dll
Event: 23.007 Loaded shared library C:\Program Files\STMicroelectronics\STM32Cube\STM32CubeMX\jre\bin\javajpeg.dll
Event: 26.316 Loaded shared library C:\Users\fresh\.stm32cubemx\.jxbrowser-7.38.2\Chromium\toolkit64.dll
Event: 29.476 Loaded shared library C:\Users\fresh\.stm32cubemx\.jxbrowser-7.38.2\Chromium\ipc64.dll
Event: 47.705 Loaded shared library C:\Users\fresh\AppData\Local\Temp\sqlite-3.34.0-131d7fe9-6628-40d1-b46a-f57c1fc47958-sqlitejdbc.dll
Event: 15179.240 Loaded shared library C:\Program Files\STMicroelectronics\STM32Cube\STM32CubeMX\jre\bin\rmi.dll

Deoptimization events (20 events):
Event: 15901.694 Thread 0x0000023e61557300 DEOPT PACKING pc=0x0000023e48f07794 sp=0x000000bec50fbe30
Event: 15901.709 Thread 0x0000023e61557300 DEOPT UNPACKING pc=0x0000023e47d9a1a3 sp=0x000000bec50fbad0 mode 2
Event: 15903.105 Thread 0x0000023e61557300 Uncommon trap: trap_request=0xffffffde fr.pc=0x0000023e48cbf0e4 relative=0x0000000000002bc4
Event: 15903.105 Thread 0x0000023e61557300 Uncommon trap: reason=class_check action=maybe_recompile pc=0x0000023e48cbf0e4 method=com.st.microxplorer.stobjects.STCheckIcon.paintIcon(Ljava/awt/Component;Ljava/awt/Graphics;II)V @ 763 c2
Event: 15903.106 Thread 0x0000023e61557300 DEOPT PACKING pc=0x0000023e48cbf0e4 sp=0x000000bec50fc4e0
Event: 15903.106 Thread 0x0000023e61557300 DEOPT UNPACKING pc=0x0000023e47d9a1a3 sp=0x000000bec50fc488 mode 2
Event: 15905.326 Thread 0x0000023e61557300 Uncommon trap: trap_request=0xffffffc6 fr.pc=0x0000023e48f07794 relative=0x00000000000052f4
Event: 15905.326 Thread 0x0000023e61557300 Uncommon trap: reason=bimorphic_or_optimized_type_check action=maybe_recompile pc=0x0000023e48f07794 method=sun.java2d.SurfaceData.getTransparency()I @ 4 c2
Event: 15905.326 Thread 0x0000023e61557300 DEOPT PACKING pc=0x0000023e48f07794 sp=0x000000bec50fbe30
Event: 15905.326 Thread 0x0000023e61557300 DEOPT UNPACKING pc=0x0000023e47d9a1a3 sp=0x000000bec50fbad0 mode 2
Event: 15905.336 Thread 0x0000023e61557300 Uncommon trap: trap_request=0xffffffde fr.pc=0x0000023e48cbf0e4 relative=0x0000000000002bc4
Event: 15905.336 Thread 0x0000023e61557300 Uncommon trap: reason=class_check action=maybe_recompile pc=0x0000023e48cbf0e4 method=com.st.microxplorer.stobjects.STCheckIcon.paintIcon(Ljava/awt/Component;Ljava/awt/Graphics;II)V @ 763 c2
Event: 15905.336 Thread 0x0000023e61557300 DEOPT PACKING pc=0x0000023e48cbf0e4 sp=0x000000bec50fc4e0
Event: 15905.336 Thread 0x0000023e61557300 DEOPT UNPACKING pc=0x0000023e47d9a1a3 sp=0x000000bec50fc488 mode 2
Event: 15906.183 Thread 0x0000023e61557300 Uncommon trap: trap_request=0xffffffc6 fr.pc=0x0000023e48f07794 relative=0x00000000000052f4
Event: 15906.184 Thread 0x0000023e61557300 Uncommon trap: reason=bimorphic_or_optimized_type_check action=maybe_recompile pc=0x0000023e48f07794 method=sun.java2d.SurfaceData.getTransparency()I @ 4 c2
Event: 15906.184 Thread 0x0000023e61557300 DEOPT PACKING pc=0x0000023e48f07794 sp=0x000000bec50fbe30
Event: 15906.184 Thread 0x0000023e61557300 DEOPT UNPACKING pc=0x0000023e47d9a1a3 sp=0x000000bec50fbad0 mode 2
Event: 15906.207 Thread 0x0000023e61557300 DEOPT PACKING pc=0x0000023e42537fac sp=0x000000bec50fd270
Event: 15906.207 Thread 0x0000023e61557300 DEOPT UNPACKING pc=0x0000023e47d9ace3 sp=0x000000bec50fc670 mode 0

Classes unloaded (20 events):
Event: 15179.329 Thread 0x0000023e5c37f130 Unloading class 0x000000080030ac00 'java/lang/invoke/LambdaForm$MH+0x000000080030ac00'
Event: 15179.329 Thread 0x0000023e5c37f130 Unloading class 0x000000080030a800 'java/lang/invoke/LambdaForm$MH+0x000000080030a800'
Event: 15179.329 Thread 0x0000023e5c37f130 Unloading class 0x000000080030a400 'java/lang/invoke/LambdaForm$MH+0x000000080030a400'
Event: 15179.329 Thread 0x0000023e5c37f130 Unloading class 0x000000080030a000 'java/lang/invoke/LambdaForm$MH+0x000000080030a000'
Event: 15179.329 Thread 0x0000023e5c37f130 Unloading class 0x0000000800309c00 'java/lang/invoke/LambdaForm$MH+0x0000000800309c00'
Event: 15179.330 Thread 0x0000023e5c37f130 Unloading class 0x0000000800309800 'java/lang/invoke/LambdaForm$MH+0x0000000800309800'
Event: 15179.330 Thread 0x0000023e5c37f130 Unloading class 0x0000000800309400 'java/lang/invoke/LambdaForm$MH+0x0000000800309400'
Event: 15179.330 Thread 0x0000023e5c37f130 Unloading class 0x0000000800309000 'java/lang/invoke/LambdaForm$MH+0x0000000800309000'
Event: 15179.330 Thread 0x0000023e5c37f130 Unloading class 0x0000000800308c00 'java/lang/invoke/LambdaForm$MH+0x0000000800308c00'
Event: 15179.330 Thread 0x0000023e5c37f130 Unloading class 0x0000000800308800 'java/lang/invoke/LambdaForm$MH+0x0000000800308800'
Event: 15179.330 Thread 0x0000023e5c37f130 Unloading class 0x0000000800308400 'java/lang/invoke/LambdaForm$MH+0x0000000800308400'
Event: 15179.330 Thread 0x0000023e5c37f130 Unloading class 0x0000000800308000 'java/lang/invoke/LambdaForm$MH+0x0000000800308000'
Event: 15179.330 Thread 0x0000023e5c37f130 Unloading class 0x00000008002c5800 'java/lang/invoke/LambdaForm$MH+0x00000008002c5800'
Event: 15179.330 Thread 0x0000023e5c37f130 Unloading class 0x00000008002c5400 'java/lang/invoke/LambdaForm$MH+0x00000008002c5400'
Event: 15179.330 Thread 0x0000023e5c37f130 Unloading class 0x00000008002c5000 'java/lang/invoke/LambdaForm$MH+0x00000008002c5000'
Event: 15179.330 Thread 0x0000023e5c37f130 Unloading class 0x00000008002c4c00 'java/lang/invoke/LambdaForm$MH+0x00000008002c4c00'
Event: 15179.330 Thread 0x0000023e5c37f130 Unloading class 0x00000008002c4800 'java/lang/invoke/LambdaForm$MH+0x00000008002c4800'
Event: 15179.330 Thread 0x0000023e5c37f130 Unloading class 0x0000000800201000 'java/lang/invoke/LambdaForm$DMH+0x0000000800201000'
Event: 15179.330 Thread 0x0000023e5c37f130 Unloading class 0x0000000800200800 'java/lang/invoke/LambdaForm$DMH+0x0000000800200800'
Event: 15179.330 Thread 0x0000023e5c37f130 Unloading class 0x0000000800182400 'jdk/internal/reflect/GeneratedConstructorAccessor3'

Classes redefined (0 events):
No events

Internal exceptions (20 events):
Event: 15179.172 Thread 0x0000023e67d04840 Exception <a 'java/lang/ClassNotFoundException'{0x0000000720166098}: com/st/microxplorer/plugins/projectmanager/model/GroupCustomizer> (0x0000000720166098) 
thrown [s\src\hotspot\share\classfile\systemDictionary.cpp, line 256]
Event: 15179.220 Thread 0x0000023e67d04840 Exception <a 'java/net/SocketException'{0x000000071f8ccb78}: Socket is not connected: shutdown> (0x000000071f8ccb78) 
thrown [s\src\hotspot\share\prims\jni.cpp, line 535]
Event: 15179.540 Thread 0x0000023e67d04840 Implicit null exception at 0x0000023e48e50e6b to 0x0000023e48e51188
Event: 15194.977 Thread 0x0000023e62af9090 Implicit null exception at 0x0000023e49152081 to 0x0000023e49152578
Event: 15194.979 Thread 0x0000023e62b17250 Implicit null exception at 0x0000023e48b38202 to 0x0000023e48b38954
Event: 15195.032 Thread 0x0000023e6e8be9c0 Exception <a 'java/lang/NoSuchMethodError'{0x000000072ca257b0}: static [B.<clinit>()V> (0x000000072ca257b0) 
thrown [s\src\hotspot\share\prims\jni.cpp, line 1112]
Event: 15204.680 Thread 0x0000023e62b17250 Exception <a 'sun/net/ConnectionResetException'{0x000000072cd5dfb8}: Connection reset> (0x000000072cd5dfb8) 
thrown [s\src\hotspot\share\prims\jni.cpp, line 535]
Event: 15204.680 Thread 0x0000023e6e8be9c0 Exception <a 'sun/net/ConnectionResetException'{0x000000072ca32668}: Connection reset> (0x000000072ca32668) 
thrown [s\src\hotspot\share\prims\jni.cpp, line 535]
Event: 15204.760 Thread 0x0000023e67d04840 Exception <a 'java/io/IOException'{0x000000072cf90978}> (0x000000072cf90978) 
thrown [s\src\hotspot\share\prims\jni.cpp, line 516]
Event: 15204.760 Thread 0x0000023e67d04840 Exception <a 'java/io/IOException'{0x000000072cf90c88}> (0x000000072cf90c88) 
thrown [s\src\hotspot\share\prims\jni.cpp, line 516]
Event: 15204.761 Thread 0x0000023e67d04840 Exception <a 'java/io/IOException'{0x000000072cf92178}> (0x000000072cf92178) 
thrown [s\src\hotspot\share\prims\jni.cpp, line 516]
Event: 15204.761 Thread 0x0000023e67d04840 Exception <a 'java/io/IOException'{0x000000072cf92488}> (0x000000072cf92488) 
thrown [s\src\hotspot\share\prims\jni.cpp, line 516]
Event: 15204.762 Thread 0x0000023e67d04840 Exception <a 'java/lang/NullPointerException'{0x000000072cf94de0}> (0x000000072cf94de0) 
thrown [s\src\hotspot\share\interpreter\linkResolver.cpp, line 1350]
Event: 15204.762 Thread 0x0000023e67d04840 Exception <a 'java/io/IOException'{0x000000072cf961d0}> (0x000000072cf961d0) 
thrown [s\src\hotspot\share\prims\jni.cpp, line 516]
Event: 15204.762 Thread 0x0000023e67d04840 Exception <a 'java/io/IOException'{0x000000072cf964e0}> (0x000000072cf964e0) 
thrown [s\src\hotspot\share\prims\jni.cpp, line 516]
Event: 15204.763 Thread 0x0000023e67d04840 Exception <a 'java/lang/NullPointerException'{0x000000072cf9d3e0}> (0x000000072cf9d3e0) 
thrown [s\src\hotspot\share\interpreter\linkResolver.cpp, line 1350]
Event: 15204.763 Thread 0x0000023e67d04840 Exception <a 'java/io/IOException'{0x000000072cf9df70}> (0x000000072cf9df70) 
thrown [s\src\hotspot\share\prims\jni.cpp, line 516]
Event: 15204.763 Thread 0x0000023e67d04840 Exception <a 'java/io/IOException'{0x000000072cf9e280}> (0x000000072cf9e280) 
thrown [s\src\hotspot\share\prims\jni.cpp, line 516]
Event: 15204.782 Thread 0x0000023e61557300 Implicit null exception at 0x0000023e490a1b74 to 0x0000023e490a1d6c
Event: 15884.532 Thread 0x0000023e63d0d000 Exception <a 'sun/net/ConnectionResetException'{0x0000000724699fc0}: Connection reset> (0x0000000724699fc0) 
thrown [s\src\hotspot\share\prims\jni.cpp, line 535]

VM Operations (20 events):
Event: 15683.830 Executing VM operation: Cleanup
Event: 15683.830 Executing VM operation: Cleanup done
Event: 15881.853 Executing VM operation: Cleanup
Event: 15881.928 Executing VM operation: Cleanup done
Event: 15884.942 Executing VM operation: Cleanup
Event: 15885.331 Executing VM operation: Cleanup done
Event: 15887.335 Executing VM operation: Cleanup
Event: 15887.335 Executing VM operation: Cleanup done
Event: 15894.393 Executing VM operation: Cleanup
Event: 15894.394 Executing VM operation: Cleanup done
Event: 15895.405 Executing VM operation: Cleanup
Event: 15895.406 Executing VM operation: Cleanup done
Event: 15901.486 Executing VM operation: Cleanup
Event: 15901.502 Executing VM operation: Cleanup done
Event: 15902.504 Executing VM operation: Cleanup
Event: 15902.592 Executing VM operation: Cleanup done
Event: 15903.599 Executing VM operation: Cleanup
Event: 15903.630 Executing VM operation: Cleanup done
Event: 15904.640 Executing VM operation: Cleanup
Event: 15904.640 Executing VM operation: Cleanup done

Events (20 events):
Event: 15204.818 loading class javax/swing/JOptionPane$3 done
Event: 15207.837 Thread 0x0000023e643931f0 Thread exited: 0x0000023e643931f0
Event: 15208.009 Thread 0x0000023e67d04840 Thread exited: 0x0000023e67d04840
Event: 15264.686 Thread 0x0000023e62b17250 Thread exited: 0x0000023e62b17250
Event: 15264.686 Thread 0x0000023e6e8be9c0 Thread exited: 0x0000023e6e8be9c0
Event: 15524.827 loading class javax/swing/text/html/ListView
Event: 15524.829 loading class javax/swing/text/html/ListView done
Event: 15524.835 loading class javax/swing/text/html/ImageView$ImageHandler
Event: 15524.835 loading class javax/swing/text/html/ImageView$ImageHandler done
Event: 15524.836 loading class javax/swing/text/html/StyleSheet$ListPainter
Event: 15524.837 loading class javax/swing/text/html/StyleSheet$ListPainter done
Event: 15524.840 Thread 0x0000023e675a9920 Thread added: 0x0000023e675a9920
Event: 15525.069 Thread 0x0000023e643931f0 Thread added: 0x0000023e643931f0
Event: 15525.312 Thread 0x0000023e643931f0 Thread exited: 0x0000023e643931f0
Event: 15530.323 Thread 0x0000023e675a9920 Thread exited: 0x0000023e675a9920
Event: 15797.264 loading class java/rmi/server/Unreferenced
Event: 15798.215 loading class java/rmi/server/Unreferenced done
Event: 15884.724 Thread 0x0000023e63d0b6b0 Thread exited: 0x0000023e63d0b6b0
Event: 15884.857 Thread 0x0000023e63d0b1a0 Thread exited: 0x0000023e63d0b1a0
Event: 15884.881 Thread 0x0000023e63d0d000 Thread exited: 0x0000023e63d0d000


Dynamic libraries:
0x00007ff78af20000 - 0x00007ff78af2e000 	C:\Program Files\STMicroelectronics\STM32Cube\STM32CubeMX\jre\bin\javaw.exe
0x00007ffef3030000 - 0x00007ffef3228000 	C:\Windows\SYSTEM32\ntdll.dll
0x00007ffef2550000 - 0x00007ffef2611000 	C:\Windows\System32\KERNEL32.DLL
0x00007ffef0770000 - 0x00007ffef0a6d000 	C:\Windows\System32\KERNELBASE.dll
0x00007ffee6f50000 - 0x00007ffee6fe4000 	C:\Windows\SYSTEM32\apphelp.dll
0x00007ffef0e40000 - 0x00007ffef0f40000 	C:\Windows\System32\ucrtbase.dll
0x00007ffed6b10000 - 0x00007ffed6b27000 	C:\Program Files\STMicroelectronics\STM32Cube\STM32CubeMX\jre\bin\jli.dll
0x00007ffef1c40000 - 0x00007ffef1ddd000 	C:\Windows\System32\USER32.dll
0x00007ffef1030000 - 0x00007ffef1052000 	C:\Windows\System32\win32u.dll
0x00007ffef2620000 - 0x00007ffef264b000 	C:\Windows\System32\GDI32.dll
0x00007ffef0aa0000 - 0x00007ffef0bb7000 	C:\Windows\System32\gdi32full.dll
0x00007ffef0f90000 - 0x00007ffef102d000 	C:\Windows\System32\msvcp_win.dll
0x00007ffed6af0000 - 0x00007ffed6b0b000 	C:\Program Files\STMicroelectronics\STM32Cube\STM32CubeMX\jre\bin\VCRUNTIME140.dll
0x00007ffed6680000 - 0x00007ffed691a000 	C:\Windows\WinSxS\amd64_microsoft.windows.common-controls_6595b64144ccf1df_6.0.19041.4355_none_60b8b9eb71f62e16\COMCTL32.dll
0x00007ffef1b40000 - 0x00007ffef1bde000 	C:\Windows\System32\msvcrt.dll
0x00007ffef18e0000 - 0x00007ffef190f000 	C:\Windows\System32\IMM32.DLL
0x00007ffed2e70000 - 0x00007ffed2e7c000 	C:\Program Files\STMicroelectronics\STM32Cube\STM32CubeMX\jre\bin\vcruntime140_1.dll
0x00007ffed1bf0000 - 0x00007ffed1c7d000 	C:\Program Files\STMicroelectronics\STM32Cube\STM32CubeMX\jre\bin\msvcp140.dll
0x00007ffe8edc0000 - 0x00007ffe8fa22000 	C:\Program Files\STMicroelectronics\STM32Cube\STM32CubeMX\jre\bin\server\jvm.dll
0x00007ffef1700000 - 0x00007ffef17b0000 	C:\Windows\System32\ADVAPI32.dll
0x00007ffef1fa0000 - 0x00007ffef2040000 	C:\Windows\System32\sechost.dll
0x00007ffef17b0000 - 0x00007ffef18d3000 	C:\Windows\System32\RPCRT4.dll
0x00007ffef0a70000 - 0x00007ffef0a97000 	C:\Windows\System32\bcrypt.dll
0x00007ffeefbd0000 - 0x00007ffeefc1b000 	C:\Windows\SYSTEM32\POWRPROF.dll
0x00007ffeb74e0000 - 0x00007ffeb74e9000 	C:\Windows\SYSTEM32\WSOCK32.dll
0x00007ffef1de0000 - 0x00007ffef1e4b000 	C:\Windows\System32\WS2_32.dll
0x00007ffedfac0000 - 0x00007ffedfae7000 	C:\Windows\SYSTEM32\WINMM.dll
0x00007ffee21e0000 - 0x00007ffee21ea000 	C:\Windows\SYSTEM32\VERSION.dll
0x00007ffeefa90000 - 0x00007ffeefaa2000 	C:\Windows\SYSTEM32\UMPDC.dll
0x00007ffeeeea0000 - 0x00007ffeeeeb2000 	C:\Windows\SYSTEM32\kernel.appcore.dll
0x00007ffed1e90000 - 0x00007ffed1e9a000 	C:\Program Files\STMicroelectronics\STM32Cube\STM32CubeMX\jre\bin\jimage.dll
0x00007ffeedf00000 - 0x00007ffeee0e4000 	C:\Windows\SYSTEM32\DBGHELP.DLL
0x00007ffed6990000 - 0x00007ffed69c4000 	C:\Windows\SYSTEM32\dbgcore.DLL
0x00007ffef06e0000 - 0x00007ffef0762000 	C:\Windows\System32\bcryptPrimitives.dll
0x00007ffed1bc0000 - 0x00007ffed1be5000 	C:\Program Files\STMicroelectronics\STM32Cube\STM32CubeMX\jre\bin\java.dll
0x00007ffed1ae0000 - 0x00007ffed1bb7000 	C:\Program Files\STMicroelectronics\STM32Cube\STM32CubeMX\jre\bin\jsvml.dll
0x00007ffef2820000 - 0x00007ffef2f8f000 	C:\Windows\System32\SHELL32.dll
0x00007ffeee700000 - 0x00007ffeeee9f000 	C:\Windows\SYSTEM32\windows.storage.dll
0x00007ffef2040000 - 0x00007ffef2393000 	C:\Windows\System32\combase.dll
0x00007ffef0020000 - 0x00007ffef004e000 	C:\Windows\SYSTEM32\Wldp.dll
0x00007ffef23a0000 - 0x00007ffef246d000 	C:\Windows\System32\OLEAUT32.dll
0x00007ffef1a90000 - 0x00007ffef1b3d000 	C:\Windows\System32\SHCORE.dll
0x00007ffef2f90000 - 0x00007ffef2fe5000 	C:\Windows\System32\shlwapi.dll
0x00007ffef0610000 - 0x00007ffef0634000 	C:\Windows\SYSTEM32\profapi.dll
0x00007ffed1ac0000 - 0x00007ffed1ad9000 	C:\Program Files\STMicroelectronics\STM32Cube\STM32CubeMX\jre\bin\net.dll
0x00007ffee8960000 - 0x00007ffee8a6d000 	C:\Windows\SYSTEM32\WINHTTP.dll
0x00007ffeefe00000 - 0x00007ffeefe6a000 	C:\Windows\system32\mswsock.dll
0x00007ffed1aa0000 - 0x00007ffed1ab6000 	C:\Program Files\STMicroelectronics\STM32Cube\STM32CubeMX\jre\bin\nio.dll
0x00007ffed1a80000 - 0x00007ffed1a98000 	C:\Program Files\STMicroelectronics\STM32Cube\STM32CubeMX\jre\bin\zip.dll
0x00007ffed1a70000 - 0x00007ffed1a79000 	C:\Program Files\STMicroelectronics\STM32Cube\STM32CubeMX\jre\bin\management.dll
0x00007ffed19a0000 - 0x00007ffed19ab000 	C:\Program Files\STMicroelectronics\STM32Cube\STM32CubeMX\jre\bin\management_ext.dll
0x00007ffef1f80000 - 0x00007ffef1f88000 	C:\Windows\System32\PSAPI.DLL
0x00007ffeb4740000 - 0x00007ffeb4757000 	C:\Windows\system32\napinsp.dll
0x00007ffeb4480000 - 0x00007ffeb449b000 	C:\Windows\system32\pnrpnsp.dll
0x00007ffee9040000 - 0x00007ffee9055000 	C:\Windows\system32\wshbth.dll
0x00007ffee8a70000 - 0x00007ffee8a8d000 	C:\Windows\system32\NLAapi.dll
0x00007ffeefab0000 - 0x00007ffeefaeb000 	C:\Windows\SYSTEM32\IPHLPAPI.DLL
0x00007ffeefaf0000 - 0x00007ffeefbba000 	C:\Windows\SYSTEM32\DNSAPI.dll
0x00007ffef1f90000 - 0x00007ffef1f98000 	C:\Windows\System32\NSI.dll
0x00007ffeb00a0000 - 0x00007ffeb00b2000 	C:\Windows\System32\winrnr.dll
0x000000005c3e0000 - 0x000000005c3eb000 	C:\Program Files\National Instruments\Shared\mDNS Responder\nimdnsNSP.dll
0x000000005c3c0000 - 0x000000005c3d1000 	C:\Windows\SYSTEM32\nimdnsResponder.dll
0x00007ffee56e0000 - 0x00007ffee56ea000 	C:\Windows\System32\rasadhlp.dll
0x00007ffee3ad0000 - 0x00007ffee3b50000 	C:\Windows\System32\fwpuclnt.dll
0x00007ffed15a0000 - 0x00007ffed1730000 	C:\Program Files\STMicroelectronics\STM32Cube\STM32CubeMX\jre\bin\awt.dll
0x00007ffef0060000 - 0x00007ffef0078000 	C:\Windows\SYSTEM32\CRYPTSP.dll
0x00007ffeef6d0000 - 0x00007ffeef704000 	C:\Windows\system32\rsaenh.dll
0x00007ffef05c0000 - 0x00007ffef05ee000 	C:\Windows\SYSTEM32\USERENV.dll
0x00007ffeeff90000 - 0x00007ffeeff9c000 	C:\Windows\SYSTEM32\CRYPTBASE.dll
0x00007ffee7fe0000 - 0x00007ffee7ff7000 	C:\Windows\SYSTEM32\dhcpcsvc6.DLL
0x00007ffee7f50000 - 0x00007ffee7f6d000 	C:\Windows\SYSTEM32\dhcpcsvc.DLL
0x00007ffef2650000 - 0x00007ffef2764000 	C:\Windows\System32\MSCTF.dll
0x00007ffef1e50000 - 0x00007ffef1f7b000 	C:\Windows\System32\ole32.dll
0x00007ffeee120000 - 0x00007ffeee14f000 	C:\Windows\system32\DWMAPI.DLL
0x00007ffecc220000 - 0x00007ffecc348000 	C:\Windows\system32\opengl32.dll
0x00007ffecb3f0000 - 0x00007ffecb41c000 	C:\Windows\SYSTEM32\GLU32.dll
0x00007ffebdec0000 - 0x00007ffebdf47000 	C:\Program Files\STMicroelectronics\STM32Cube\STM32CubeMX\jre\bin\freetype.dll
0x00007ffe9f310000 - 0x00007ffe9f3f2000 	C:\Program Files\STMicroelectronics\STM32Cube\STM32CubeMX\jre\bin\fontmanager.dll
0x00007ffed1a30000 - 0x00007ffed1a40000 	C:\Program Files\STMicroelectronics\STM32Cube\STM32CubeMX\jre\bin\verify.dll
0x00007ffed1a20000 - 0x00007ffed1a29000 	C:\Program Files\STMicroelectronics\STM32Cube\STM32CubeMX\jre\bin\prefs.dll
0x00007ffee7d20000 - 0x00007ffee7d2e000 	C:\Program Files\STMicroelectronics\STM32Cube\STM32CubeMX\jre\bin\sunmscapi.dll
0x00007ffef0ce0000 - 0x00007ffef0e3e000 	C:\Windows\System32\CRYPT32.dll
0x00007ffef0170000 - 0x00007ffef0199000 	C:\Windows\SYSTEM32\ncrypt.dll
0x00007ffef0130000 - 0x00007ffef016b000 	C:\Windows\SYSTEM32\NTASN1.dll
0x00007ffef0290000 - 0x00007ffef02a2000 	C:\Windows\SYSTEM32\MSASN1.dll
0x00007ffeeeed0000 - 0x00007ffeeeef3000 	C:\Windows\SYSTEM32\gpapi.dll
0x00007ffed84a0000 - 0x00007ffed84fc000 	C:\Windows\system32\ncryptprov.dll
0x00007ffee7d10000 - 0x00007ffee7d19000 	C:\Program Files\STMicroelectronics\STM32Cube\STM32CubeMX\jre\bin\extnet.dll
0x00007ffed1a40000 - 0x00007ffed1a6d000 	C:\Program Files\STMicroelectronics\STM32Cube\STM32CubeMX\jre\bin\javajpeg.dll
0x00007ffef1910000 - 0x00007ffef19b9000 	C:\Windows\System32\clbcatq.dll
0x00007ffeed930000 - 0x00007ffeedae6000 	C:\Windows\SYSTEM32\WindowsCodecs.dll
0x00007ffe9a210000 - 0x00007ffe9a24e000 	C:\Windows\system32\dataexchange.dll
0x00007ffee9740000 - 0x00007ffee99a3000 	C:\Windows\system32\d3d11.dll
0x00007ffee6490000 - 0x00007ffee6674000 	C:\Windows\system32\dcomp.dll
0x00007ffeeef20000 - 0x00007ffeef016000 	C:\Windows\system32\dxgi.dll
0x00007ffee6c50000 - 0x00007ffee6e53000 	C:\Windows\system32\twinapi.appcore.dll
0x00007ffed56b0000 - 0x00007ffed57a9000 	C:\Windows\SYSTEM32\textinputframework.dll
0x00007ffee6130000 - 0x00007ffee648b000 	C:\Windows\System32\CoreUIComponents.dll
0x00007ffee8000000 - 0x00007ffee80f2000 	C:\Windows\System32\CoreMessaging.dll
0x00007ffeef7f0000 - 0x00007ffeef823000 	C:\Windows\SYSTEM32\ntmarta.dll
0x00007ffeec720000 - 0x00007ffeec877000 	C:\Windows\SYSTEM32\wintypes.dll
0x00007ffe8e7f0000 - 0x00007ffe8e8fb000 	C:\Users\fresh\.stm32cubemx\.jxbrowser-7.38.2\Chromium\toolkit64.dll
0x00007ffe8e590000 - 0x00007ffe8e69c000 	C:\Users\fresh\.stm32cubemx\.jxbrowser-7.38.2\Chromium\ipc64.dll
0x0000000067740000 - 0x0000000067818000 	C:\Users\fresh\AppData\Local\Temp\sqlite-3.34.0-131d7fe9-6628-40d1-b46a-f57c1fc47958-sqlitejdbc.dll
0x00007ffee8880000 - 0x00007ffee8887000 	C:\Program Files\STMicroelectronics\STM32Cube\STM32CubeMX\jre\bin\rmi.dll
0x00007ffed2ee0000 - 0x00007ffed2f8c000 	C:\Windows\SYSTEM32\TextShaping.dll

dbghelp: loaded successfully - version: 4.0.5 - missing functions: none
symbol engine: initialized successfully - sym options: 0x614 - pdb path: .;C:\Program Files\STMicroelectronics\STM32Cube\STM32CubeMX\jre\bin;C:\Windows\SYSTEM32;C:\Windows\WinSxS\amd64_microsoft.windows.common-controls_6595b64144ccf1df_6.0.19041.4355_none_60b8b9eb71f62e16;C:\Program Files\STMicroelectronics\STM32Cube\STM32CubeMX\jre\bin\server;C:\Program Files\National Instruments\Shared\mDNS Responder;C:\Users\fresh\.stm32cubemx\.jxbrowser-7.38.2\Chromium;C:\Users\fresh\AppData\Local\Temp

VM Arguments:
jvm_args: -Djavax.net.ssl.trustStoreType=WINDOWS-ROOT -Dsun.java2d.d3d=false 
java_command: com.st.microxplorer.maingui.STM32CubeMX C:\Users\fresh\STM32CubeIDE\workspace_1.16.0\project3\project3.ioc
java_class_path (initial): C:\Program Files\STMicroelectronics\STM32Cube\STM32CubeMX\STM32CubeMX.exe;anything
Launcher Type: SUN_STANDARD

[Global flags]
     intx CICompilerCount                          = 4                                         {product} {ergonomic}
     uint ConcGCThreads                            = 2                                         {product} {ergonomic}
     uint G1ConcRefinementThreads                  = 8                                         {product} {ergonomic}
   size_t G1HeapRegionSize                         = 2097152                                   {product} {ergonomic}
    uintx GCDrainStackTargetSize                   = 64                                        {product} {ergonomic}
   size_t InitialHeapSize                          = 264241152                                 {product} {ergonomic}
   size_t MarkStackSize                            = 4194304                                   {product} {ergonomic}
   size_t MaxHeapSize                              = 4221566976                                {product} {ergonomic}
   size_t MaxNewSize                               = 2531262464                                {product} {ergonomic}
   size_t MinHeapDeltaBytes                        = 2097152                                   {product} {ergonomic}
   size_t MinHeapSize                              = 8388608                                   {product} {ergonomic}
    uintx NonNMethodCodeHeapSize                   = 5839372                                {pd product} {ergonomic}
    uintx NonProfiledCodeHeapSize                  = 122909434                              {pd product} {ergonomic}
    uintx ProfiledCodeHeapSize                     = 122909434                              {pd product} {ergonomic}
    uintx ReservedCodeCacheSize                    = 251658240                              {pd product} {ergonomic}
     bool SegmentedCodeCache                       = true                                      {product} {ergonomic}
   size_t SoftMaxHeapSize                          = 4221566976                             {manageable} {ergonomic}
     bool UseCompressedClassPointers               = true                           {product lp64_product} {ergonomic}
     bool UseCompressedOops                        = true                           {product lp64_product} {ergonomic}
     bool UseG1GC                                  = true                                      {product} {ergonomic}
     bool UseLargePagesIndividualAllocation        = false                                  {pd product} {ergonomic}

Logging:
Log output configuration:
 #0: stdout all=warning uptime,level,tags
 #1: stderr all=off uptime,level,tags

Environment Variables:
CLASSPATH=C:\Program Files\swipl\lib\jpl.jar;C:\Program Files\swipl\lib\
PATH=C:\Program Files\STMicroelectronics\STM32Cube\STM32CubeMX\;C:\Program Files (x86)\Common Files\Oracle\Java\java8path;C:\Program Files (x86)\Common Files\Oracle\Java\javapath;C:\Python312\Scripts\;C:\Python312\;C:\Program Files\Eclipse Foundation\jdk-8.0.302.8-hotspot\bin;C:\Program Files\Microsoft MPI\Bin\;C:\Windows\system32;C:\Windows;C:\Windows\System32\Wbem;C:\Windows\System32\WindowsPowerShell\v1.0;C:\Windows\System32\OpenSSH;C:\msys64\clang64\bin;C:\msys64\mingw64\x86_64-w64-mingw32\bin;C:\msys64\mingw64\bin;C:\Program Files\OpenSSL-Win64\bin;C:\Program Files\dotnet;C:\opencv-3.4.6-vc16.VS2019\opencv\x64\vc16\bin;C:\Program Files\CMake\bin;C:\Program Files\Graphviz\bin;C:\Program Files\swipl\bin;C:\Program Files\PuTTY;C:\Program Files\PuTTY\;C:\Program Files\dotnet\;C:\Program Files\Nordic Semiconductor\nrf-command-line-tools\bin\;C:\Program Files (x86)\Windows Kits\10\Windows Performance Toolkit\;C:\pypy\pypy3.10-v7.3.16-win64\pypy3.10-v7.3.16-win64;C:\msys64\usr\bin;C:\Program Files\Git\cmd;C:\Program Files\PowerShell\7\;C:\_projects\Enterra\arm\10 2021.10\bin;C:\Program Files\LLVM\bin;C:\Users\fresh\.utils\llvm-mingw\bin;C:\Users\fresh\AppData\Local\Programs\Microsoft VS Code\bin;C:\Users\fresh\AppData\Local\gitkraken\bin;;C:\Program Files\STMicroelectronics\STM32Cube\STM32CubeMX\.\jre\\bin
USERNAME=fresh
OS=Windows_NT
PROCESSOR_IDENTIFIER=Intel64 Family 6 Model 140 Stepping 1, GenuineIntel
TMP=C:\Users\fresh\AppData\Local\Temp
TEMP=C:\Users\fresh\AppData\Local\Temp



Periodic native trim disabled


---------------  S Y S T E M  ---------------

OS:
 Windows 10 , 64 bit Build 19041 (10.0.19041.4717)
OS uptime: 0 days 4:28 hours
Hyper-V role detected

CPU: total 8 (initial active 8) (4 cores per cpu, 2 threads per core) family 6 model 140 stepping 1 microcode 0xb6, cx8, cmov, fxsr, ht, mmx, 3dnowpref, sse, sse2, sse3, ssse3, sse4.1, sse4.2, popcnt, lzcnt, tsc, tscinvbit, avx, avx2, aes, erms, clmul, bmi1, bmi2, adx, avx512f, avx512dq, avx512cd, avx512bw, avx512vl, sha, fma, vzeroupper, avx512_vpopcntdq, avx512_vpclmulqdq, avx512_vaes, avx512_vnni, clflush, clflushopt, clwb, avx512_vbmi2, avx512_vbmi, hv
Processor Information for all 8 processors :
  Max Mhz: 2803, Current Mhz: 1201, Mhz Limit: 1177

Memory: 4k page, system-wide physical 16103M (945M free)
TotalPageFile size 65255M (AvailPageFile size 0M)
current process WorkingSet (physical memory assigned to process): 150M, peak: 938M
current process commit charge ("private bytes"): 1010M, peak: 1025M

vm_info: OpenJDK 64-Bit Server VM (17.0.11+9) for windows-amd64 JRE (17.0.11+9), built on Apr 17 2024 06:07:48 by "admin" with MS VC++ 16.10 / 16.11 (VS2019)

END.
